Date,input_end_date,group,actual,baseline,mean,scale
2009-10-15,2009-10-14,SJC_Gold,23.64,23.84,42.11201689121255,11.149872223814771
2009-10-16,2009-10-15,SJC_Gold,23.52,23.64,42.11201689121255,11.149872223814771
2009-10-17,2009-10-16,SJC_Gold,23.62,23.52,42.11201689121255,11.149872223814771
2009-10-18,2009-10-17,SJC_Gold,23.62,23.62,42.11201689121255,11.149872223814771
2009-10-19,2009-10-18,SJC_Gold,23.7,23.62,42.11201689121255,11.149872223814771
2009-10-20,2009-10-19,SJC_Gold,23.89,23.7,42.11201689121255,11.149872223814771
2009-10-21,2009-10-20,SJC_Gold,23.79,23.89,42.11201689121255,11.149872223814771
2009-10-22,2009-10-21,SJC_Gold,23.85,23.79,42.11201689121255,11.149872223814771
2009-10-23,2009-10-22,SJC_Gold,23.94,23.85,42.11201689121255,11.149872223814771
2009-10-24,2009-10-23,SJC_Gold,23.94,23.94,42.11201689121255,11.149872223814771
2009-10-25,2009-10-24,SJC_Gold,23.94,23.94,42.11201689121255,11.149872223814771
2009-10-26,2009-10-25,SJC_Gold,23.95,23.94,42.11201689121255,11.149872223814771
2009-10-27,2009-10-26,SJC_Gold,23.86,23.95,42.11201689121255,11.149872223814771
2009-10-28,2009-10-27,SJC_Gold,23.85,23.86,42.11201689121255,11.149872223814771
2009-10-29,2009-10-28,SJC_Gold,23.78,23.85,42.11201689121255,11.149872223814771
2009-10-30,2009-10-29,SJC_Gold,23.85,23.78,42.11201689121255,11.149872223814771
2009-10-31,2009-10-30,SJC_Gold,23.88,23.85,42.11201689121255,11.149872223814771
2009-11-01,2009-10-31,SJC_Gold,23.88,23.88,42.11201689121255,11.149872223814771
2009-11-02,2009-11-01,SJC_Gold,23.95,23.88,42.11201689121255,11.149872223814771
2009-11-03,2009-11-02,SJC_Gold,24.06,23.95,42.11201689121255,11.149872223814771
2009-11-04,2009-11-03,SJC_Gold,24.75,24.06,42.11201689121255,11.149872223814771
2009-11-05,2009-11-04,SJC_Gold,24.75,24.75,42.11201689121255,11.149872223814771
2009-11-06,2009-11-05,SJC_Gold,25.36,24.75,42.11201689121255,11.149872223814771
2009-11-07,2009-11-06,SJC_Gold,25.4,25.36,42.11201689121255,11.149872223814771
2009-11-08,2009-11-07,SJC_Gold,25.4,25.4,42.11201689121255,11.149872223814771
2009-11-09,2009-11-08,SJC_Gold,26.5,25.4,42.11201689121255,11.149872223814771
2009-11-10,2009-11-09,SJC_Gold,26.75,26.5,42.11201689121255,11.149872223814771
2009-11-11,2009-11-10,SJC_Gold,27.5,26.75,42.11201689121255,11.149872223814771
2009-11-12,2009-11-11,SJC_Gold,26.0,27.5,42.11201689121255,11.149872223814771
2009-11-13,2009-11-12,SJC_Gold,26.3,26.0,42.11201689121255,11.149872223814771
2009-11-14,2009-11-13,SJC_Gold,26.8,26.3,42.11201689121255,11.149872223814771
2009-11-15,2009-11-14,SJC_Gold,26.8,26.8,42.11201689121255,11.149872223814771
2009-11-16,2009-11-15,SJC_Gold,26.8,26.8,42.11201689121255,11.149872223814771
2009-11-17,2009-11-16,SJC_Gold,26.9,26.8,42.11201689121255,11.149872223814771
2009-11-18,2009-11-17,SJC_Gold,27.17,26.9,42.11201689121255,11.149872223814771
2009-11-19,2009-11-18,SJC_Gold,27.1,27.17,42.11201689121255,11.149872223814771
2009-11-20,2009-11-19,SJC_Gold,27.36,27.1,42.11201689121255,11.149872223814771
2009-11-21,2009-11-20,SJC_Gold,27.58,27.36,42.11201689121255,11.149872223814771
2009-11-22,2009-11-21,SJC_Gold,27.58,27.58,42.11201689121255,11.149872223814771
2009-11-23,2009-11-22,SJC_Gold,28.45,27.58,42.11201689121255,11.149872223814771
2009-11-24,2009-11-23,SJC_Gold,28.57,28.45,42.11201689121255,11.149872223814771
2009-11-25,2009-11-24,SJC_Gold,28.6,28.57,42.11201689121255,11.149872223814771
2009-11-26,2009-11-25,SJC_Gold,28.68,28.6,42.11201689121255,11.149872223814771
2009-11-27,2009-11-26,SJC_Gold,28.2,28.68,42.11201689121255,11.149872223814771
2009-11-28,2009-11-27,SJC_Gold,28.25,28.2,42.11201689121255,11.149872223814771
2009-11-29,2009-11-28,SJC_Gold,28.25,28.25,42.11201689121255,11.149872223814771
2009-11-30,2009-11-29,SJC_Gold,28.0,28.25,42.11201689121255,11.149872223814771
2009-12-01,2009-11-30,SJC_Gold,28.42,28.0,42.11201689121255,11.149872223814771
2009-12-02,2009-12-01,SJC_Gold,28.7,28.42,42.11201689121255,11.149872223814771
2009-12-03,2009-12-02,SJC_Gold,28.6,28.7,42.11201689121255,11.149872223814771
2009-12-04,2009-12-03,SJC_Gold,28.53,28.6,42.11201689121255,11.149872223814771
2009-12-05,2009-12-04,SJC_Gold,28.15,28.53,42.11201689121255,11.149872223814771
2009-12-06,2009-12-05,SJC_Gold,28.15,28.15,42.11201689121255,11.149872223814771
2009-12-07,2009-12-06,SJC_Gold,27.9,28.15,42.11201689121255,11.149872223814771
2009-12-08,2009-12-07,SJC_Gold,28.06,27.9,42.11201689121255,11.149872223814771
2009-12-09,2009-12-08,SJC_Gold,27.68,28.06,42.11201689121255,11.149872223814771
2009-12-10,2009-12-09,SJC_Gold,27.37,27.68,42.11201689121255,11.149872223814771
2009-12-11,2009-12-10,SJC_Gold,27.3,27.37,42.11201689121255,11.149872223814771
2009-12-12,2009-12-11,SJC_Gold,26.9,27.3,42.11201689121255,11.149872223814771
2009-12-13,2009-12-12,SJC_Gold,26.9,26.9,42.11201689121255,11.149872223814771
2009-12-14,2009-12-13,SJC_Gold,26.92,26.9,42.11201689121255,11.149872223814771
2009-12-15,2009-12-14,SJC_Gold,27.0,26.92,42.11201689121255,11.149872223814771
2009-12-16,2009-12-15,SJC_Gold,27.13,27.0,42.11201689121255,11.149872223814771
2009-12-17,2009-12-16,SJC_Gold,27.22,27.13,42.11201689121255,11.149872223814771
2009-12-18,2009-12-17,SJC_Gold,26.86,27.22,42.11201689121255,11.149872223814771
2009-12-19,2009-12-18,SJC_Gold,27.1,26.86,42.11201689121255,11.149872223814771
2009-12-20,2009-12-19,SJC_Gold,27.1,27.1,42.11201689121255,11.149872223814771
2009-12-21,2009-12-20,SJC_Gold,27.02,27.1,42.11201689121255,11.149872223814771
2009-12-22,2009-12-21,SJC_Gold,26.68,27.02,42.11201689121255,11.149872223814771
2009-12-23,2009-12-22,SJC_Gold,26.23,26.68,42.11201689121255,11.149872223814771
2009-12-24,2009-12-23,SJC_Gold,26.5,26.23,42.11201689121255,11.149872223814771
2009-12-25,2009-12-24,SJC_Gold,26.56,26.5,42.11201689121255,11.149872223814771
2009-12-26,2009-12-25,SJC_Gold,26.6,26.56,42.11201689121255,11.149872223814771
2009-12-27,2009-12-26,SJC_Gold,26.6,26.6,42.11201689121255,11.149872223814771
2009-12-28,2009-12-27,SJC_Gold,26.88,26.6,42.11201689121255,11.149872223814771
2009-12-29,2009-12-28,SJC_Gold,26.65,26.88,42.11201689121255,11.149872223814771
2009-12-30,2009-12-29,SJC_Gold,26.48,26.65,42.11201689121255,11.149872223814771
2009-12-31,2009-12-30,SJC_Gold,26.74,26.48,42.11201689121255,11.149872223814771
2010-01-01,2009-12-31,SJC_Gold,26.74,26.74,42.11201689121255,11.149872223814771
2010-01-02,2010-01-01,SJC_Gold,26.7,26.74,42.11201689121255,11.149872223814771
2010-01-03,2010-01-02,SJC_Gold,26.7,26.7,42.11201689121255,11.149872223814771
2010-01-04,2010-01-03,SJC_Gold,26.76,26.7,42.11201689121255,11.149872223814771
2010-01-05,2010-01-04,SJC_Gold,26.96,26.76,42.11201689121255,11.149872223814771
2010-01-06,2010-01-05,SJC_Gold,26.88,26.96,42.11201689121255,11.149872223814771
2010-01-07,2010-01-06,SJC_Gold,26.98,26.88,42.11201689121255,11.149872223814771
2010-01-08,2010-01-07,SJC_Gold,26.83,26.98,42.11201689121255,11.149872223814771
2010-01-09,2010-01-08,SJC_Gold,26.93,26.83,42.11201689121255,11.149872223814771
2010-01-10,2010-01-09,SJC_Gold,26.93,26.93,42.11201689121255,11.149872223814771
2010-01-11,2010-01-10,SJC_Gold,27.18,26.93,42.11201689121255,11.149872223814771
2010-01-12,2010-01-11,SJC_Gold,27.19,27.18,42.11201689121255,11.149872223814771
2010-01-13,2010-01-12,SJC_Gold,26.93,27.19,42.11201689121255,11.149872223814771
2010-01-14,2010-01-13,SJC_Gold,26.93,26.93,42.11201689121255,11.149872223814771
2010-01-15,2010-01-14,SJC_Gold,26.88,26.93,42.11201689121255,11.149872223814771
2010-01-16,2010-01-15,SJC_Gold,26.84,26.88,42.11201689121255,11.149872223814771
2010-01-17,2010-01-16,SJC_Gold,26.84,26.84,42.11201689121255,11.149872223814771
2010-01-18,2010-01-17,SJC_Gold,26.86,26.84,42.11201689121255,11.149872223814771
2010-01-19,2010-01-18,SJC_Gold,26.87,26.86,42.11201689121255,11.149872223814771
2010-01-20,2010-01-19,SJC_Gold,26.82,26.87,42.11201689121255,11.149872223814771
2010-01-21,2010-01-20,SJC_Gold,26.6,26.82,42.11201689121255,11.149872223814771
2010-01-22,2010-01-21,SJC_Gold,26.38,26.6,42.11201689121255,11.149872223814771
2010-01-23,2010-01-22,SJC_Gold,26.42,26.38,42.11201689121255,11.149872223814771
2010-01-24,2010-01-23,SJC_Gold,26.42,26.42,42.11201689121255,11.149872223814771
2010-01-25,2010-01-24,SJC_Gold,26.5,26.42,42.11201689121255,11.149872223814771
2010-01-26,2010-01-25,SJC_Gold,26.45,26.5,42.11201689121255,11.149872223814771
2010-01-27,2010-01-26,SJC_Gold,26.44,26.45,42.11201689121255,11.149872223814771
2010-01-28,2010-01-27,SJC_Gold,26.5,26.44,42.11201689121255,11.149872223814771
2010-01-29,2010-01-28,SJC_Gold,26.43,26.5,42.11201689121255,11.149872223814771
2010-01-30,2010-01-29,SJC_Gold,26.42,26.43,42.11201689121255,11.149872223814771
2010-01-31,2010-01-30,SJC_Gold,26.42,26.42,42.11201689121255,11.149872223814771
2010-02-01,2010-01-31,SJC_Gold,26.38,26.42,42.11201689121255,11.149872223814771
2010-02-02,2010-02-01,SJC_Gold,26.45,26.38,42.11201689121255,11.149872223814771
2010-02-03,2010-02-02,SJC_Gold,26.54,26.45,42.11201689121255,11.149872223814771
2010-02-04,2010-02-03,SJC_Gold,26.43,26.54,42.11201689121255,11.149872223814771
2010-02-05,2010-02-04,SJC_Gold,25.0,26.43,42.11201689121255,11.149872223814771
2010-02-06,2010-02-05,SJC_Gold,25.3,25.0,42.11201689121255,11.149872223814771
2010-02-07,2010-02-06,SJC_Gold,25.3,25.3,42.11201689121255,11.149872223814771
2010-02-08,2010-02-07,SJC_Gold,25.18,25.3,42.11201689121255,11.149872223814771
2010-02-09,2010-02-08,SJC_Gold,25.26,25.18,42.11201689121255,11.149872223814771
2010-02-10,2010-02-09,SJC_Gold,25.76,25.26,42.11201689121255,11.149872223814771
2010-02-11,2010-02-10,SJC_Gold,26.25,25.76,42.11201689121255,11.149872223814771
2010-02-12,2010-02-11,SJC_Gold,26.42,26.25,42.11201689121255,11.149872223814771
2010-02-13,2010-02-12,SJC_Gold,26.42,26.42,42.11201689121255,11.149872223814771
2010-02-14,2010-02-13,SJC_Gold,26.42,26.42,42.11201689121255,11.149872223814771
2010-02-15,2010-02-14,SJC_Gold,26.42,26.42,42.11201689121255,11.149872223814771
2010-02-16,2010-02-15,SJC_Gold,26.42,26.42,42.11201689121255,11.149872223814771
2010-02-17,2010-02-16,SJC_Gold,26.42,26.42,42.11201689121255,11.149872223814771
2010-02-18,2010-02-17,SJC_Gold,26.65,26.42,42.11201689121255,11.149872223814771
2010-02-19,2010-02-18,SJC_Gold,26.6,26.65,42.11201689121255,11.149872223814771
2010-02-20,2010-02-19,SJC_Gold,26.75,26.6,42.11201689121255,11.149872223814771
2010-02-21,2010-02-20,SJC_Gold,26.75,26.75,42.11201689121255,11.149872223814771
2010-02-22,2010-02-21,SJC_Gold,26.68,26.75,42.11201689121255,11.149872223814771
2010-02-23,2010-02-22,SJC_Gold,26.62,26.68,42.11201689121255,11.149872223814771
2010-02-24,2010-02-23,SJC_Gold,26.45,26.62,42.11201689121255,11.149872223814771
2010-02-25,2010-02-24,SJC_Gold,26.32,26.45,42.11201689121255,11.149872223814771
2010-02-26,2010-02-25,SJC_Gold,26.47,26.32,42.11201689121255,11.149872223814771
2010-02-27,2010-02-26,SJC_Gold,26.6,26.47,42.11201689121255,11.149872223814771
2010-02-28,2010-02-27,SJC_Gold,26.6,26.6,42.11201689121255,11.149872223814771
2010-03-01,2010-02-28,SJC_Gold,26.61,26.6,42.11201689121255,11.149872223814771
2010-03-02,2010-03-01,SJC_Gold,26.58,26.61,42.11201689121255,11.149872223814771
2010-03-03,2010-03-02,SJC_Gold,26.69,26.58,42.11201689121255,11.149872223814771
2010-03-04,2010-03-03,SJC_Gold,26.76,26.69,42.11201689121255,11.149872223814771
2010-03-05,2010-03-04,SJC_Gold,26.78,26.76,42.11201689121255,11.149872223814771
2010-03-06,2010-03-05,SJC_Gold,26.78,26.78,42.11201689121255,11.149872223814771
2010-03-07,2010-03-06,SJC_Gold,26.78,26.78,42.11201689121255,11.149872223814771
2010-03-08,2010-03-07,SJC_Gold,26.82,26.78,42.11201689121255,11.149872223814771
2010-03-09,2010-03-08,SJC_Gold,26.69,26.82,42.11201689121255,11.149872223814771
2010-03-10,2010-03-09,SJC_Gold,26.67,26.69,42.11201689121255,11.149872223814771
2010-03-11,2010-03-10,SJC_Gold,26.43,26.67,42.11201689121255,11.149872223814771
2010-03-12,2010-03-11,SJC_Gold,26.57,26.43,42.11201689121255,11.149872223814771
2010-03-13,2010-03-12,SJC_Gold,26.45,26.57,42.11201689121255,11.149872223814771
2010-03-14,2010-03-13,SJC_Gold,26.45,26.45,42.11201689121255,11.149872223814771
2010-03-15,2010-03-14,SJC_Gold,26.45,26.45,42.11201689121255,11.149872223814771
2010-03-16,2010-03-15,SJC_Gold,26.49,26.45,42.11201689121255,11.149872223814771
2010-03-17,2010-03-16,SJC_Gold,26.63,26.49,42.11201689121255,11.149872223814771
2010-03-18,2010-03-17,SJC_Gold,26.51,26.63,42.11201689121255,11.149872223814771
2010-03-19,2010-03-18,SJC_Gold,26.51,26.51,42.11201689121255,11.149872223814771
2010-03-20,2010-03-19,SJC_Gold,26.4,26.51,42.11201689121255,11.149872223814771
2010-03-21,2010-03-20,SJC_Gold,26.4,26.4,42.11201689121255,11.149872223814771
2010-03-22,2010-03-21,SJC_Gold,26.4,26.4,42.11201689121255,11.149872223814771
2010-03-23,2010-03-22,SJC_Gold,26.32,26.4,42.11201689121255,11.149872223814771
2010-03-24,2010-03-23,SJC_Gold,26.1,26.32,42.11201689121255,11.149872223814771
2010-03-25,2010-03-24,SJC_Gold,25.96,26.1,42.11201689121255,11.149872223814771
2010-03-26,2010-03-25,SJC_Gold,26.17,25.96,42.11201689121255,11.149872223814771
2010-03-27,2010-03-26,SJC_Gold,26.3,26.17,42.11201689121255,11.149872223814771
2010-03-28,2010-03-27,SJC_Gold,26.3,26.3,42.11201689121255,11.149872223814771
2010-03-29,2010-03-28,SJC_Gold,26.25,26.3,42.11201689121255,11.149872223814771
2010-03-30,2010-03-29,SJC_Gold,26.24,26.25,42.11201689121255,11.149872223814771
2010-03-31,2010-03-30,SJC_Gold,26.13,26.24,42.11201689121255,11.149872223814771
2010-04-01,2010-03-31,SJC_Gold,26.13,26.13,42.11201689121255,11.149872223814771
2010-04-02,2010-04-01,SJC_Gold,26.15,26.13,42.11201689121255,11.149872223814771
2010-04-03,2010-04-02,SJC_Gold,26.16,26.15,42.11201689121255,11.149872223814771
2010-04-04,2010-04-03,SJC_Gold,26.16,26.16,42.11201689121255,11.149872223814771
2010-04-05,2010-04-04,SJC_Gold,26.17,26.16,42.11201689121255,11.149872223814771
2010-04-06,2010-04-05,SJC_Gold,26.09,26.17,42.11201689121255,11.149872223814771
2010-04-07,2010-04-06,SJC_Gold,26.15,26.09,42.11201689121255,11.149872223814771
2010-04-08,2010-04-07,SJC_Gold,26.36,26.15,42.11201689121255,11.149872223814771
2010-04-09,2010-04-08,SJC_Gold,26.53,26.36,42.11201689121255,11.149872223814771
2010-04-10,2010-04-09,SJC_Gold,26.57,26.53,42.11201689121255,11.149872223814771
2010-04-11,2010-04-10,SJC_Gold,26.57,26.57,42.11201689121255,11.149872223814771
2010-04-12,2010-04-11,SJC_Gold,26.67,26.57,42.11201689121255,11.149872223814771
2010-04-13,2010-04-12,SJC_Gold,26.42,26.67,42.11201689121255,11.149872223814771
2010-04-14,2010-04-13,SJC_Gold,26.49,26.42,42.11201689121255,11.149872223814771
2010-04-15,2010-04-14,SJC_Gold,26.47,26.49,42.11201689121255,11.149872223814771
2010-04-16,2010-04-15,SJC_Gold,26.48,26.47,42.11201689121255,11.149872223814771
2010-04-17,2010-04-16,SJC_Gold,26.33,26.48,42.11201689121255,11.149872223814771
2010-04-18,2010-04-17,SJC_Gold,26.33,26.33,42.11201689121255,11.149872223814771
2010-04-19,2010-04-18,SJC_Gold,26.21,26.33,42.11201689121255,11.149872223814771
2010-04-20,2010-04-19,SJC_Gold,26.33,26.21,42.11201689121255,11.149872223814771
2010-04-21,2010-04-20,SJC_Gold,26.36,26.33,42.11201689121255,11.149872223814771
2010-04-22,2010-04-21,SJC_Gold,26.35,26.36,42.11201689121255,11.149872223814771
2010-04-23,2010-04-22,SJC_Gold,26.31,26.35,42.11201689121255,11.149872223814771
2010-04-24,2010-04-23,SJC_Gold,26.45,26.31,42.11201689121255,11.149872223814771
2010-04-25,2010-04-24,SJC_Gold,26.45,26.45,42.11201689121255,11.149872223814771
2010-04-26,2010-04-25,SJC_Gold,26.45,26.45,42.11201689121255,11.149872223814771
2010-04-27,2010-04-26,SJC_Gold,26.41,26.45,42.11201689121255,11.149872223814771
2010-04-28,2010-04-27,SJC_Gold,26.5,26.41,42.11201689121255,11.149872223814771
2010-04-29,2010-04-28,SJC_Gold,26.56,26.5,42.11201689121255,11.149872223814771
2010-04-30,2010-04-29,SJC_Gold,26.56,26.56,42.11201689121255,11.149872223814771
2010-05-01,2010-04-30,SJC_Gold,26.56,26.56,42.11201689121255,11.149872223814771
2010-05-02,2010-05-01,SJC_Gold,26.56,26.56,42.11201689121255,11.149872223814771
2010-05-03,2010-05-02,SJC_Gold,26.56,26.56,42.11201689121255,11.149872223814771
2010-05-04,2010-05-03,SJC_Gold,26.81,26.56,42.11201689121255,11.149872223814771
2010-05-05,2010-05-04,SJC_Gold,26.69,26.81,42.11201689121255,11.149872223814771
2010-05-06,2010-05-05,SJC_Gold,26.78,26.69,42.11201689121255,11.149872223814771
2010-05-07,2010-05-06,SJC_Gold,27.3,26.78,42.11201689121255,11.149872223814771
2010-05-08,2010-05-07,SJC_Gold,27.4,27.3,42.11201689121255,11.149872223814771
2010-05-09,2010-05-08,SJC_Gold,27.4,27.4,42.11201689121255,11.149872223814771
2010-05-10,2010-05-09,SJC_Gold,27.21,27.4,42.11201689121255,11.149872223814771
2010-05-11,2010-05-10,SJC_Gold,27.54,27.21,42.11201689121255,11.149872223814771
2010-05-12,2010-05-11,SJC_Gold,28.2,27.54,42.11201689121255,11.149872223814771
2010-05-13,2010-05-12,SJC_Gold,28.17,28.2,42.11201689121255,11.149872223814771
2010-05-14,2010-05-13,SJC_Gold,28.22,28.17,42.11201689121255,11.149872223814771
2010-05-15,2010-05-14,SJC_Gold,28.15,28.22,42.11201689121255,11.149872223814771
2010-05-16,2010-05-15,SJC_Gold,28.15,28.15,42.11201689121255,11.149872223814771
2010-05-17,2010-05-16,SJC_Gold,28.17,28.15,42.11201689121255,11.149872223814771
2010-05-18,2010-05-17,SJC_Gold,27.93,28.17,42.11201689121255,11.149872223814771
2010-05-19,2010-05-18,SJC_Gold,27.77,27.93,42.11201689121255,11.149872223814771
2010-05-20,2010-05-19,SJC_Gold,27.49,27.77,42.11201689121255,11.149872223814771
2010-05-21,2010-05-20,SJC_Gold,27.43,27.49,42.11201689121255,11.149872223814771
2010-05-22,2010-05-21,SJC_Gold,27.37,27.43,42.11201689121255,11.149872223814771
2010-05-23,2010-05-22,SJC_Gold,27.37,27.37,42.11201689121255,11.149872223814771
2010-05-24,2010-05-23,SJC_Gold,27.48,27.37,42.11201689121255,11.149872223814771
2010-05-25,2010-05-24,SJC_Gold,27.6,27.48,42.11201689121255,11.149872223814771
2010-05-26,2010-05-25,SJC_Gold,27.97,27.6,42.11201689121255,11.149872223814771
2010-05-27,2010-05-26,SJC_Gold,27.82,27.97,42.11201689121255,11.149872223814771
2010-05-28,2010-05-27,SJC_Gold,27.73,27.82,42.11201689121255,11.149872223814771
2010-05-29,2010-05-28,SJC_Gold,27.74,27.73,42.11201689121255,11.149872223814771
2010-05-30,2010-05-29,SJC_Gold,27.74,27.74,42.11201689121255,11.149872223814771
2010-05-31,2010-05-30,SJC_Gold,27.72,27.74,42.11201689121255,11.149872223814771
2010-06-01,2010-05-31,SJC_Gold,27.88,27.72,42.11201689121255,11.149872223814771
2010-06-02,2010-06-01,SJC_Gold,27.88,27.88,42.11201689121255,11.149872223814771
2010-06-03,2010-06-02,SJC_Gold,27.85,27.88,42.11201689121255,11.149872223814771
2010-06-04,2010-06-03,SJC_Gold,27.69,27.85,42.11201689121255,11.149872223814771
2010-06-05,2010-06-04,SJC_Gold,27.82,27.69,42.11201689121255,11.149872223814771
2010-06-06,2010-06-05,SJC_Gold,27.82,27.82,42.11201689121255,11.149872223814771
2010-06-07,2010-06-06,SJC_Gold,27.77,27.82,42.11201689121255,11.149872223814771
2010-06-08,2010-06-07,SJC_Gold,28.35,27.77,42.11201689121255,11.149872223814771
2010-06-09,2010-06-08,SJC_Gold,28.17,28.35,42.11201689121255,11.149872223814771
2010-06-10,2010-06-09,SJC_Gold,27.97,28.17,42.11201689121255,11.149872223814771
2010-06-11,2010-06-10,SJC_Gold,27.93,27.97,42.11201689121255,11.149872223814771
2010-06-12,2010-06-11,SJC_Gold,28.01,27.93,42.11201689121255,11.149872223814771
2010-06-13,2010-06-12,SJC_Gold,28.01,28.01,42.11201689121255,11.149872223814771
2010-06-14,2010-06-13,SJC_Gold,28.09,28.01,42.11201689121255,11.149872223814771
2010-06-15,2010-06-14,SJC_Gold,27.99,28.09,42.11201689121255,11.149872223814771
2010-06-16,2010-06-15,SJC_Gold,28.16,27.99,42.11201689121255,11.149872223814771
2010-06-17,2010-06-16,SJC_Gold,28.13,28.16,42.11201689121255,11.149872223814771
2010-06-18,2010-06-17,SJC_Gold,28.33,28.13,42.11201689121255,11.149872223814771
2010-06-19,2010-06-18,SJC_Gold,28.52,28.33,42.11201689121255,11.149872223814771
2010-06-20,2010-06-19,SJC_Gold,28.52,28.52,42.11201689121255,11.149872223814771
2010-06-21,2010-06-20,SJC_Gold,28.67,28.52,42.11201689121255,11.149872223814771
2010-06-22,2010-06-21,SJC_Gold,28.32,28.67,42.11201689121255,11.149872223814771
2010-06-23,2010-06-22,SJC_Gold,28.45,28.32,42.11201689121255,11.149872223814771
2010-06-24,2010-06-23,SJC_Gold,28.4,28.45,42.11201689121255,11.149872223814771
2010-06-25,2010-06-24,SJC_Gold,28.53,28.4,42.11201689121255,11.149872223814771
2010-06-26,2010-06-25,SJC_Gold,28.66,28.53,42.11201689121255,11.149872223814771
2010-06-27,2010-06-26,SJC_Gold,28.66,28.66,42.11201689121255,11.149872223814771
2010-06-28,2010-06-27,SJC_Gold,28.68,28.66,42.11201689121255,11.149872223814771
2010-06-29,2010-06-28,SJC_Gold,28.5,28.68,42.11201689121255,11.149872223814771
2010-06-30,2010-06-29,SJC_Gold,28.6,28.5,42.11201689121255,11.149872223814771
2010-07-01,2010-06-30,SJC_Gold,28.58,28.6,42.11201689121255,11.149872223814771
2010-07-02,2010-07-01,SJC_Gold,28.36,28.58,42.11201689121255,11.149872223814771
2010-07-03,2010-07-02,SJC_Gold,28.35,28.36,42.11201689121255,11.149872223814771
2010-07-04,2010-07-03,SJC_Gold,28.35,28.35,42.11201689121255,11.149872223814771
2010-07-05,2010-07-04,SJC_Gold,28.34,28.35,42.11201689121255,11.149872223814771
2010-07-06,2010-07-05,SJC_Gold,28.35,28.34,42.11201689121255,11.149872223814771
2010-07-07,2010-07-06,SJC_Gold,28.18,28.35,42.11201689121255,11.149872223814771
2010-07-08,2010-07-07,SJC_Gold,28.29,28.18,42.11201689121255,11.149872223814771
2010-07-09,2010-07-08,SJC_Gold,28.22,28.29,42.11201689121255,11.149872223814771
2010-07-10,2010-07-09,SJC_Gold,28.33,28.22,42.11201689121255,11.149872223814771
2010-07-11,2010-07-10,SJC_Gold,28.33,28.33,42.11201689121255,11.149872223814771
2010-07-12,2010-07-11,SJC_Gold,28.24,28.33,42.11201689121255,11.149872223814771
2010-07-13,2010-07-12,SJC_Gold,28.25,28.24,42.11201689121255,11.149872223814771
2010-07-14,2010-07-13,SJC_Gold,28.26,28.25,42.11201689121255,11.149872223814771
2010-07-15,2010-07-14,SJC_Gold,28.26,28.26,42.11201689121255,11.149872223814771
2010-07-16,2010-07-15,SJC_Gold,28.22,28.26,42.11201689121255,11.149872223814771
2010-07-17,2010-07-16,SJC_Gold,28.13,28.22,42.11201689121255,11.149872223814771
2010-07-18,2010-07-17,SJC_Gold,28.13,28.13,42.11201689121255,11.149872223814771
2010-07-19,2010-07-18,SJC_Gold,28.11,28.13,42.11201689121255,11.149872223814771
2010-07-20,2010-07-19,SJC_Gold,27.98,28.11,42.11201689121255,11.149872223814771
2010-07-21,2010-07-20,SJC_Gold,28.04,27.98,42.11201689121255,11.149872223814771
2010-07-22,2010-07-21,SJC_Gold,28.01,28.04,42.11201689121255,11.149872223814771
2010-07-23,2010-07-22,SJC_Gold,28.11,28.01,42.11201689121255,11.149872223814771
2010-07-24,2010-07-23,SJC_Gold,28.04,28.11,42.11201689121255,11.149872223814771
2010-07-25,2010-07-24,SJC_Gold,28.04,28.04,42.11201689121255,11.149872223814771
2010-07-26,2010-07-25,SJC_Gold,28.03,28.04,42.11201689121255,11.149872223814771
2010-07-27,2010-07-26,SJC_Gold,27.99,28.03,42.11201689121255,11.149872223814771
2010-07-28,2010-07-27,SJC_Gold,27.72,27.99,42.11201689121255,11.149872223814771
2010-07-29,2010-07-28,SJC_Gold,27.68,27.72,42.11201689121255,11.149872223814771
2010-07-30,2010-07-29,SJC_Gold,27.68,27.68,42.11201689121255,11.149872223814771
2010-07-31,2010-07-30,SJC_Gold,27.77,27.68,42.11201689121255,11.149872223814771
2010-08-01,2010-07-31,SJC_Gold,27.77,27.77,42.11201689121255,11.149872223814771
2010-08-02,2010-08-01,SJC_Gold,27.78,27.77,42.11201689121255,11.149872223814771
2010-08-03,2010-08-02,SJC_Gold,27.79,27.78,42.11201689121255,11.149872223814771
2010-08-04,2010-08-03,SJC_Gold,27.97,27.79,42.11201689121255,11.149872223814771
2010-08-05,2010-08-04,SJC_Gold,28.02,27.97,42.11201689121255,11.149872223814771
2010-08-06,2010-08-05,SJC_Gold,28.03,28.02,42.11201689121255,11.149872223814771
2010-08-07,2010-08-06,SJC_Gold,28.15,28.03,42.11201689121255,11.149872223814771
2010-08-08,2010-08-07,SJC_Gold,28.15,28.15,42.11201689121255,11.149872223814771
2010-08-09,2010-08-08,SJC_Gold,28.17,28.15,42.11201689121255,11.149872223814771
2010-08-10,2010-08-09,SJC_Gold,28.08,28.17,42.11201689121255,11.149872223814771
2010-08-11,2010-08-10,SJC_Gold,28.06,28.08,42.11201689121255,11.149872223814771
2010-08-12,2010-08-11,SJC_Gold,28.04,28.06,42.11201689121255,11.149872223814771
2010-08-13,2010-08-12,SJC_Gold,28.19,28.04,42.11201689121255,11.149872223814771
2010-08-14,2010-08-13,SJC_Gold,28.17,28.19,42.11201689121255,11.149872223814771
2010-08-15,2010-08-14,SJC_Gold,28.17,28.17,42.11201689121255,11.149872223814771
2010-08-16,2010-08-15,SJC_Gold,28.29,28.17,42.11201689121255,11.149872223814771
2010-08-17,2010-08-16,SJC_Gold,28.46,28.29,42.11201689121255,11.149872223814771
2010-08-18,2010-08-17,SJC_Gold,28.56,28.46,42.11201689121255,11.149872223814771
2010-08-19,2010-08-18,SJC_Gold,28.77,28.56,42.11201689121255,11.149872223814771
2010-08-20,2010-08-19,SJC_Gold,28.82,28.77,42.11201689121255,11.149872223814771
2010-08-21,2010-08-20,SJC_Gold,28.75,28.82,42.11201689121255,11.149872223814771
2010-08-22,2010-08-21,SJC_Gold,28.75,28.75,42.11201689121255,11.149872223814771
2010-08-23,2010-08-22,SJC_Gold,28.76,28.75,42.11201689121255,11.149872223814771
2010-08-24,2010-08-23,SJC_Gold,28.6,28.76,42.11201689121255,11.149872223814771
2010-08-25,2010-08-24,SJC_Gold,28.91,28.6,42.11201689121255,11.149872223814771
2010-08-26,2010-08-25,SJC_Gold,29.03,28.91,42.11201689121255,11.149872223814771
2010-08-27,2010-08-26,SJC_Gold,28.96,29.03,42.11201689121255,11.149872223814771
2010-08-28,2010-08-27,SJC_Gold,28.98,28.96,42.11201689121255,11.149872223814771
2010-08-29,2010-08-28,SJC_Gold,28.98,28.98,42.11201689121255,11.149872223814771
2010-08-30,2010-08-29,SJC_Gold,28.96,28.98,42.11201689121255,11.149872223814771
2010-08-31,2010-08-30,SJC_Gold,28.95,28.96,42.11201689121255,11.149872223814771
2010-09-01,2010-08-31,SJC_Gold,29.24,28.95,42.11201689121255,11.149872223814771
2010-09-02,2010-09-01,SJC_Gold,29.19,29.24,42.11201689121255,11.149872223814771
2010-09-03,2010-09-02,SJC_Gold,29.3,29.19,42.11201689121255,11.149872223814771
2010-09-04,2010-09-03,SJC_Gold,29.24,29.3,42.11201689121255,11.149872223814771
2010-09-05,2010-09-04,SJC_Gold,29.24,29.24,42.11201689121255,11.149872223814771
2010-09-06,2010-09-05,SJC_Gold,29.26,29.24,42.11201689121255,11.149872223814771
2010-09-07,2010-09-06,SJC_Gold,29.25,29.26,42.11201689121255,11.149872223814771
2010-09-08,2010-09-07,SJC_Gold,29.49,29.25,42.11201689121255,11.149872223814771
2010-09-09,2010-09-08,SJC_Gold,29.41,29.49,42.11201689121255,11.149872223814771
2010-09-10,2010-09-09,SJC_Gold,29.3,29.41,42.11201689121255,11.149872223814771
2010-09-11,2010-09-10,SJC_Gold,29.29,29.3,42.11201689121255,11.149872223814771
2010-09-12,2010-09-11,SJC_Gold,29.29,29.29,42.11201689121255,11.149872223814771
2010-09-13,2010-09-12,SJC_Gold,29.27,29.29,42.11201689121255,11.149872223814771
2010-09-14,2010-09-13,SJC_Gold,29.37,29.27,42.11201689121255,11.149872223814771
2010-09-15,2010-09-14,SJC_Gold,29.76,29.37,42.11201689121255,11.149872223814771
2010-09-16,2010-09-15,SJC_Gold,29.74,29.76,42.11201689121255,11.149872223814771
2010-09-17,2010-09-16,SJC_Gold,30.0,29.74,42.11201689121255,11.149872223814771
2010-09-18,2010-09-17,SJC_Gold,29.9,30.0,42.11201689121255,11.149872223814771
2010-09-19,2010-09-18,SJC_Gold,29.9,29.9,42.11201689121255,11.149872223814771
2010-09-20,2010-09-19,SJC_Gold,30.04,29.9,42.11201689121255,11.149872223814771
2010-09-21,2010-09-20,SJC_Gold,30.08,30.04,42.11201689121255,11.149872223814771
2010-09-22,2010-09-21,SJC_Gold,30.29,30.08,42.11201689121255,11.149872223814771
2010-09-23,2010-09-22,SJC_Gold,30.33,30.29,42.11201689121255,11.149872223814771
2010-09-24,2010-09-23,SJC_Gold,30.46,30.33,42.11201689121255,11.149872223814771
2010-09-25,2010-09-24,SJC_Gold,30.46,30.46,42.11201689121255,11.149872223814771
2010-09-26,2010-09-25,SJC_Gold,30.46,30.46,42.11201689121255,11.149872223814771
2010-09-27,2010-09-26,SJC_Gold,30.72,30.46,42.11201689121255,11.149872223814771
2010-09-28,2010-09-27,SJC_Gold,30.61,30.72,42.11201689121255,11.149872223814771
2010-09-29,2010-09-28,SJC_Gold,31.2,30.61,42.11201689121255,11.149872223814771
2010-09-30,2010-09-29,SJC_Gold,31.25,31.2,42.11201689121255,11.149872223814771
2010-10-01,2010-09-30,SJC_Gold,31.34,31.25,42.11201689121255,11.149872223814771
2010-10-02,2010-10-01,SJC_Gold,31.48,31.34,42.11201689121255,11.149872223814771
2010-10-03,2010-10-02,SJC_Gold,31.48,31.48,42.11201689121255,11.149872223814771
2010-10-04,2010-10-03,SJC_Gold,31.58,31.48,42.11201689121255,11.149872223814771
2010-10-05,2010-10-04,SJC_Gold,31.75,31.58,42.11201689121255,11.149872223814771
2010-10-06,2010-10-05,SJC_Gold,32.8,31.75,42.11201689121255,11.149872223814771
2010-10-07,2010-10-06,SJC_Gold,32.83,32.8,42.11201689121255,11.149872223814771
2010-10-08,2010-10-07,SJC_Gold,32.1,32.83,42.11201689121255,11.149872223814771
2010-10-09,2010-10-08,SJC_Gold,32.42,32.1,42.11201689121255,11.149872223814771
2010-10-10,2010-10-09,SJC_Gold,32.42,32.42,42.11201689121255,11.149872223814771
2010-10-11,2010-10-10,SJC_Gold,32.57,32.42,42.11201689121255,11.149872223814771
2010-10-12,2010-10-11,SJC_Gold,32.49,32.57,42.11201689121255,11.149872223814771
2010-10-13,2010-10-12,SJC_Gold,32.72,32.49,42.11201689121255,11.149872223814771
2010-10-14,2010-10-13,SJC_Gold,33.14,32.72,42.11201689121255,11.149872223814771
2010-10-15,2010-10-14,SJC_Gold,33.21,33.14,42.11201689121255,11.149872223814771
2010-10-16,2010-10-15,SJC_Gold,33.15,33.21,42.11201689121255,11.149872223814771
2010-10-17,2010-10-16,SJC_Gold,33.15,33.15,42.11201689121255,11.149872223814771
2010-10-18,2010-10-17,SJC_Gold,33.15,33.15,42.11201689121255,11.149872223814771
2010-10-19,2010-10-18,SJC_Gold,33.36,33.15,42.11201689121255,11.149872223814771
2010-10-20,2010-10-19,SJC_Gold,32.97,33.36,42.11201689121255,11.149872223814771
2010-10-21,2010-10-20,SJC_Gold,33.1,32.97,42.11201689121255,11.149872223814771
2010-10-22,2010-10-21,SJC_Gold,32.74,33.1,42.11201689121255,11.149872223814771
2010-10-23,2010-10-22,SJC_Gold,32.83,32.74,42.11201689121255,11.149872223814771
2010-10-24,2010-10-23,SJC_Gold,32.83,32.83,42.11201689121255,11.149872223814771
2010-10-25,2010-10-24,SJC_Gold,32.96,32.83,42.11201689121255,11.149872223814771
2010-10-26,2010-10-25,SJC_Gold,32.89,32.96,42.11201689121255,11.149872223814771
2010-10-27,2010-10-26,SJC_Gold,32.88,32.89,42.11201689121255,11.149872223814771
2010-10-28,2010-10-27,SJC_Gold,32.85,32.88,42.11201689121255,11.149872223814771
2010-10-29,2010-10-28,SJC_Gold,33.03,32.85,42.11201689121255,11.149872223814771
2010-10-30,2010-10-29,SJC_Gold,33.4,33.03,42.11201689121255,11.149872223814771
2010-10-31,2010-10-30,SJC_Gold,33.4,33.4,42.11201689121255,11.149872223814771
2010-11-01,2010-10-31,SJC_Gold,33.55,33.4,42.11201689121255,11.149872223814771
2010-11-02,2010-11-01,SJC_Gold,33.73,33.55,42.11201689121255,11.149872223814771
2010-11-03,2010-11-02,SJC_Gold,33.8,33.73,42.11201689121255,11.149872223814771
2010-11-04,2010-11-03,SJC_Gold,34.18,33.8,42.11201689121255,11.149872223814771
2010-11-05,2010-11-04,SJC_Gold,34.9,34.18,42.11201689121255,11.149872223814771
2010-11-06,2010-11-05,SJC_Gold,35.2,34.9,42.11201689121255,11.149872223814771
2010-11-07,2010-11-06,SJC_Gold,35.2,35.2,42.11201689121255,11.149872223814771
2010-11-08,2010-11-07,SJC_Gold,35.75,35.2,42.11201689121255,11.149872223814771
2010-11-09,2010-11-08,SJC_Gold,36.7,35.75,42.11201689121255,11.149872223814771
2010-11-10,2010-11-09,SJC_Gold,36.55,36.7,42.11201689121255,11.149872223814771
2010-11-11,2010-11-10,SJC_Gold,36.3,36.55,42.11201689121255,11.149872223814771
2010-11-12,2010-11-11,SJC_Gold,35.85,36.3,42.11201689121255,11.149872223814771
2010-11-13,2010-11-12,SJC_Gold,35.1,35.85,42.11201689121255,11.149872223814771
2010-11-14,2010-11-13,SJC_Gold,35.1,35.1,42.11201689121255,11.149872223814771
2010-11-15,2010-11-14,SJC_Gold,35.0,35.1,42.11201689121255,11.149872223814771
2010-11-16,2010-11-15,SJC_Gold,34.94,35.0,42.11201689121255,11.149872223814771
2010-11-17,2010-11-16,SJC_Gold,34.44,34.94,42.11201689121255,11.149872223814771
2010-11-18,2010-11-17,SJC_Gold,35.55,34.44,42.11201689121255,11.149872223814771
2010-11-19,2010-11-18,SJC_Gold,35.65,35.55,42.11201689121255,11.149872223814771
2010-11-20,2010-11-19,SJC_Gold,35.55,35.65,42.11201689121255,11.149872223814771
2010-11-21,2010-11-20,SJC_Gold,35.55,35.55,42.11201689121255,11.149872223814771
2010-11-22,2010-11-21,SJC_Gold,35.71,35.55,42.11201689121255,11.149872223814771
2010-11-23,2010-11-22,SJC_Gold,35.67,35.71,42.11201689121255,11.149872223814771
2010-11-24,2010-11-23,SJC_Gold,35.95,35.67,42.11201689121255,11.149872223814771
2010-11-25,2010-11-24,SJC_Gold,35.78,35.95,42.11201689121255,11.149872223814771
2010-11-26,2010-11-25,SJC_Gold,35.77,35.78,42.11201689121255,11.149872223814771
2010-11-27,2010-11-26,SJC_Gold,35.71,35.77,42.11201689121255,11.149872223814771
2010-11-28,2010-11-27,SJC_Gold,35.71,35.71,42.11201689121255,11.149872223814771
2010-11-29,2010-11-28,SJC_Gold,35.78,35.71,42.11201689121255,11.149872223814771
2010-11-30,2010-11-29,SJC_Gold,35.95,35.78,42.11201689121255,11.149872223814771
2010-12-01,2010-11-30,SJC_Gold,36.33,35.95,42.11201689121255,11.149872223814771
2010-12-02,2010-12-01,SJC_Gold,36.27,36.33,42.11201689121255,11.149872223814771
2010-12-03,2010-12-02,SJC_Gold,36.16,36.27,42.11201689121255,11.149872223814771
2010-12-04,2010-12-03,SJC_Gold,36.5,36.16,42.11201689121255,11.149872223814771
2010-12-05,2010-12-04,SJC_Gold,36.5,36.5,42.11201689121255,11.149872223814771
2010-12-06,2010-12-05,SJC_Gold,36.58,36.5,42.11201689121255,11.149872223814771
2010-12-07,2010-12-06,SJC_Gold,36.57,36.58,42.11201689121255,11.149872223814771
2010-12-08,2010-12-07,SJC_Gold,35.92,36.57,42.11201689121255,11.149872223814771
2010-12-09,2010-12-08,SJC_Gold,35.79,35.92,42.11201689121255,11.149872223814771
2010-12-10,2010-12-09,SJC_Gold,35.86,35.79,42.11201689121255,11.149872223814771
2010-12-11,2010-12-10,SJC_Gold,35.84,35.86,42.11201689121255,11.149872223814771
2010-12-12,2010-12-11,SJC_Gold,35.84,35.84,42.11201689121255,11.149872223814771
2010-12-13,2010-12-12,SJC_Gold,36.1,35.84,42.11201689121255,11.149872223814771
2010-12-14,2010-12-13,SJC_Gold,36.22,36.1,42.11201689121255,11.149872223814771
2010-12-15,2010-12-14,SJC_Gold,35.94,36.22,42.11201689121255,11.149872223814771
2010-12-16,2010-12-15,SJC_Gold,35.92,35.94,42.11201689121255,11.149872223814771
2010-12-17,2010-12-16,SJC_Gold,35.8,35.92,42.11201689121255,11.149872223814771
2010-12-18,2010-12-17,SJC_Gold,35.9,35.8,42.11201689121255,11.149872223814771
2010-12-19,2010-12-18,SJC_Gold,35.9,35.9,42.11201689121255,11.149872223814771
2010-12-20,2010-12-19,SJC_Gold,35.9,35.9,42.11201689121255,11.149872223814771
2010-12-21,2010-12-20,SJC_Gold,35.84,35.9,42.11201689121255,11.149872223814771
2010-12-22,2010-12-21,SJC_Gold,35.85,35.84,42.11201689121255,11.149872223814771
2010-12-23,2010-12-22,SJC_Gold,35.81,35.85,42.11201689121255,11.149872223814771
2010-12-24,2010-12-23,SJC_Gold,35.81,35.81,42.11201689121255,11.149872223814771
2010-12-25,2010-12-24,SJC_Gold,35.85,35.81,42.11201689121255,11.149872223814771
2010-12-26,2010-12-25,SJC_Gold,35.85,35.85,42.11201689121255,11.149872223814771
2010-12-27,2010-12-26,SJC_Gold,35.81,35.85,42.11201689121255,11.149872223814771
2010-12-28,2010-12-27,SJC_Gold,35.9,35.81,42.11201689121255,11.149872223814771
2010-12-29,2010-12-28,SJC_Gold,36.02,35.9,42.11201689121255,11.149872223814771
2010-12-30,2010-12-29,SJC_Gold,36.1,36.02,42.11201689121255,11.149872223814771
2010-12-31,2010-12-30,SJC_Gold,36.0,36.1,42.11201689121255,11.149872223814771
2011-01-01,2010-12-31,SJC_Gold,36.0,36.0,42.11201689121255,11.149872223814771
2011-01-02,2011-01-01,SJC_Gold,36.0,36.0,42.11201689121255,11.149872223814771
2011-01-03,2011-01-02,SJC_Gold,36.0,36.0,42.11201689121255,11.149872223814771
2011-01-04,2011-01-03,SJC_Gold,36.14,36.0,42.11201689121255,11.149872223814771
2011-01-05,2011-01-04,SJC_Gold,35.86,36.14,42.11201689121255,11.149872223814771
2011-01-06,2011-01-05,SJC_Gold,35.83,35.86,42.11201689121255,11.149872223814771
2011-01-07,2011-01-06,SJC_Gold,35.45,35.83,42.11201689121255,11.149872223814771
2011-01-08,2011-01-07,SJC_Gold,35.45,35.45,42.11201689121255,11.149872223814771
2011-01-09,2011-01-08,SJC_Gold,35.45,35.45,42.11201689121255,11.149872223814771
2011-01-10,2011-01-09,SJC_Gold,35.71,35.45,42.11201689121255,11.149872223814771
2011-01-11,2011-01-10,SJC_Gold,35.79,35.71,42.11201689121255,11.149872223814771
2011-01-12,2011-01-11,SJC_Gold,35.84,35.79,42.11201689121255,11.149872223814771
2011-01-13,2011-01-12,SJC_Gold,35.76,35.84,42.11201689121255,11.149872223814771
2011-01-14,2011-01-13,SJC_Gold,35.63,35.76,42.11201689121255,11.149872223814771
2011-01-15,2011-01-14,SJC_Gold,35.6,35.63,42.11201689121255,11.149872223814771
2011-01-16,2011-01-15,SJC_Gold,35.6,35.6,42.11201689121255,11.149872223814771
2011-01-17,2011-01-16,SJC_Gold,35.55,35.6,42.11201689121255,11.149872223814771
2011-01-18,2011-01-17,SJC_Gold,35.64,35.55,42.11201689121255,11.149872223814771
2011-01-19,2011-01-18,SJC_Gold,35.66,35.64,42.11201689121255,11.149872223814771
2011-01-20,2011-01-19,SJC_Gold,35.56,35.66,42.11201689121255,11.149872223814771
2011-01-21,2011-01-20,SJC_Gold,35.26,35.56,42.11201689121255,11.149872223814771
2011-01-22,2011-01-21,SJC_Gold,35.26,35.26,42.11201689121255,11.149872223814771
2011-01-23,2011-01-22,SJC_Gold,35.26,35.26,42.11201689121255,11.149872223814771
2011-01-24,2011-01-23,SJC_Gold,35.37,35.26,42.11201689121255,11.149872223814771
2011-01-25,2011-01-24,SJC_Gold,35.09,35.37,42.11201689121255,11.149872223814771
2011-01-26,2011-01-25,SJC_Gold,35.18,35.09,42.11201689121255,11.149872223814771
2011-01-27,2011-01-26,SJC_Gold,35.32,35.18,42.11201689121255,11.149872223814771
2011-01-28,2011-01-27,SJC_Gold,35.14,35.32,42.11201689121255,11.149872223814771
2011-01-29,2011-01-28,SJC_Gold,35.4,35.14,42.11201689121255,11.149872223814771
2011-01-30,2011-01-29,SJC_Gold,35.54,35.4,42.11201689121255,11.149872223814771
2011-01-31,2011-01-30,SJC_Gold,35.54,35.54,42.11201689121255,11.149872223814771
2011-02-01,2011-01-31,SJC_Gold,35.54,35.54,42.11201689121255,11.149872223814771
2011-02-02,2011-02-01,SJC_Gold,35.54,35.54,42.11201689121255,11.149872223814771
2011-02-03,2011-02-02,SJC_Gold,35.54,35.54,42.11201689121255,11.149872223814771
2011-02-04,2011-02-03,SJC_Gold,35.54,35.54,42.11201689121255,11.149872223814771
2011-02-05,2011-02-04,SJC_Gold,35.54,35.54,42.11201689121255,11.149872223814771
2011-02-06,2011-02-05,SJC_Gold,35.54,35.54,42.11201689121255,11.149872223814771
2011-02-07,2011-02-06,SJC_Gold,35.54,35.54,42.11201689121255,11.149872223814771
2011-02-08,2011-02-07,SJC_Gold,35.9,35.54,42.11201689121255,11.149872223814771
2011-02-09,2011-02-08,SJC_Gold,35.93,35.9,42.11201689121255,11.149872223814771
2011-02-10,2011-02-09,SJC_Gold,35.81,35.93,42.11201689121255,11.149872223814771
2011-02-11,2011-02-10,SJC_Gold,35.96,35.81,42.11201689121255,11.149872223814771
2011-02-12,2011-02-11,SJC_Gold,35.98,35.96,42.11201689121255,11.149872223814771
2011-02-13,2011-02-12,SJC_Gold,35.98,35.98,42.11201689121255,11.149872223814771
2011-02-14,2011-02-13,SJC_Gold,36.13,35.98,42.11201689121255,11.149872223814771
2011-02-15,2011-02-14,SJC_Gold,36.43,36.13,42.11201689121255,11.149872223814771
2011-02-16,2011-02-15,SJC_Gold,36.75,36.43,42.11201689121255,11.149872223814771
2011-02-17,2011-02-16,SJC_Gold,36.95,36.75,42.11201689121255,11.149872223814771
2011-02-18,2011-02-17,SJC_Gold,37.58,36.95,42.11201689121255,11.149872223814771
2011-02-19,2011-02-18,SJC_Gold,38.2,37.58,42.11201689121255,11.149872223814771
2011-02-20,2011-02-19,SJC_Gold,38.2,38.2,42.11201689121255,11.149872223814771
2011-02-21,2011-02-20,SJC_Gold,37.85,38.2,42.11201689121255,11.149872223814771
2011-02-22,2011-02-21,SJC_Gold,37.8,37.85,42.11201689121255,11.149872223814771
2011-02-23,2011-02-22,SJC_Gold,37.61,37.8,42.11201689121255,11.149872223814771
2011-02-24,2011-02-23,SJC_Gold,37.83,37.61,42.11201689121255,11.149872223814771
2011-02-25,2011-02-24,SJC_Gold,37.68,37.83,42.11201689121255,11.149872223814771
2011-02-26,2011-02-25,SJC_Gold,37.71,37.68,42.11201689121255,11.149872223814771
2011-02-27,2011-02-26,SJC_Gold,37.71,37.71,42.11201689121255,11.149872223814771
2011-02-28,2011-02-27,SJC_Gold,37.59,37.71,42.11201689121255,11.149872223814771
2011-03-01,2011-02-28,SJC_Gold,37.38,37.59,42.11201689121255,11.149872223814771
2011-03-02,2011-03-01,SJC_Gold,37.7,37.38,42.11201689121255,11.149872223814771
2011-03-03,2011-03-02,SJC_Gold,37.75,37.7,42.11201689121255,11.149872223814771
2011-03-04,2011-03-03,SJC_Gold,37.64,37.75,42.11201689121255,11.149872223814771
2011-03-05,2011-03-04,SJC_Gold,37.74,37.64,42.11201689121255,11.149872223814771
2011-03-06,2011-03-05,SJC_Gold,37.74,37.74,42.11201689121255,11.149872223814771
2011-03-07,2011-03-06,SJC_Gold,37.73,37.74,42.11201689121255,11.149872223814771
2011-03-08,2011-03-07,SJC_Gold,37.63,37.73,42.11201689121255,11.149872223814771
2011-03-09,2011-03-08,SJC_Gold,37.55,37.63,42.11201689121255,11.149872223814771
2011-03-10,2011-03-09,SJC_Gold,37.45,37.55,42.11201689121255,11.149872223814771
2011-03-11,2011-03-10,SJC_Gold,36.95,37.45,42.11201689121255,11.149872223814771
2011-03-12,2011-03-11,SJC_Gold,37.05,36.95,42.11201689121255,11.149872223814771
2011-03-13,2011-03-12,SJC_Gold,37.05,37.05,42.11201689121255,11.149872223814771
2011-03-14,2011-03-13,SJC_Gold,37.3,37.05,42.11201689121255,11.149872223814771
2011-03-15,2011-03-14,SJC_Gold,37.15,37.3,42.11201689121255,11.149872223814771
2011-03-16,2011-03-15,SJC_Gold,36.95,37.15,42.11201689121255,11.149872223814771
2011-03-17,2011-03-16,SJC_Gold,36.98,36.95,42.11201689121255,11.149872223814771
2011-03-18,2011-03-17,SJC_Gold,37.15,36.98,42.11201689121255,11.149872223814771
2011-03-19,2011-03-18,SJC_Gold,37.14,37.15,42.11201689121255,11.149872223814771
2011-03-20,2011-03-19,SJC_Gold,37.14,37.14,42.11201689121255,11.149872223814771
2011-03-21,2011-03-20,SJC_Gold,37.19,37.14,42.11201689121255,11.149872223814771
2011-03-22,2011-03-21,SJC_Gold,37.12,37.19,42.11201689121255,11.149872223814771
2011-03-23,2011-03-22,SJC_Gold,37.05,37.12,42.11201689121255,11.149872223814771
2011-03-24,2011-03-23,SJC_Gold,37.04,37.05,42.11201689121255,11.149872223814771
2011-03-25,2011-03-24,SJC_Gold,36.99,37.04,42.11201689121255,11.149872223814771
2011-03-26,2011-03-25,SJC_Gold,36.99,36.99,42.11201689121255,11.149872223814771
2011-03-27,2011-03-26,SJC_Gold,36.99,36.99,42.11201689121255,11.149872223814771
2011-03-28,2011-03-27,SJC_Gold,36.73,36.99,42.11201689121255,11.149872223814771
2011-03-29,2011-03-28,SJC_Gold,36.51,36.73,42.11201689121255,11.149872223814771
2011-03-30,2011-03-29,SJC_Gold,36.62,36.51,42.11201689121255,11.149872223814771
2011-03-31,2011-03-30,SJC_Gold,36.93,36.62,42.11201689121255,11.149872223814771
2011-04-01,2011-03-31,SJC_Gold,36.98,36.93,42.11201689121255,11.149872223814771
2011-04-02,2011-04-01,SJC_Gold,36.89,36.98,42.11201689121255,11.149872223814771
2011-04-03,2011-04-02,SJC_Gold,36.89,36.89,42.11201689121255,11.149872223814771
2011-04-04,2011-04-03,SJC_Gold,36.76,36.89,42.11201689121255,11.149872223814771
2011-04-05,2011-04-04,SJC_Gold,36.71,36.76,42.11201689121255,11.149872223814771
2011-04-06,2011-04-05,SJC_Gold,36.92,36.71,42.11201689121255,11.149872223814771
2011-04-07,2011-04-06,SJC_Gold,36.94,36.92,42.11201689121255,11.149872223814771
2011-04-08,2011-04-07,SJC_Gold,37.2,36.94,42.11201689121255,11.149872223814771
2011-04-09,2011-04-08,SJC_Gold,37.33,37.2,42.11201689121255,11.149872223814771
2011-04-10,2011-04-09,SJC_Gold,37.33,37.33,42.11201689121255,11.149872223814771
2011-04-11,2011-04-10,SJC_Gold,37.33,37.33,42.11201689121255,11.149872223814771
2011-04-12,2011-04-11,SJC_Gold,37.33,37.33,42.11201689121255,11.149872223814771
2011-04-13,2011-04-12,SJC_Gold,37.05,37.33,42.11201689121255,11.149872223814771
2011-04-14,2011-04-13,SJC_Gold,37.05,37.05,42.11201689121255,11.149872223814771
2011-04-15,2011-04-14,SJC_Gold,37.19,37.05,42.11201689121255,11.149872223814771
2011-04-16,2011-04-15,SJC_Gold,37.3,37.19,42.11201689121255,11.149872223814771
2011-04-17,2011-04-16,SJC_Gold,37.3,37.3,42.11201689121255,11.149872223814771
2011-04-18,2011-04-17,SJC_Gold,37.26,37.3,42.11201689121255,11.149872223814771
2011-04-19,2011-04-18,SJC_Gold,37.37,37.26,42.11201689121255,11.149872223814771
2011-04-20,2011-04-19,SJC_Gold,37.56,37.37,42.11201689121255,11.149872223814771
2011-04-21,2011-04-20,SJC_Gold,37.68,37.56,42.11201689121255,11.149872223814771
2011-04-22,2011-04-21,SJC_Gold,37.58,37.68,42.11201689121255,11.149872223814771
2011-04-23,2011-04-22,SJC_Gold,37.57,37.58,42.11201689121255,11.149872223814771
2011-04-24,2011-04-23,SJC_Gold,37.57,37.57,42.11201689121255,11.149872223814771
2011-04-25,2011-04-24,SJC_Gold,37.63,37.57,42.11201689121255,11.149872223814771
2011-04-26,2011-04-25,SJC_Gold,37.48,37.63,42.11201689121255,11.149872223814771
2011-04-27,2011-04-26,SJC_Gold,37.48,37.48,42.11201689121255,11.149872223814771
2011-04-28,2011-04-27,SJC_Gold,37.64,37.48,42.11201689121255,11.149872223814771
2011-04-29,2011-04-28,SJC_Gold,37.79,37.64,42.11201689121255,11.149872223814771
2011-04-30,2011-04-29,SJC_Gold,37.79,37.79,42.11201689121255,11.149872223814771
2011-05-01,2011-04-30,SJC_Gold,37.79,37.79,42.11201689121255,11.149872223814771
2011-05-02,2011-05-01,SJC_Gold,37.79,37.79,42.11201689121255,11.149872223814771
2011-05-03,2011-05-02,SJC_Gold,37.79,37.79,42.11201689121255,11.149872223814771
2011-05-04,2011-05-03,SJC_Gold,37.98,37.79,42.11201689121255,11.149872223814771
2011-05-05,2011-05-04,SJC_Gold,37.73,37.98,42.11201689121255,11.149872223814771
2011-05-06,2011-05-05,SJC_Gold,37.38,37.73,42.11201689121255,11.149872223814771
2011-05-07,2011-05-06,SJC_Gold,37.5,37.38,42.11201689121255,11.149872223814771
2011-05-08,2011-05-07,SJC_Gold,37.5,37.5,42.11201689121255,11.149872223814771
2011-05-09,2011-05-08,SJC_Gold,37.63,37.5,42.11201689121255,11.149872223814771
2011-05-10,2011-05-09,SJC_Gold,37.64,37.63,42.11201689121255,11.149872223814771
2011-05-11,2011-05-10,SJC_Gold,37.67,37.64,42.11201689121255,11.149872223814771
2011-05-12,2011-05-11,SJC_Gold,37.37,37.67,42.11201689121255,11.149872223814771
2011-05-13,2011-05-12,SJC_Gold,37.52,37.37,42.11201689121255,11.149872223814771
2011-05-14,2011-05-13,SJC_Gold,37.45,37.52,42.11201689121255,11.149872223814771
2011-05-15,2011-05-14,SJC_Gold,37.45,37.45,42.11201689121255,11.149872223814771
2011-05-16,2011-05-15,SJC_Gold,37.38,37.45,42.11201689121255,11.149872223814771
2011-05-17,2011-05-16,SJC_Gold,37.41,37.38,42.11201689121255,11.149872223814771
2011-05-18,2011-05-17,SJC_Gold,37.39,37.41,42.11201689121255,11.149872223814771
2011-05-19,2011-05-18,SJC_Gold,37.37,37.39,42.11201689121255,11.149872223814771
2011-05-20,2011-05-19,SJC_Gold,37.43,37.37,42.11201689121255,11.149872223814771
2011-05-21,2011-05-20,SJC_Gold,37.51,37.43,42.11201689121255,11.149872223814771
2011-05-22,2011-05-21,SJC_Gold,37.51,37.51,42.11201689121255,11.149872223814771
2011-05-23,2011-05-22,SJC_Gold,37.47,37.51,42.11201689121255,11.149872223814771
2011-05-24,2011-05-23,SJC_Gold,37.55,37.47,42.11201689121255,11.149872223814771
2011-05-25,2011-05-24,SJC_Gold,37.67,37.55,42.11201689121255,11.149872223814771
2011-05-26,2011-05-25,SJC_Gold,37.6,37.67,42.11201689121255,11.149872223814771
2011-05-27,2011-05-26,SJC_Gold,37.61,37.6,42.11201689121255,11.149872223814771
2011-05-28,2011-05-27,SJC_Gold,37.71,37.61,42.11201689121255,11.149872223814771
2011-05-29,2011-05-28,SJC_Gold,37.71,37.71,42.11201689121255,11.149872223814771
2011-05-30,2011-05-29,SJC_Gold,37.76,37.71,42.11201689121255,11.149872223814771
2011-05-31,2011-05-30,SJC_Gold,37.87,37.76,42.11201689121255,11.149872223814771
2011-06-01,2011-05-31,SJC_Gold,37.75,37.87,42.11201689121255,11.149872223814771
2011-06-02,2011-06-01,SJC_Gold,37.88,37.75,42.11201689121255,11.149872223814771
2011-06-03,2011-06-02,SJC_Gold,37.78,37.88,42.11201689121255,11.149872223814771
2011-06-04,2011-06-03,SJC_Gold,37.86,37.78,42.11201689121255,11.149872223814771
2011-06-05,2011-06-04,SJC_Gold,37.86,37.86,42.11201689121255,11.149872223814771
2011-06-06,2011-06-05,SJC_Gold,38.02,37.86,42.11201689121255,11.149872223814771
2011-06-07,2011-06-06,SJC_Gold,38.07,38.02,42.11201689121255,11.149872223814771
2011-06-08,2011-06-07,SJC_Gold,37.93,38.07,42.11201689121255,11.149872223814771
2011-06-09,2011-06-08,SJC_Gold,37.88,37.93,42.11201689121255,11.149872223814771
2011-06-10,2011-06-09,SJC_Gold,38.01,37.88,42.11201689121255,11.149872223814771
2011-06-11,2011-06-10,SJC_Gold,37.87,38.01,42.11201689121255,11.149872223814771
2011-06-12,2011-06-11,SJC_Gold,37.87,37.87,42.11201689121255,11.149872223814771
2011-06-13,2011-06-12,SJC_Gold,37.81,37.87,42.11201689121255,11.149872223814771
2011-06-14,2011-06-13,SJC_Gold,37.74,37.81,42.11201689121255,11.149872223814771
2011-06-15,2011-06-14,SJC_Gold,37.75,37.74,42.11201689121255,11.149872223814771
2011-06-16,2011-06-15,SJC_Gold,37.84,37.75,42.11201689121255,11.149872223814771
2011-06-17,2011-06-16,SJC_Gold,37.91,37.84,42.11201689121255,11.149872223814771
2011-06-18,2011-06-17,SJC_Gold,38.08,37.91,42.11201689121255,11.149872223814771
2011-06-19,2011-06-18,SJC_Gold,38.08,38.08,42.11201689121255,11.149872223814771
2011-06-20,2011-06-19,SJC_Gold,38.09,38.08,42.11201689121255,11.149872223814771
2011-06-21,2011-06-20,SJC_Gold,38.13,38.09,42.11201689121255,11.149872223814771
2011-06-22,2011-06-21,SJC_Gold,38.16,38.13,42.11201689121255,11.149872223814771
2011-06-23,2011-06-22,SJC_Gold,38.12,38.16,42.11201689121255,11.149872223814771
2011-06-24,2011-06-23,SJC_Gold,37.89,38.12,42.11201689121255,11.149872223814771
2011-06-25,2011-06-24,SJC_Gold,37.69,37.89,42.11201689121255,11.149872223814771
2011-06-26,2011-06-25,SJC_Gold,37.69,37.69,42.11201689121255,11.149872223814771
2011-06-27,2011-06-26,SJC_Gold,37.73,37.69,42.11201689121255,11.149872223814771
2011-06-28,2011-06-27,SJC_Gold,37.69,37.73,42.11201689121255,11.149872223814771
2011-06-29,2011-06-28,SJC_Gold,37.79,37.69,42.11201689121255,11.149872223814771
2011-06-30,2011-06-29,SJC_Gold,37.81,37.79,42.11201689121255,11.149872223814771
2011-07-01,2011-06-30,SJC_Gold,37.65,37.81,42.11201689121255,11.149872223814771
2011-07-02,2011-07-01,SJC_Gold,37.64,37.65,42.11201689121255,11.149872223814771
2011-07-03,2011-07-02,SJC_Gold,37.64,37.64,42.11201689121255,11.149872223814771
2011-07-04,2011-07-03,SJC_Gold,37.62,37.64,42.11201689121255,11.149872223814771
2011-07-05,2011-07-04,SJC_Gold,37.6,37.62,42.11201689121255,11.149872223814771
2011-07-06,2011-07-05,SJC_Gold,37.74,37.6,42.11201689121255,11.149872223814771
2011-07-07,2011-07-06,SJC_Gold,37.84,37.74,42.11201689121255,11.149872223814771
2011-07-08,2011-07-07,SJC_Gold,37.82,37.84,42.11201689121255,11.149872223814771
2011-07-09,2011-07-08,SJC_Gold,37.98,37.82,42.11201689121255,11.149872223814771
2011-07-10,2011-07-09,SJC_Gold,37.98,37.98,42.11201689121255,11.149872223814771
2011-07-11,2011-07-10,SJC_Gold,38.08,37.98,42.11201689121255,11.149872223814771
2011-07-12,2011-07-11,SJC_Gold,38.15,38.08,42.11201689121255,11.149872223814771
2011-07-13,2011-07-12,SJC_Gold,38.65,38.15,42.11201689121255,11.149872223814771
2011-07-14,2011-07-13,SJC_Gold,39.03,38.65,42.11201689121255,11.149872223814771
2011-07-15,2011-07-14,SJC_Gold,38.92,39.03,42.11201689121255,11.149872223814771
2011-07-16,2011-07-15,SJC_Gold,39.1,38.92,42.11201689121255,11.149872223814771
2011-07-17,2011-07-16,SJC_Gold,39.1,39.1,42.11201689121255,11.149872223814771
2011-07-18,2011-07-17,SJC_Gold,39.42,39.1,42.11201689121255,11.149872223814771
2011-07-19,2011-07-18,SJC_Gold,39.64,39.42,42.11201689121255,11.149872223814771
2011-07-20,2011-07-19,SJC_Gold,39.27,39.64,42.11201689121255,11.149872223814771
2011-07-21,2011-07-20,SJC_Gold,39.53,39.27,42.11201689121255,11.149872223814771
2011-07-22,2011-07-21,SJC_Gold,39.32,39.53,42.11201689121255,11.149872223814771
2011-07-23,2011-07-22,SJC_Gold,39.49,39.32,42.11201689121255,11.149872223814771
2011-07-24,2011-07-23,SJC_Gold,39.49,39.49,42.11201689121255,11.149872223814771
2011-07-25,2011-07-24,SJC_Gold,39.9,39.49,42.11201689121255,11.149872223814771
2011-07-26,2011-07-25,SJC_Gold,39.81,39.9,42.11201689121255,11.149872223814771
2011-07-27,2011-07-26,SJC_Gold,40.05,39.81,42.11201689121255,11.149872223814771
2011-07-28,2011-07-27,SJC_Gold,39.97,40.05,42.11201689121255,11.149872223814771
2011-07-29,2011-07-28,SJC_Gold,40.0,39.97,42.11201689121255,11.149872223814771
2011-07-30,2011-07-29,SJC_Gold,40.16,40.0,42.11201689121255,11.149872223814771
2011-07-31,2011-07-30,SJC_Gold,40.16,40.16,42.11201689121255,11.149872223814771
2011-08-01,2011-07-31,SJC_Gold,39.92,40.16,42.11201689121255,11.149872223814771
2011-08-02,2011-08-01,SJC_Gold,40.13,39.92,42.11201689121255,11.149872223814771
2011-08-03,2011-08-02,SJC_Gold,41.2,40.13,42.11201689121255,11.149872223814771
2011-08-04,2011-08-03,SJC_Gold,41.35,41.2,42.11201689121255,11.149872223814771
2011-08-05,2011-08-04,SJC_Gold,41.5,41.35,42.11201689121255,11.149872223814771
2011-08-06,2011-08-05,SJC_Gold,41.8,41.5,42.11201689121255,11.149872223814771
2011-08-07,2011-08-06,SJC_Gold,41.8,41.8,42.11201689121255,11.149872223814771
2011-08-08,2011-08-07,SJC_Gold,44.1,41.8,42.11201689121255,11.149872223814771
2011-08-09,2011-08-08,SJC_Gold,45.6,44.1,42.11201689121255,11.149872223814771
2011-08-10,2011-08-09,SJC_Gold,44.4,45.6,42.11201689121255,11.149872223814771
2011-08-11,2011-08-10,SJC_Gold,45.5,44.4,42.11201689121255,11.149872223814771
2011-08-12,2011-08-11,SJC_Gold,44.75,45.5,42.11201689121255,11.149872223814771
2011-08-13,2011-08-12,SJC_Gold,44.55,44.75,42.11201689121255,11.149872223814771
2011-08-14,2011-08-13,SJC_Gold,44.55,44.55,42.11201689121255,11.149872223814771
2011-08-15,2011-08-14,SJC_Gold,44.15,44.55,42.11201689121255,11.149872223814771
2011-08-16,2011-08-15,SJC_Gold,45.0,44.15,42.11201689121255,11.149872223814771
2011-08-17,2011-08-16,SJC_Gold,45.5,45.0,42.11201689121255,11.149872223814771
2011-08-18,2011-08-17,SJC_Gold,45.55,45.5,42.11201689121255,11.149872223814771
2011-08-19,2011-08-18,SJC_Gold,47.25,45.55,42.11201689121255,11.149872223814771
2011-08-20,2011-08-19,SJC_Gold,47.15,47.25,42.11201689121255,11.149872223814771
2011-08-21,2011-08-20,SJC_Gold,47.15,47.15,42.11201689121255,11.149872223814771
2011-08-22,2011-08-21,SJC_Gold,48.35,47.15,42.11201689121255,11.149872223814771
2011-08-23,2011-08-22,SJC_Gold,48.45,48.35,42.11201689121255,11.149872223814771
2011-08-24,2011-08-23,SJC_Gold,47.45,48.45,42.11201689121255,11.149872223814771
2011-08-25,2011-08-24,SJC_Gold,44.8,47.45,42.11201689121255,11.149872223814771
2011-08-26,2011-08-25,SJC_Gold,46.95,44.8,42.11201689121255,11.149872223814771
2011-08-27,2011-08-26,SJC_Gold,47.8,46.95,42.11201689121255,11.149872223814771
2011-08-28,2011-08-27,SJC_Gold,47.8,47.8,42.11201689121255,11.149872223814771
2011-08-29,2011-08-28,SJC_Gold,46.95,47.8,42.11201689121255,11.149872223814771
2011-08-30,2011-08-29,SJC_Gold,46.2,46.95,42.11201689121255,11.149872223814771
2011-08-31,2011-08-30,SJC_Gold,46.93,46.2,42.11201689121255,11.149872223814771
2011-09-01,2011-08-31,SJC_Gold,46.65,46.93,42.11201689121255,11.149872223814771
2011-09-02,2011-09-01,SJC_Gold,46.65,46.65,42.11201689121255,11.149872223814771
2011-09-03,2011-09-02,SJC_Gold,48.1,46.65,42.11201689121255,11.149872223814771
2011-09-04,2011-09-03,SJC_Gold,48.1,48.1,42.11201689121255,11.149872223814771
2011-09-05,2011-09-04,SJC_Gold,47.9,48.1,42.11201689121255,11.149872223814771
2011-09-06,2011-09-05,SJC_Gold,47.9,47.9,42.11201689121255,11.149872223814771
2011-09-07,2011-09-06,SJC_Gold,47.23,47.9,42.11201689121255,11.149872223814771
2011-09-08,2011-09-07,SJC_Gold,47.15,47.23,42.11201689121255,11.149872223814771
2011-09-09,2011-09-08,SJC_Gold,47.65,47.15,42.11201689121255,11.149872223814771
2011-09-10,2011-09-09,SJC_Gold,47.5,47.65,42.11201689121255,11.149872223814771
2011-09-11,2011-09-10,SJC_Gold,47.5,47.5,42.11201689121255,11.149872223814771
2011-09-12,2011-09-11,SJC_Gold,47.45,47.5,42.11201689121255,11.149872223814771
2011-09-13,2011-09-12,SJC_Gold,47.12,47.45,42.11201689121255,11.149872223814771
2011-09-14,2011-09-13,SJC_Gold,47.3,47.12,42.11201689121255,11.149872223814771
2011-09-15,2011-09-14,SJC_Gold,47.2,47.3,42.11201689121255,11.149872223814771
2011-09-16,2011-09-15,SJC_Gold,46.65,47.2,42.11201689121255,11.149872223814771
2011-09-17,2011-09-16,SJC_Gold,47.25,46.65,42.11201689121255,11.149872223814771
2011-09-18,2011-09-17,SJC_Gold,47.25,47.25,42.11201689121255,11.149872223814771
2011-09-19,2011-09-18,SJC_Gold,47.05,47.25,42.11201689121255,11.149872223814771
2011-09-20,2011-09-19,SJC_Gold,46.95,47.05,42.11201689121255,11.149872223814771
2011-09-21,2011-09-20,SJC_Gold,47.1,46.95,42.11201689121255,11.149872223814771
2011-09-22,2011-09-21,SJC_Gold,46.8,47.1,42.11201689121255,11.149872223814771
2011-09-23,2011-09-22,SJC_Gold,46.65,46.8,42.11201689121255,11.149872223814771
2011-09-24,2011-09-23,SJC_Gold,45.75,46.65,42.11201689121255,11.149872223814771
2011-09-25,2011-09-24,SJC_Gold,45.75,45.75,42.11201689121255,11.149872223814771
2011-09-26,2011-09-25,SJC_Gold,45.5,45.75,42.11201689121255,11.149872223814771
2011-09-27,2011-09-26,SJC_Gold,45.65,45.5,42.11201689121255,11.149872223814771
2011-09-28,2011-09-27,SJC_Gold,44.7,45.65,42.11201689121255,11.149872223814771
2011-09-29,2011-09-28,SJC_Gold,44.2,44.7,42.11201689121255,11.149872223814771
2011-09-30,2011-09-29,SJC_Gold,44.2,44.2,42.11201689121255,11.149872223814771
2011-10-01,2011-09-30,SJC_Gold,44.25,44.2,42.11201689121255,11.149872223814771
2011-10-02,2011-10-01,SJC_Gold,44.25,44.25,42.11201689121255,11.149872223814771
2011-10-03,2011-10-02,SJC_Gold,44.53,44.25,42.11201689121255,11.149872223814771
2011-10-04,2011-10-03,SJC_Gold,45.2,44.53,42.11201689121255,11.149872223814771
2011-10-05,2011-10-04,SJC_Gold,44.35,45.2,42.11201689121255,11.149872223814771
2011-10-06,2011-10-05,SJC_Gold,44.05,44.35,42.11201689121255,11.149872223814771
2011-10-07,2011-10-06,SJC_Gold,43.45,44.05,42.11201689121255,11.149872223814771
2011-10-08,2011-10-07,SJC_Gold,43.4,43.45,42.11201689121255,11.149872223814771
2011-10-09,2011-10-08,SJC_Gold,43.4,43.4,42.11201689121255,11.149872223814771
2011-10-10,2011-10-09,SJC_Gold,43.29,43.4,42.11201689121255,11.149872223814771
2011-10-11,2011-10-10,SJC_Gold,43.7,43.29,42.11201689121255,11.149872223814771
2011-10-12,2011-10-11,SJC_Gold,44.1,43.7,42.11201689121255,11.149872223814771
2011-10-13,2011-10-12,SJC_Gold,44.15,44.1,42.11201689121255,11.149872223814771
2011-10-14,2011-10-13,SJC_Gold,44.15,44.15,42.11201689121255,11.149872223814771
2011-10-15,2011-10-14,SJC_Gold,44.25,44.15,42.11201689121255,11.149872223814771
2011-10-16,2011-10-15,SJC_Gold,44.25,44.25,42.11201689121255,11.149872223814771
2011-10-17,2011-10-16,SJC_Gold,44.4,44.25,42.11201689121255,11.149872223814771
2011-10-18,2011-10-17,SJC_Gold,43.9,44.4,42.11201689121255,11.149872223814771
2011-10-19,2011-10-18,SJC_Gold,43.5,43.9,42.11201689121255,11.149872223814771
2011-10-20,2011-10-19,SJC_Gold,43.1,43.5,42.11201689121255,11.149872223814771
2011-10-21,2011-10-20,SJC_Gold,43.5,43.1,42.11201689121255,11.149872223814771
2011-10-22,2011-10-21,SJC_Gold,44.05,43.5,42.11201689121255,11.149872223814771
2011-10-23,2011-10-22,SJC_Gold,44.05,44.05,42.11201689121255,11.149872223814771
2011-10-24,2011-10-23,SJC_Gold,44.1,44.05,42.11201689121255,11.149872223814771
2011-10-25,2011-10-24,SJC_Gold,44.05,44.1,42.11201689121255,11.149872223814771
2011-10-26,2011-10-25,SJC_Gold,44.9,44.05,42.11201689121255,11.149872223814771
2011-10-27,2011-10-26,SJC_Gold,44.9,44.9,42.11201689121255,11.149872223814771
2011-10-28,2011-10-27,SJC_Gold,45.25,44.9,42.11201689121255,11.149872223814771
2011-10-29,2011-10-28,SJC_Gold,45.3,45.25,42.11201689121255,11.149872223814771
2011-10-30,2011-10-29,SJC_Gold,45.3,45.3,42.11201689121255,11.149872223814771
2011-10-31,2011-10-30,SJC_Gold,44.85,45.3,42.11201689121255,11.149872223814771
2011-11-01,2011-10-31,SJC_Gold,44.85,44.85,42.11201689121255,11.149872223814771
2011-11-02,2011-11-01,SJC_Gold,45.2,44.85,42.11201689121255,11.149872223814771
2011-11-03,2011-11-02,SJC_Gold,45.2,45.2,42.11201689121255,11.149872223814771
2011-11-04,2011-11-03,SJC_Gold,45.7,45.2,42.11201689121255,11.149872223814771
2011-11-05,2011-11-04,SJC_Gold,45.6,45.7,42.11201689121255,11.149872223814771
2011-11-06,2011-11-05,SJC_Gold,45.6,45.6,42.11201689121255,11.149872223814771
2011-11-07,2011-11-06,SJC_Gold,45.85,45.6,42.11201689121255,11.149872223814771
2011-11-08,2011-11-07,SJC_Gold,46.55,45.85,42.11201689121255,11.149872223814771
2011-11-09,2011-11-08,SJC_Gold,46.55,46.55,42.11201689121255,11.149872223814771
2011-11-10,2011-11-09,SJC_Gold,46.3,46.55,42.11201689121255,11.149872223814771
2011-11-11,2011-11-10,SJC_Gold,46.15,46.3,42.11201689121255,11.149872223814771
2011-11-12,2011-11-11,SJC_Gold,46.45,46.15,42.11201689121255,11.149872223814771
2011-11-13,2011-11-12,SJC_Gold,46.45,46.45,42.11201689121255,11.149872223814771
2011-11-14,2011-11-13,SJC_Gold,46.6,46.45,42.11201689121255,11.149872223814771
2011-11-15,2011-11-14,SJC_Gold,46.3,46.6,42.11201689121255,11.149872223814771
2011-11-16,2011-11-15,SJC_Gold,46.35,46.3,42.11201689121255,11.149872223814771
2011-11-17,2011-11-16,SJC_Gold,46.28,46.35,42.11201689121255,11.149872223814771
2011-11-18,2011-11-17,SJC_Gold,45.95,46.28,42.11201689121255,11.149872223814771
2011-11-19,2011-11-18,SJC_Gold,45.95,45.95,42.11201689121255,11.149872223814771
2011-11-20,2011-11-19,SJC_Gold,45.95,45.95,42.11201689121255,11.149872223814771
2011-11-21,2011-11-20,SJC_Gold,45.75,45.95,42.11201689121255,11.149872223814771
2011-11-22,2011-11-21,SJC_Gold,44.55,45.75,42.11201689121255,11.149872223814771
2011-11-23,2011-11-22,SJC_Gold,44.75,44.55,42.11201689121255,11.149872223814771
2011-11-24,2011-11-23,SJC_Gold,44.55,44.75,42.11201689121255,11.149872223814771
2011-11-25,2011-11-24,SJC_Gold,44.45,44.55,42.11201689121255,11.149872223814771
2011-11-26,2011-11-25,SJC_Gold,44.6,44.45,42.11201689121255,11.149872223814771
2011-11-27,2011-11-26,SJC_Gold,44.6,44.6,42.11201689121255,11.149872223814771
2011-11-28,2011-11-27,SJC_Gold,45.02,44.6,42.11201689121255,11.149872223814771
2011-11-29,2011-11-28,SJC_Gold,44.85,45.02,42.11201689121255,11.149872223814771
2011-11-30,2011-11-29,SJC_Gold,44.75,44.85,42.11201689121255,11.149872223814771
2011-12-01,2011-11-30,SJC_Gold,45.35,44.75,42.11201689121255,11.149872223814771
2011-12-02,2011-12-01,SJC_Gold,45.28,45.35,42.11201689121255,11.149872223814771
2011-12-03,2011-12-02,SJC_Gold,45.27,45.28,42.11201689121255,11.149872223814771
2011-12-04,2011-12-03,SJC_Gold,45.27,45.27,42.11201689121255,11.149872223814771
2011-12-05,2011-12-04,SJC_Gold,45.2,45.27,42.11201689121255,11.149872223814771
2011-12-06,2011-12-05,SJC_Gold,44.75,45.2,42.11201689121255,11.149872223814771
2011-12-07,2011-12-06,SJC_Gold,44.96,44.75,42.11201689121255,11.149872223814771
2011-12-08,2011-12-07,SJC_Gold,45.09,44.96,42.11201689121255,11.149872223814771
2011-12-09,2011-12-08,SJC_Gold,44.82,45.09,42.11201689121255,11.149872223814771
2011-12-10,2011-12-09,SJC_Gold,44.85,44.82,42.11201689121255,11.149872223814771
2011-12-11,2011-12-10,SJC_Gold,44.85,44.85,42.11201689121255,11.149872223814771
2011-12-12,2011-12-11,SJC_Gold,44.6,44.85,42.11201689121255,11.149872223814771
2011-12-13,2011-12-12,SJC_Gold,44.15,44.6,42.11201689121255,11.149872223814771
2011-12-14,2011-12-13,SJC_Gold,44.04,44.15,42.11201689121255,11.149872223814771
2011-12-15,2011-12-14,SJC_Gold,43.4,44.04,42.11201689121255,11.149872223814771
2011-12-16,2011-12-15,SJC_Gold,43.75,43.4,42.11201689121255,11.149872223814771
2011-12-17,2011-12-16,SJC_Gold,44.0,43.75,42.11201689121255,11.149872223814771
2011-12-18,2011-12-17,SJC_Gold,44.0,44.0,42.11201689121255,11.149872223814771
2011-12-19,2011-12-18,SJC_Gold,43.75,44.0,42.11201689121255,11.149872223814771
2011-12-20,2011-12-19,SJC_Gold,43.5,43.75,42.11201689121255,11.149872223814771
2011-12-21,2011-12-20,SJC_Gold,43.55,43.5,42.11201689121255,11.149872223814771
2011-12-22,2011-12-21,SJC_Gold,43.45,43.55,42.11201689121255,11.149872223814771
2011-12-23,2011-12-22,SJC_Gold,43.55,43.45,42.11201689121255,11.149872223814771
2011-12-24,2011-12-23,SJC_Gold,43.55,43.55,42.11201689121255,11.149872223814771
2011-12-25,2011-12-24,SJC_Gold,43.55,43.55,42.11201689121255,11.149872223814771
2011-12-26,2011-12-25,SJC_Gold,43.5,43.55,42.11201689121255,11.149872223814771
2011-12-27,2011-12-26,SJC_Gold,43.3,43.5,42.11201689121255,11.149872223814771
2011-12-28,2011-12-27,SJC_Gold,42.75,43.3,42.11201689121255,11.149872223814771
2011-12-29,2011-12-28,SJC_Gold,42.12,42.75,42.11201689121255,11.149872223814771
2011-12-30,2011-12-29,SJC_Gold,41.8,42.12,42.11201689121255,11.149872223814771
2011-12-31,2011-12-30,SJC_Gold,41.8,41.8,42.11201689121255,11.149872223814771
2012-01-01,2011-12-31,SJC_Gold,41.8,41.8,42.11201689121255,11.149872223814771
2012-01-02,2012-01-01,SJC_Gold,41.8,41.8,42.11201689121255,11.149872223814771
2012-01-03,2012-01-02,SJC_Gold,43.5,41.8,42.11201689121255,11.149872223814771
2012-01-04,2012-01-03,SJC_Gold,43.6,43.5,42.11201689121255,11.149872223814771
2012-01-05,2012-01-04,SJC_Gold,43.6,43.6,42.11201689121255,11.149872223814771
2012-01-06,2012-01-05,SJC_Gold,43.5,43.6,42.11201689121255,11.149872223814771
2012-01-07,2012-01-06,SJC_Gold,43.5,43.5,42.11201689121255,11.149872223814771
2012-01-08,2012-01-07,SJC_Gold,43.5,43.5,42.11201689121255,11.149872223814771
2012-01-09,2012-01-08,SJC_Gold,43.35,43.5,42.11201689121255,11.149872223814771
2012-01-10,2012-01-09,SJC_Gold,43.3,43.35,42.11201689121255,11.149872223814771
2012-01-11,2012-01-10,SJC_Gold,43.6,43.3,42.11201689121255,11.149872223814771
2012-01-12,2012-01-11,SJC_Gold,43.85,43.6,42.11201689121255,11.149872223814771
2012-01-13,2012-01-12,SJC_Gold,43.75,43.85,42.11201689121255,11.149872223814771
2012-01-14,2012-01-13,SJC_Gold,43.7,43.75,42.11201689121255,11.149872223814771
2012-01-15,2012-01-14,SJC_Gold,43.7,43.7,42.11201689121255,11.149872223814771
2012-01-16,2012-01-15,SJC_Gold,43.5,43.7,42.11201689121255,11.149872223814771
2012-01-17,2012-01-16,SJC_Gold,43.95,43.5,42.11201689121255,11.149872223814771
2012-01-18,2012-01-17,SJC_Gold,43.85,43.95,42.11201689121255,11.149872223814771
2012-01-19,2012-01-18,SJC_Gold,44.1,43.85,42.11201689121255,11.149872223814771
2012-01-20,2012-01-19,SJC_Gold,44.55,44.1,42.11201689121255,11.149872223814771
2012-01-21,2012-01-20,SJC_Gold,44.8,44.55,42.11201689121255,11.149872223814771
2012-01-22,2012-01-21,SJC_Gold,44.8,44.8,42.11201689121255,11.149872223814771
2012-01-23,2012-01-22,SJC_Gold,44.8,44.8,42.11201689121255,11.149872223814771
2012-01-24,2012-01-23,SJC_Gold,44.8,44.8,42.11201689121255,11.149872223814771
2012-01-25,2012-01-24,SJC_Gold,44.8,44.8,42.11201689121255,11.149872223814771
2012-01-26,2012-01-25,SJC_Gold,44.8,44.8,42.11201689121255,11.149872223814771
2012-01-27,2012-01-26,SJC_Gold,44.8,44.8,42.11201689121255,11.149872223814771
2012-01-28,2012-01-27,SJC_Gold,44.8,44.8,42.11201689121255,11.149872223814771
2012-01-29,2012-01-28,SJC_Gold,44.8,44.8,42.11201689121255,11.149872223814771
2012-01-30,2012-01-29,SJC_Gold,45.0,44.8,42.11201689121255,11.149872223814771
2012-01-31,2012-01-30,SJC_Gold,45.33,45.0,42.11201689121255,11.149872223814771
2012-02-01,2012-01-31,SJC_Gold,45.4,45.33,42.11201689121255,11.149872223814771
2012-02-02,2012-02-01,SJC_Gold,45.43,45.4,42.11201689121255,11.149872223814771
2012-02-03,2012-02-02,SJC_Gold,45.4,45.43,42.11201689121255,11.149872223814771
2012-02-04,2012-02-03,SJC_Gold,44.95,45.4,42.11201689121255,11.149872223814771
2012-02-05,2012-02-04,SJC_Gold,44.95,44.95,42.11201689121255,11.149872223814771
2012-02-06,2012-02-05,SJC_Gold,44.85,44.95,42.11201689121255,11.149872223814771
2012-02-07,2012-02-06,SJC_Gold,44.9,44.85,42.11201689121255,11.149872223814771
2012-02-08,2012-02-07,SJC_Gold,45.05,44.9,42.11201689121255,11.149872223814771
2012-02-09,2012-02-08,SJC_Gold,44.88,45.05,42.11201689121255,11.149872223814771
2012-02-10,2012-02-09,SJC_Gold,44.75,44.88,42.11201689121255,11.149872223814771
2012-02-11,2012-02-10,SJC_Gold,44.83,44.75,42.11201689121255,11.149872223814771
2012-02-12,2012-02-11,SJC_Gold,44.83,44.83,42.11201689121255,11.149872223814771
2012-02-13,2012-02-12,SJC_Gold,44.82,44.83,42.11201689121255,11.149872223814771
2012-02-14,2012-02-13,SJC_Gold,44.7,44.82,42.11201689121255,11.149872223814771
2012-02-15,2012-02-14,SJC_Gold,44.8,44.7,42.11201689121255,11.149872223814771
2012-02-16,2012-02-15,SJC_Gold,44.68,44.8,42.11201689121255,11.149872223814771
2012-02-17,2012-02-16,SJC_Gold,44.75,44.68,42.11201689121255,11.149872223814771
2012-02-18,2012-02-17,SJC_Gold,44.7,44.75,42.11201689121255,11.149872223814771
2012-02-19,2012-02-18,SJC_Gold,44.7,44.7,42.11201689121255,11.149872223814771
2012-02-20,2012-02-19,SJC_Gold,44.75,44.7,42.11201689121255,11.149872223814771
2012-02-21,2012-02-20,SJC_Gold,44.8,44.75,42.11201689121255,11.149872223814771
2012-02-22,2012-02-21,SJC_Gold,44.9,44.8,42.11201689121255,11.149872223814771
2012-02-23,2012-02-22,SJC_Gold,45.2,44.9,42.11201689121255,11.149872223814771
2012-02-24,2012-02-23,SJC_Gold,45.24,45.2,42.11201689121255,11.149872223814771
2012-02-25,2012-02-24,SJC_Gold,45.13,45.24,42.11201689121255,11.149872223814771
2012-02-26,2012-02-25,SJC_Gold,45.13,45.13,42.11201689121255,11.149872223814771
2012-02-27,2012-02-26,SJC_Gold,45.13,45.13,42.11201689121255,11.149872223814771
2012-02-28,2012-02-27,SJC_Gold,45.05,45.13,42.11201689121255,11.149872223814771
2012-02-29,2012-02-28,SJC_Gold,45.27,45.05,42.11201689121255,11.149872223814771
2012-03-01,2012-02-29,SJC_Gold,44.79,45.27,42.11201689121255,11.149872223814771
2012-03-02,2012-03-01,SJC_Gold,44.75,44.79,42.11201689121255,11.149872223814771
2012-03-03,2012-03-02,SJC_Gold,44.7,44.75,42.11201689121255,11.149872223814771
2012-03-04,2012-03-03,SJC_Gold,44.7,44.7,42.11201689121255,11.149872223814771
2012-03-05,2012-03-04,SJC_Gold,44.63,44.7,42.11201689121255,11.149872223814771
2012-03-06,2012-03-05,SJC_Gold,44.58,44.63,42.11201689121255,11.149872223814771
2012-03-07,2012-03-06,SJC_Gold,44.38,44.58,42.11201689121255,11.149872223814771
2012-03-08,2012-03-07,SJC_Gold,44.64,44.38,42.11201689121255,11.149872223814771
2012-03-09,2012-03-08,SJC_Gold,44.69,44.64,42.11201689121255,11.149872223814771
2012-03-10,2012-03-09,SJC_Gold,44.8,44.69,42.11201689121255,11.149872223814771
2012-03-11,2012-03-10,SJC_Gold,44.8,44.8,42.11201689121255,11.149872223814771
2012-03-12,2012-03-11,SJC_Gold,44.76,44.8,42.11201689121255,11.149872223814771
2012-03-13,2012-03-12,SJC_Gold,44.71,44.76,42.11201689121255,11.149872223814771
2012-03-14,2012-03-13,SJC_Gold,44.49,44.71,42.11201689121255,11.149872223814771
2012-03-15,2012-03-14,SJC_Gold,44.18,44.49,42.11201689121255,11.149872223814771
2012-03-16,2012-03-15,SJC_Gold,44.27,44.18,42.11201689121255,11.149872223814771
2012-03-17,2012-03-16,SJC_Gold,44.32,44.27,42.11201689121255,11.149872223814771
2012-03-18,2012-03-17,SJC_Gold,44.32,44.32,42.11201689121255,11.149872223814771
2012-03-19,2012-03-18,SJC_Gold,44.14,44.32,42.11201689121255,11.149872223814771
2012-03-20,2012-03-19,SJC_Gold,43.7,44.14,42.11201689121255,11.149872223814771
2012-03-21,2012-03-20,SJC_Gold,43.8,43.7,42.11201689121255,11.149872223814771
2012-03-22,2012-03-21,SJC_Gold,43.75,43.8,42.11201689121255,11.149872223814771
2012-03-23,2012-03-22,SJC_Gold,43.88,43.75,42.11201689121255,11.149872223814771
2012-03-24,2012-03-23,SJC_Gold,44.05,43.88,42.11201689121255,11.149872223814771
2012-03-25,2012-03-24,SJC_Gold,44.05,44.05,42.11201689121255,11.149872223814771
2012-03-26,2012-03-25,SJC_Gold,44.05,44.05,42.11201689121255,11.149872223814771
2012-03-27,2012-03-26,SJC_Gold,44.38,44.05,42.11201689121255,11.149872223814771
2012-03-28,2012-03-27,SJC_Gold,44.22,44.38,42.11201689121255,11.149872223814771
2012-03-29,2012-03-28,SJC_Gold,43.93,44.22,42.11201689121255,11.149872223814771
2012-03-30,2012-03-29,SJC_Gold,44.0,43.93,42.11201689121255,11.149872223814771
2012-03-31,2012-03-30,SJC_Gold,44.0,44.0,42.11201689121255,11.149872223814771
2012-04-01,2012-03-31,SJC_Gold,44.0,44.0,42.11201689121255,11.149872223814771
2012-04-02,2012-04-01,SJC_Gold,44.0,44.0,42.11201689121255,11.149872223814771
2012-04-03,2012-04-02,SJC_Gold,43.96,44.0,42.11201689121255,11.149872223814771
2012-04-04,2012-04-03,SJC_Gold,43.65,43.96,42.11201689121255,11.149872223814771
2012-04-05,2012-04-04,SJC_Gold,43.6,43.65,42.11201689121255,11.149872223814771
2012-04-06,2012-04-05,SJC_Gold,43.54,43.6,42.11201689121255,11.149872223814771
2012-04-07,2012-04-06,SJC_Gold,43.52,43.54,42.11201689121255,11.149872223814771
2012-04-08,2012-04-07,SJC_Gold,43.52,43.52,42.11201689121255,11.149872223814771
2012-04-09,2012-04-08,SJC_Gold,43.5,43.52,42.11201689121255,11.149872223814771
2012-04-10,2012-04-09,SJC_Gold,43.4,43.5,42.11201689121255,11.149872223814771
2012-04-11,2012-04-10,SJC_Gold,43.41,43.4,42.11201689121255,11.149872223814771
2012-04-12,2012-04-11,SJC_Gold,43.34,43.41,42.11201689121255,11.149872223814771
2012-04-13,2012-04-12,SJC_Gold,43.38,43.34,42.11201689121255,11.149872223814771
2012-04-14,2012-04-13,SJC_Gold,43.32,43.38,42.11201689121255,11.149872223814771
2012-04-15,2012-04-14,SJC_Gold,43.32,43.32,42.11201689121255,11.149872223814771
2012-04-16,2012-04-15,SJC_Gold,43.0,43.32,42.11201689121255,11.149872223814771
2012-04-17,2012-04-16,SJC_Gold,42.9,43.0,42.11201689121255,11.149872223814771
2012-04-18,2012-04-17,SJC_Gold,42.81,42.9,42.11201689121255,11.149872223814771
2012-04-19,2012-04-18,SJC_Gold,42.6,42.81,42.11201689121255,11.149872223814771
2012-04-20,2012-04-19,SJC_Gold,42.58,42.6,42.11201689121255,11.149872223814771
2012-04-21,2012-04-20,SJC_Gold,42.66,42.58,42.11201689121255,11.149872223814771
2012-04-22,2012-04-21,SJC_Gold,42.66,42.66,42.11201689121255,11.149872223814771
2012-04-23,2012-04-22,SJC_Gold,42.7,42.66,42.11201689121255,11.149872223814771
2012-04-24,2012-04-23,SJC_Gold,42.79,42.7,42.11201689121255,11.149872223814771
2012-04-25,2012-04-24,SJC_Gold,42.96,42.79,42.11201689121255,11.149872223814771
2012-04-26,2012-04-25,SJC_Gold,42.97,42.96,42.11201689121255,11.149872223814771
2012-04-27,2012-04-26,SJC_Gold,42.95,42.97,42.11201689121255,11.149872223814771
2012-04-28,2012-04-27,SJC_Gold,43.0,42.95,42.11201689121255,11.149872223814771
2012-04-29,2012-04-28,SJC_Gold,43.0,43.0,42.11201689121255,11.149872223814771
2012-04-30,2012-04-29,SJC_Gold,43.0,43.0,42.11201689121255,11.149872223814771
2012-05-01,2012-04-30,SJC_Gold,43.0,43.0,42.11201689121255,11.149872223814771
2012-05-02,2012-05-01,SJC_Gold,42.88,43.0,42.11201689121255,11.149872223814771
2012-05-03,2012-05-02,SJC_Gold,42.6,42.88,42.11201689121255,11.149872223814771
2012-05-04,2012-05-03,SJC_Gold,42.4,42.6,42.11201689121255,11.149872223814771
2012-05-05,2012-05-04,SJC_Gold,42.58,42.4,42.11201689121255,11.149872223814771
2012-05-06,2012-05-05,SJC_Gold,42.58,42.58,42.11201689121255,11.149872223814771
2012-05-07,2012-05-06,SJC_Gold,42.43,42.58,42.11201689121255,11.149872223814771
2012-05-08,2012-05-07,SJC_Gold,41.92,42.43,42.11201689121255,11.149872223814771
2012-05-09,2012-05-08,SJC_Gold,41.42,41.92,42.11201689121255,11.149872223814771
2012-05-10,2012-05-09,SJC_Gold,41.77,41.42,42.11201689121255,11.149872223814771
2012-05-11,2012-05-10,SJC_Gold,41.75,41.77,42.11201689121255,11.149872223814771
2012-05-12,2012-05-11,SJC_Gold,41.74,41.75,42.11201689121255,11.149872223814771
2012-05-13,2012-05-12,SJC_Gold,41.74,41.74,42.11201689121255,11.149872223814771
2012-05-14,2012-05-13,SJC_Gold,41.46,41.74,42.11201689121255,11.149872223814771
2012-05-15,2012-05-14,SJC_Gold,41.3,41.46,42.11201689121255,11.149872223814771
2012-05-16,2012-05-15,SJC_Gold,40.98,41.3,42.11201689121255,11.149872223814771
2012-05-17,2012-05-16,SJC_Gold,41.15,40.98,42.11201689121255,11.149872223814771
2012-05-18,2012-05-17,SJC_Gold,41.95,41.15,42.11201689121255,11.149872223814771
2012-05-19,2012-05-18,SJC_Gold,42.1,41.95,42.11201689121255,11.149872223814771
2012-05-20,2012-05-19,SJC_Gold,42.1,42.1,42.11201689121255,11.149872223814771
2012-05-21,2012-05-20,SJC_Gold,42.2,42.1,42.11201689121255,11.149872223814771
2012-05-22,2012-05-21,SJC_Gold,41.75,42.2,42.11201689121255,11.149872223814771
2012-05-23,2012-05-22,SJC_Gold,41.36,41.75,42.11201689121255,11.149872223814771
2012-05-24,2012-05-23,SJC_Gold,41.36,41.36,42.11201689121255,11.149872223814771
2012-05-25,2012-05-24,SJC_Gold,41.45,41.36,42.11201689121255,11.149872223814771
2012-05-26,2012-05-25,SJC_Gold,41.65,41.45,42.11201689121255,11.149872223814771
2012-05-27,2012-05-26,SJC_Gold,41.65,41.65,42.11201689121255,11.149872223814771
2012-05-28,2012-05-27,SJC_Gold,41.6,41.65,42.11201689121255,11.149872223814771
2012-05-29,2012-05-28,SJC_Gold,41.55,41.6,42.11201689121255,11.149872223814771
2012-05-30,2012-05-29,SJC_Gold,41.28,41.55,42.11201689121255,11.149872223814771
2012-05-31,2012-05-30,SJC_Gold,41.46,41.28,42.11201689121255,11.149872223814771
2012-06-01,2012-05-31,SJC_Gold,41.33,41.46,42.11201689121255,11.149872223814771
2012-06-02,2012-06-01,SJC_Gold,42.1,41.33,42.11201689121255,11.149872223814771
2012-06-03,2012-06-02,SJC_Gold,42.1,42.1,42.11201689121255,11.149872223814771
2012-06-04,2012-06-03,SJC_Gold,42.06,42.1,42.11201689121255,11.149872223814771
2012-06-05,2012-06-04,SJC_Gold,42.17,42.06,42.11201689121255,11.149872223814771
2012-06-06,2012-06-05,SJC_Gold,42.62,42.17,42.11201689121255,11.149872223814771
2012-06-07,2012-06-06,SJC_Gold,42.41,42.62,42.11201689121255,11.149872223814771
2012-06-08,2012-06-07,SJC_Gold,41.86,42.41,42.11201689121255,11.149872223814771
2012-06-09,2012-06-08,SJC_Gold,42.0,41.86,42.11201689121255,11.149872223814771
2012-06-10,2012-06-09,SJC_Gold,42.0,42.0,42.11201689121255,11.149872223814771
2012-06-11,2012-06-10,SJC_Gold,41.98,42.0,42.11201689121255,11.149872223814771
2012-06-12,2012-06-11,SJC_Gold,41.9,41.98,42.11201689121255,11.149872223814771
2012-06-13,2012-06-12,SJC_Gold,42.12,41.9,42.11201689121255,11.149872223814771
2012-06-14,2012-06-13,SJC_Gold,42.21,42.12,42.11201689121255,11.149872223814771
2012-06-15,2012-06-14,SJC_Gold,42.25,42.21,42.11201689121255,11.149872223814771
2012-06-16,2012-06-15,SJC_Gold,42.28,42.25,42.11201689121255,11.149872223814771
2012-06-17,2012-06-16,SJC_Gold,42.28,42.28,42.11201689121255,11.149872223814771
2012-06-18,2012-06-17,SJC_Gold,42.24,42.28,42.11201689121255,11.149872223814771
2012-06-19,2012-06-18,SJC_Gold,42.3,42.24,42.11201689121255,11.149872223814771
2012-06-20,2012-06-19,SJC_Gold,42.2,42.3,42.11201689121255,11.149872223814771
2012-06-21,2012-06-20,SJC_Gold,42.04,42.2,42.11201689121255,11.149872223814771
2012-06-22,2012-06-21,SJC_Gold,41.82,42.04,42.11201689121255,11.149872223814771
2012-06-23,2012-06-22,SJC_Gold,41.83,41.82,42.11201689121255,11.149872223814771
2012-06-24,2012-06-23,SJC_Gold,41.83,41.83,42.11201689121255,11.149872223814771
2012-06-25,2012-06-24,SJC_Gold,41.75,41.83,42.11201689121255,11.149872223814771
2012-06-26,2012-06-25,SJC_Gold,41.83,41.75,42.11201689121255,11.149872223814771
2012-06-27,2012-06-26,SJC_Gold,41.69,41.83,42.11201689121255,11.149872223814771
2012-06-28,2012-06-27,SJC_Gold,41.71,41.69,42.11201689121255,11.149872223814771
2012-06-29,2012-06-28,SJC_Gold,41.72,41.71,42.11201689121255,11.149872223814771
2012-06-30,2012-06-29,SJC_Gold,41.93,41.72,42.11201689121255,11.149872223814771
2012-07-01,2012-06-30,SJC_Gold,41.93,41.93,42.11201689121255,11.149872223814771
2012-07-02,2012-07-01,SJC_Gold,41.95,41.93,42.11201689121255,11.149872223814771
2012-07-03,2012-07-02,SJC_Gold,42.04,41.95,42.11201689121255,11.149872223814771
2012-07-04,2012-07-03,SJC_Gold,42.12,42.04,42.11201689121255,11.149872223814771
2012-07-05,2012-07-04,SJC_Gold,42.07,42.12,42.11201689121255,11.149872223814771
2012-07-06,2012-07-05,SJC_Gold,41.88,42.07,42.11201689121255,11.149872223814771
2012-07-07,2012-07-06,SJC_Gold,41.8,41.88,42.11201689121255,11.149872223814771
2012-07-08,2012-07-07,SJC_Gold,41.8,41.8,42.11201689121255,11.149872223814771
2012-07-09,2012-07-08,SJC_Gold,41.78,41.8,42.11201689121255,11.149872223814771
2012-07-10,2012-07-09,SJC_Gold,41.9,41.78,42.11201689121255,11.149872223814771
2012-07-11,2012-07-10,SJC_Gold,41.75,41.9,42.11201689121255,11.149872223814771
2012-07-12,2012-07-11,SJC_Gold,41.65,41.75,42.11201689121255,11.149872223814771
2012-07-13,2012-07-12,SJC_Gold,41.8,41.65,42.11201689121255,11.149872223814771
2012-07-14,2012-07-13,SJC_Gold,41.84,41.8,42.11201689121255,11.149872223814771
2012-07-15,2012-07-14,SJC_Gold,41.84,41.84,42.11201689121255,11.149872223814771
2012-07-16,2012-07-15,SJC_Gold,41.78,41.84,42.11201689121255,11.149872223814771
2012-07-17,2012-07-16,SJC_Gold,41.89,41.78,42.11201689121255,11.149872223814771
2012-07-18,2012-07-17,SJC_Gold,41.77,41.89,42.11201689121255,11.149872223814771
2012-07-19,2012-07-18,SJC_Gold,41.76,41.77,42.11201689121255,11.149872223814771
2012-07-20,2012-07-19,SJC_Gold,41.78,41.76,42.11201689121255,11.149872223814771
2012-07-21,2012-07-20,SJC_Gold,41.77,41.78,42.11201689121255,11.149872223814771
2012-07-22,2012-07-21,SJC_Gold,41.77,41.77,42.11201689121255,11.149872223814771
2012-07-23,2012-07-22,SJC_Gold,41.67,41.77,42.11201689121255,11.149872223814771
2012-07-24,2012-07-23,SJC_Gold,41.69,41.67,42.11201689121255,11.149872223814771
2012-07-25,2012-07-24,SJC_Gold,41.81,41.69,42.11201689121255,11.149872223814771
2012-07-26,2012-07-25,SJC_Gold,41.98,41.81,42.11201689121255,11.149872223814771
2012-07-27,2012-07-26,SJC_Gold,42.13,41.98,42.11201689121255,11.149872223814771
2012-07-28,2012-07-27,SJC_Gold,42.11,42.13,42.11201689121255,11.149872223814771
2012-07-29,2012-07-28,SJC_Gold,42.11,42.11,42.11201689121255,11.149872223814771
2012-07-30,2012-07-29,SJC_Gold,42.06,42.11,42.11201689121255,11.149872223814771
2012-07-31,2012-07-30,SJC_Gold,42.09,42.06,42.11201689121255,11.149872223814771
2012-08-01,2012-07-31,SJC_Gold,41.99,42.09,42.11201689121255,11.149872223814771
2012-08-02,2012-08-01,SJC_Gold,41.96,41.99,42.11201689121255,11.149872223814771
2012-08-03,2012-08-02,SJC_Gold,41.97,41.96,42.11201689121255,11.149872223814771
2012-08-04,2012-08-03,SJC_Gold,42.03,41.97,42.11201689121255,11.149872223814771
2012-08-05,2012-08-04,SJC_Gold,42.03,42.03,42.11201689121255,11.149872223814771
2012-08-06,2012-08-05,SJC_Gold,42.17,42.03,42.11201689121255,11.149872223814771
2012-08-07,2012-08-06,SJC_Gold,42.34,42.17,42.11201689121255,11.149872223814771
2012-08-08,2012-08-07,SJC_Gold,42.24,42.34,42.11201689121255,11.149872223814771
2012-08-09,2012-08-08,SJC_Gold,42.28,42.24,42.11201689121255,11.149872223814771
2012-08-10,2012-08-09,SJC_Gold,42.27,42.28,42.11201689121255,11.149872223814771
2012-08-11,2012-08-10,SJC_Gold,42.35,42.27,42.11201689121255,11.149872223814771
2012-08-12,2012-08-11,SJC_Gold,42.35,42.35,42.11201689121255,11.149872223814771
2012-08-13,2012-08-12,SJC_Gold,42.53,42.35,42.11201689121255,11.149872223814771
2012-08-14,2012-08-13,SJC_Gold,42.52,42.53,42.11201689121255,11.149872223814771
2012-08-15,2012-08-14,SJC_Gold,42.3,42.52,42.11201689121255,11.149872223814771
2012-08-16,2012-08-15,SJC_Gold,42.38,42.3,42.11201689121255,11.149872223814771
2012-08-17,2012-08-16,SJC_Gold,42.54,42.38,42.11201689121255,11.149872223814771
2012-08-18,2012-08-17,SJC_Gold,42.53,42.54,42.11201689121255,11.149872223814771
2012-08-19,2012-08-18,SJC_Gold,42.53,42.53,42.11201689121255,11.149872223814771
2012-08-20,2012-08-19,SJC_Gold,42.58,42.53,42.11201689121255,11.149872223814771
2012-08-21,2012-08-20,SJC_Gold,42.98,42.58,42.11201689121255,11.149872223814771
2012-08-22,2012-08-21,SJC_Gold,43.7,42.98,42.11201689121255,11.149872223814771
2012-08-23,2012-08-22,SJC_Gold,44.45,43.7,42.11201689121255,11.149872223814771
2012-08-24,2012-08-23,SJC_Gold,44.2,44.45,42.11201689121255,11.149872223814771
2012-08-25,2012-08-24,SJC_Gold,44.25,44.2,42.11201689121255,11.149872223814771
2012-08-26,2012-08-25,SJC_Gold,44.25,44.25,42.11201689121255,11.149872223814771
2012-08-27,2012-08-26,SJC_Gold,44.5,44.25,42.11201689121255,11.149872223814771
2012-08-28,2012-08-27,SJC_Gold,44.47,44.5,42.11201689121255,11.149872223814771
2012-08-29,2012-08-28,SJC_Gold,44.57,44.47,42.11201689121255,11.149872223814771
2012-08-30,2012-08-29,SJC_Gold,44.5,44.57,42.11201689121255,11.149872223814771
2012-08-31,2012-08-30,SJC_Gold,44.52,44.5,42.11201689121255,11.149872223814771
2012-09-01,2012-08-31,SJC_Gold,45.15,44.52,42.11201689121255,11.149872223814771
2012-09-02,2012-09-01,SJC_Gold,45.15,45.15,42.11201689121255,11.149872223814771
2012-09-03,2012-09-02,SJC_Gold,45.15,45.15,42.11201689121255,11.149872223814771
2012-09-04,2012-09-03,SJC_Gold,45.15,45.15,42.11201689121255,11.149872223814771
2012-09-05,2012-09-04,SJC_Gold,45.28,45.15,42.11201689121255,11.149872223814771
2012-09-06,2012-09-05,SJC_Gold,46.1,45.28,42.11201689121255,11.149872223814771
2012-09-07,2012-09-06,SJC_Gold,45.6,46.1,42.11201689121255,11.149872223814771
2012-09-08,2012-09-07,SJC_Gold,46.25,45.6,42.11201689121255,11.149872223814771
2012-09-09,2012-09-08,SJC_Gold,46.25,46.25,42.11201689121255,11.149872223814771
2012-09-10,2012-09-09,SJC_Gold,46.22,46.25,42.11201689121255,11.149872223814771
2012-09-11,2012-09-10,SJC_Gold,46.22,46.22,42.11201689121255,11.149872223814771
2012-09-12,2012-09-11,SJC_Gold,46.62,46.22,42.11201689121255,11.149872223814771
2012-09-13,2012-09-12,SJC_Gold,46.45,46.62,42.11201689121255,11.149872223814771
2012-09-14,2012-09-13,SJC_Gold,47.24,46.45,42.11201689121255,11.149872223814771
2012-09-15,2012-09-14,SJC_Gold,46.95,47.24,42.11201689121255,11.149872223814771
2012-09-16,2012-09-15,SJC_Gold,46.95,46.95,42.11201689121255,11.149872223814771
2012-09-17,2012-09-16,SJC_Gold,46.85,46.95,42.11201689121255,11.149872223814771
2012-09-18,2012-09-17,SJC_Gold,46.65,46.85,42.11201689121255,11.149872223814771
2012-09-19,2012-09-18,SJC_Gold,47.25,46.65,42.11201689121255,11.149872223814771
2012-09-20,2012-09-19,SJC_Gold,46.92,47.25,42.11201689121255,11.149872223814771
2012-09-21,2012-09-20,SJC_Gold,47.05,46.92,42.11201689121255,11.149872223814771
2012-09-22,2012-09-21,SJC_Gold,46.99,47.05,42.11201689121255,11.149872223814771
2012-09-23,2012-09-22,SJC_Gold,46.99,46.99,42.11201689121255,11.149872223814771
2012-09-24,2012-09-23,SJC_Gold,46.86,46.99,42.11201689121255,11.149872223814771
2012-09-25,2012-09-24,SJC_Gold,47.05,46.86,42.11201689121255,11.149872223814771
2012-09-26,2012-09-25,SJC_Gold,47.14,47.05,42.11201689121255,11.149872223814771
2012-09-27,2012-09-26,SJC_Gold,47.1,47.14,42.11201689121255,11.149872223814771
2012-09-28,2012-09-27,SJC_Gold,47.46,47.1,42.11201689121255,11.149872223814771
2012-09-29,2012-09-28,SJC_Gold,47.4,47.46,42.11201689121255,11.149872223814771
2012-09-30,2012-09-29,SJC_Gold,47.4,47.4,42.11201689121255,11.149872223814771
2012-10-01,2012-09-30,SJC_Gold,47.55,47.4,42.11201689121255,11.149872223814771
2012-10-02,2012-10-01,SJC_Gold,47.85,47.55,42.11201689121255,11.149872223814771
2012-10-03,2012-10-02,SJC_Gold,47.8,47.85,42.11201689121255,11.149872223814771
2012-10-04,2012-10-03,SJC_Gold,48.12,47.8,42.11201689121255,11.149872223814771
2012-10-05,2012-10-04,SJC_Gold,48.18,48.12,42.11201689121255,11.149872223814771
2012-10-06,2012-10-05,SJC_Gold,47.97,48.18,42.11201689121255,11.149872223814771
2012-10-07,2012-10-06,SJC_Gold,47.97,47.97,42.11201689121255,11.149872223814771
2012-10-08,2012-10-07,SJC_Gold,47.84,47.97,42.11201689121255,11.149872223814771
2012-10-09,2012-10-08,SJC_Gold,47.79,47.84,42.11201689121255,11.149872223814771
2012-10-10,2012-10-09,SJC_Gold,47.58,47.79,42.11201689121255,11.149872223814771
2012-10-11,2012-10-10,SJC_Gold,47.7,47.58,42.11201689121255,11.149872223814771
2012-10-12,2012-10-11,SJC_Gold,47.73,47.7,42.11201689121255,11.149872223814771
2012-10-13,2012-10-12,SJC_Gold,47.5,47.73,42.11201689121255,11.149872223814771
2012-10-14,2012-10-13,SJC_Gold,47.5,47.5,42.11201689121255,11.149872223814771
2012-10-15,2012-10-14,SJC_Gold,47.21,47.5,42.11201689121255,11.149872223814771
2012-10-16,2012-10-15,SJC_Gold,46.73,47.21,42.11201689121255,11.149872223814771
2012-10-17,2012-10-16,SJC_Gold,47.0,46.73,42.11201689121255,11.149872223814771
2012-10-18,2012-10-17,SJC_Gold,47.01,47.0,42.11201689121255,11.149872223814771
2012-10-19,2012-10-18,SJC_Gold,46.87,47.01,42.11201689121255,11.149872223814771
2012-10-20,2012-10-19,SJC_Gold,46.62,46.87,42.11201689121255,11.149872223814771
2012-10-21,2012-10-20,SJC_Gold,46.62,46.62,42.11201689121255,11.149872223814771
2012-10-22,2012-10-21,SJC_Gold,46.22,46.62,42.11201689121255,11.149872223814771
2012-10-23,2012-10-22,SJC_Gold,46.33,46.22,42.11201689121255,11.149872223814771
2012-10-24,2012-10-23,SJC_Gold,46.25,46.33,42.11201689121255,11.149872223814771
2012-10-25,2012-10-24,SJC_Gold,46.4,46.25,42.11201689121255,11.149872223814771
2012-10-26,2012-10-25,SJC_Gold,46.29,46.4,42.11201689121255,11.149872223814771
2012-10-27,2012-10-26,SJC_Gold,46.35,46.29,42.11201689121255,11.149872223814771
2012-10-28,2012-10-27,SJC_Gold,46.35,46.35,42.11201689121255,11.149872223814771
2012-10-29,2012-10-28,SJC_Gold,46.28,46.35,42.11201689121255,11.149872223814771
2012-10-30,2012-10-29,SJC_Gold,46.24,46.28,42.11201689121255,11.149872223814771
2012-10-31,2012-10-30,SJC_Gold,46.13,46.24,42.11201689121255,11.149872223814771
2012-11-01,2012-10-31,SJC_Gold,46.43,46.13,42.11201689121255,11.149872223814771
2012-11-02,2012-11-01,SJC_Gold,46.43,46.43,42.11201689121255,11.149872223814771
2012-11-03,2012-11-02,SJC_Gold,45.95,46.43,42.11201689121255,11.149872223814771
2012-11-04,2012-11-03,SJC_Gold,45.95,45.95,42.11201689121255,11.149872223814771
2012-11-05,2012-11-04,SJC_Gold,46.02,45.95,42.11201689121255,11.149872223814771
2012-11-06,2012-11-05,SJC_Gold,46.3,46.02,42.11201689121255,11.149872223814771
2012-11-07,2012-11-06,SJC_Gold,47.05,46.3,42.11201689121255,11.149872223814771
2012-11-08,2012-11-07,SJC_Gold,46.88,47.05,42.11201689121255,11.149872223814771
2012-11-09,2012-11-08,SJC_Gold,47.12,46.88,42.11201689121255,11.149872223814771
2012-11-10,2012-11-09,SJC_Gold,47.05,47.12,42.11201689121255,11.149872223814771
2012-11-11,2012-11-10,SJC_Gold,47.05,47.05,42.11201689121255,11.149872223814771
2012-11-12,2012-11-11,SJC_Gold,47.05,47.05,42.11201689121255,11.149872223814771
2012-11-13,2012-11-12,SJC_Gold,46.98,47.05,42.11201689121255,11.149872223814771
2012-11-14,2012-11-13,SJC_Gold,47.09,46.98,42.11201689121255,11.149872223814771
2012-11-15,2012-11-14,SJC_Gold,47.08,47.09,42.11201689121255,11.149872223814771
2012-11-16,2012-11-15,SJC_Gold,46.98,47.08,42.11201689121255,11.149872223814771
2012-11-17,2012-11-16,SJC_Gold,46.98,46.98,42.11201689121255,11.149872223814771
2012-11-18,2012-11-17,SJC_Gold,46.98,46.98,42.11201689121255,11.149872223814771
2012-11-19,2012-11-18,SJC_Gold,47.13,46.98,42.11201689121255,11.149872223814771
2012-11-20,2012-11-19,SJC_Gold,47.35,47.13,42.11201689121255,11.149872223814771
2012-11-21,2012-11-20,SJC_Gold,47.18,47.35,42.11201689121255,11.149872223814771
2012-11-22,2012-11-21,SJC_Gold,47.17,47.18,42.11201689121255,11.149872223814771
2012-11-23,2012-11-22,SJC_Gold,47.14,47.17,42.11201689121255,11.149872223814771
2012-11-24,2012-11-23,SJC_Gold,47.4,47.14,42.11201689121255,11.149872223814771
2012-11-25,2012-11-24,SJC_Gold,47.4,47.4,42.11201689121255,11.149872223814771
2012-11-26,2012-11-25,SJC_Gold,47.35,47.4,42.11201689121255,11.149872223814771
2012-11-27,2012-11-26,SJC_Gold,47.35,47.35,42.11201689121255,11.149872223814771
2012-11-28,2012-11-27,SJC_Gold,47.22,47.35,42.11201689121255,11.149872223814771
2012-11-29,2012-11-28,SJC_Gold,47.15,47.22,42.11201689121255,11.149872223814771
2012-11-30,2012-11-29,SJC_Gold,47.12,47.15,42.11201689121255,11.149872223814771
2012-12-01,2012-11-30,SJC_Gold,46.97,47.12,42.11201689121255,11.149872223814771
2012-12-02,2012-12-01,SJC_Gold,46.97,46.97,42.11201689121255,11.149872223814771
2012-12-03,2012-12-02,SJC_Gold,46.98,46.97,42.11201689121255,11.149872223814771
2012-12-04,2012-12-03,SJC_Gold,46.87,46.98,42.11201689121255,11.149872223814771
2012-12-05,2012-12-04,SJC_Gold,46.88,46.87,42.11201689121255,11.149872223814771
2012-12-06,2012-12-05,SJC_Gold,46.75,46.88,42.11201689121255,11.149872223814771
2012-12-07,2012-12-06,SJC_Gold,46.88,46.75,42.11201689121255,11.149872223814771
2012-12-08,2012-12-07,SJC_Gold,46.92,46.88,42.11201689121255,11.149872223814771
2012-12-09,2012-12-08,SJC_Gold,46.92,46.92,42.11201689121255,11.149872223814771
2012-12-10,2012-12-09,SJC_Gold,46.97,46.92,42.11201689121255,11.149872223814771
2012-12-11,2012-12-10,SJC_Gold,46.93,46.97,42.11201689121255,11.149872223814771
2012-12-12,2012-12-11,SJC_Gold,46.94,46.93,42.11201689121255,11.149872223814771
2012-12-13,2012-12-12,SJC_Gold,46.81,46.94,42.11201689121255,11.149872223814771
2012-12-14,2012-12-13,SJC_Gold,46.78,46.81,42.11201689121255,11.149872223814771
2012-12-15,2012-12-14,SJC_Gold,46.77,46.78,42.11201689121255,11.149872223814771
2012-12-16,2012-12-15,SJC_Gold,46.77,46.77,42.11201689121255,11.149872223814771
2012-12-17,2012-12-16,SJC_Gold,46.7,46.77,42.11201689121255,11.149872223814771
2012-12-18,2012-12-17,SJC_Gold,46.73,46.7,42.11201689121255,11.149872223814771
2012-12-19,2012-12-18,SJC_Gold,46.46,46.73,42.11201689121255,11.149872223814771
2012-12-20,2012-12-19,SJC_Gold,46.48,46.46,42.11201689121255,11.149872223814771
2012-12-21,2012-12-20,SJC_Gold,46.3,46.48,42.11201689121255,11.149872223814771
2012-12-22,2012-12-21,SJC_Gold,46.35,46.3,42.11201689121255,11.149872223814771
2012-12-23,2012-12-22,SJC_Gold,46.35,46.35,42.11201689121255,11.149872223814771
2012-12-24,2012-12-23,SJC_Gold,46.65,46.35,42.11201689121255,11.149872223814771
2012-12-25,2012-12-24,SJC_Gold,46.58,46.65,42.11201689121255,11.149872223814771
2012-12-26,2012-12-25,SJC_Gold,46.5,46.58,42.11201689121255,11.149872223814771
2012-12-27,2012-12-26,SJC_Gold,46.25,46.5,42.11201689121255,11.149872223814771
2012-12-28,2012-12-27,SJC_Gold,46.3,46.25,42.11201689121255,11.149872223814771
2012-12-29,2012-12-28,SJC_Gold,46.3,46.3,42.11201689121255,11.149872223814771
2012-12-30,2012-12-29,SJC_Gold,46.3,46.3,42.11201689121255,11.149872223814771
2012-12-31,2012-12-30,SJC_Gold,46.3,46.3,42.11201689121255,11.149872223814771
2013-01-01,2012-12-31,SJC_Gold,46.3,46.3,42.11201689121255,11.149872223814771
2013-01-02,2013-01-01,SJC_Gold,46.74,46.3,42.11201689121255,11.149872223814771
2013-01-03,2013-01-02,SJC_Gold,46.72,46.74,42.11201689121255,11.149872223814771
2013-01-04,2013-01-03,SJC_Gold,46.36,46.72,42.11201689121255,11.149872223814771
2013-01-05,2013-01-04,SJC_Gold,46.53,46.36,42.11201689121255,11.149872223814771
2013-01-06,2013-01-05,SJC_Gold,46.53,46.53,42.11201689121255,11.149872223814771
2013-01-07,2013-01-06,SJC_Gold,46.5,46.53,42.11201689121255,11.149872223814771
2013-01-08,2013-01-07,SJC_Gold,46.42,46.5,42.11201689121255,11.149872223814771
2013-01-09,2013-01-08,SJC_Gold,46.43,46.42,42.11201689121255,11.149872223814771
2013-01-10,2013-01-09,SJC_Gold,46.08,46.43,42.11201689121255,11.149872223814771
2013-01-11,2013-01-10,SJC_Gold,45.75,46.08,42.11201689121255,11.149872223814771
2013-01-12,2013-01-11,SJC_Gold,45.3,45.75,42.11201689121255,11.149872223814771
2013-01-13,2013-01-12,SJC_Gold,45.3,45.3,42.11201689121255,11.149872223814771
2013-01-14,2013-01-13,SJC_Gold,44.6,45.3,42.11201689121255,11.149872223814771
2013-01-15,2013-01-14,SJC_Gold,45.1,44.6,42.11201689121255,11.149872223814771
2013-01-16,2013-01-15,SJC_Gold,45.3,45.1,42.11201689121255,11.149872223814771
2013-01-17,2013-01-16,SJC_Gold,45.35,45.3,42.11201689121255,11.149872223814771
2013-01-18,2013-01-17,SJC_Gold,45.8,45.35,42.11201689121255,11.149872223814771
2013-01-19,2013-01-18,SJC_Gold,45.7,45.8,42.11201689121255,11.149872223814771
2013-01-20,2013-01-19,SJC_Gold,45.7,45.7,42.11201689121255,11.149872223814771
2013-01-21,2013-01-20,SJC_Gold,45.9,45.7,42.11201689121255,11.149872223814771
2013-01-22,2013-01-21,SJC_Gold,46.2,45.9,42.11201689121255,11.149872223814771
2013-01-23,2013-01-22,SJC_Gold,45.97,46.2,42.11201689121255,11.149872223814771
2013-01-24,2013-01-23,SJC_Gold,45.7,45.97,42.11201689121255,11.149872223814771
2013-01-25,2013-01-24,SJC_Gold,45.55,45.7,42.11201689121255,11.149872223814771
2013-01-26,2013-01-25,SJC_Gold,45.4,45.55,42.11201689121255,11.149872223814771
2013-01-27,2013-01-26,SJC_Gold,45.4,45.4,42.11201689121255,11.149872223814771
2013-01-28,2013-01-27,SJC_Gold,45.23,45.4,42.11201689121255,11.149872223814771
2013-01-29,2013-01-28,SJC_Gold,45.4,45.23,42.11201689121255,11.149872223814771
2013-01-30,2013-01-29,SJC_Gold,45.5,45.4,42.11201689121255,11.149872223814771
2013-01-31,2013-01-30,SJC_Gold,45.62,45.5,42.11201689121255,11.149872223814771
2013-02-01,2013-01-31,SJC_Gold,45.45,45.62,42.11201689121255,11.149872223814771
2013-02-02,2013-02-01,SJC_Gold,45.5,45.45,42.11201689121255,11.149872223814771
2013-02-03,2013-02-02,SJC_Gold,45.5,45.5,42.11201689121255,11.149872223814771
2013-02-04,2013-02-03,SJC_Gold,45.55,45.5,42.11201689121255,11.149872223814771
2013-02-05,2013-02-04,SJC_Gold,45.53,45.55,42.11201689121255,11.149872223814771
2013-02-06,2013-02-05,SJC_Gold,45.5,45.53,42.11201689121255,11.149872223814771
2013-02-07,2013-02-06,SJC_Gold,45.72,45.5,42.11201689121255,11.149872223814771
2013-02-08,2013-02-07,SJC_Gold,45.75,45.72,42.11201689121255,11.149872223814771
2013-02-09,2013-02-08,SJC_Gold,45.75,45.75,42.11201689121255,11.149872223814771
2013-02-10,2013-02-09,SJC_Gold,45.75,45.75,42.11201689121255,11.149872223814771
2013-02-11,2013-02-10,SJC_Gold,45.75,45.75,42.11201689121255,11.149872223814771
2013-02-12,2013-02-11,SJC_Gold,45.75,45.75,42.11201689121255,11.149872223814771
2013-02-13,2013-02-12,SJC_Gold,45.75,45.75,42.11201689121255,11.149872223814771
2013-02-14,2013-02-13,SJC_Gold,45.75,45.75,42.11201689121255,11.149872223814771
2013-02-15,2013-02-14,SJC_Gold,45.75,45.75,42.11201689121255,11.149872223814771
2013-02-16,2013-02-15,SJC_Gold,45.75,45.75,42.11201689121255,11.149872223814771
2013-02-17,2013-02-16,SJC_Gold,45.75,45.75,42.11201689121255,11.149872223814771
2013-02-18,2013-02-17,SJC_Gold,45.3,45.75,42.11201689121255,11.149872223814771
2013-02-19,2013-02-18,SJC_Gold,45.4,45.3,42.11201689121255,11.149872223814771
2013-02-20,2013-02-19,SJC_Gold,45.17,45.4,42.11201689121255,11.149872223814771
2013-02-21,2013-02-20,SJC_Gold,44.9,45.17,42.11201689121255,11.149872223814771
2013-02-22,2013-02-21,SJC_Gold,45.08,44.9,42.11201689121255,11.149872223814771
2013-02-23,2013-02-22,SJC_Gold,45.07,45.08,42.11201689121255,11.149872223814771
2013-02-24,2013-02-23,SJC_Gold,45.07,45.07,42.11201689121255,11.149872223814771
2013-02-25,2013-02-24,SJC_Gold,45.05,45.07,42.11201689121255,11.149872223814771
2013-02-26,2013-02-25,SJC_Gold,44.7,45.05,42.11201689121255,11.149872223814771
2013-02-27,2013-02-26,SJC_Gold,43.7,44.7,42.11201689121255,11.149872223814771
2013-02-28,2013-02-27,SJC_Gold,43.3,43.7,42.11201689121255,11.149872223814771
2013-03-01,2013-02-28,SJC_Gold,43.5,43.3,42.11201689121255,11.149872223814771
2013-03-02,2013-03-01,SJC_Gold,43.65,43.5,42.11201689121255,11.149872223814771
2013-03-03,2013-03-02,SJC_Gold,43.65,43.65,42.11201689121255,11.149872223814771
2013-03-04,2013-03-03,SJC_Gold,43.73,43.65,42.11201689121255,11.149872223814771
2013-03-05,2013-03-04,SJC_Gold,43.85,43.73,42.11201689121255,11.149872223814771
2013-03-06,2013-03-05,SJC_Gold,44.05,43.85,42.11201689121255,11.149872223814771
2013-03-07,2013-03-06,SJC_Gold,44.02,44.05,42.11201689121255,11.149872223814771
2013-03-08,2013-03-07,SJC_Gold,44.0,44.02,42.11201689121255,11.149872223814771
2013-03-09,2013-03-08,SJC_Gold,43.95,44.0,42.11201689121255,11.149872223814771
2013-03-10,2013-03-09,SJC_Gold,43.95,43.95,42.11201689121255,11.149872223814771
2013-03-11,2013-03-10,SJC_Gold,43.89,43.95,42.11201689121255,11.149872223814771
2013-03-12,2013-03-11,SJC_Gold,43.9,43.89,42.11201689121255,11.149872223814771
2013-03-13,2013-03-12,SJC_Gold,44.1,43.9,42.11201689121255,11.149872223814771
2013-03-14,2013-03-13,SJC_Gold,44.05,44.1,42.11201689121255,11.149872223814771
2013-03-15,2013-03-14,SJC_Gold,44.05,44.05,42.11201689121255,11.149872223814771
2013-03-16,2013-03-15,SJC_Gold,44.1,44.05,42.11201689121255,11.149872223814771
2013-03-17,2013-03-16,SJC_Gold,44.1,44.1,42.11201689121255,11.149872223814771
2013-03-18,2013-03-17,SJC_Gold,44.12,44.1,42.11201689121255,11.149872223814771
2013-03-19,2013-03-18,SJC_Gold,44.08,44.12,42.11201689121255,11.149872223814771
2013-03-20,2013-03-19,SJC_Gold,44.05,44.08,42.11201689121255,11.149872223814771
2013-03-21,2013-03-20,SJC_Gold,43.95,44.05,42.11201689121255,11.149872223814771
2013-03-22,2013-03-21,SJC_Gold,43.94,43.95,42.11201689121255,11.149872223814771
2013-03-23,2013-03-22,SJC_Gold,43.93,43.94,42.11201689121255,11.149872223814771
2013-03-24,2013-03-23,SJC_Gold,43.93,43.93,42.11201689121255,11.149872223814771
2013-03-25,2013-03-24,SJC_Gold,43.83,43.93,42.11201689121255,11.149872223814771
2013-03-26,2013-03-25,SJC_Gold,43.71,43.83,42.11201689121255,11.149872223814771
2013-03-27,2013-03-26,SJC_Gold,43.45,43.71,42.11201689121255,11.149872223814771
2013-03-28,2013-03-27,SJC_Gold,43.85,43.45,42.11201689121255,11.149872223814771
2013-03-29,2013-03-28,SJC_Gold,43.83,43.85,42.11201689121255,11.149872223814771
2013-03-30,2013-03-29,SJC_Gold,43.87,43.83,42.11201689121255,11.149872223814771
2013-03-31,2013-03-30,SJC_Gold,43.87,43.87,42.11201689121255,11.149872223814771
2013-04-01,2013-03-31,SJC_Gold,43.84,43.87,42.11201689121255,11.149872223814771
2013-04-02,2013-04-01,SJC_Gold,43.89,43.84,42.11201689121255,11.149872223814771
2013-04-03,2013-04-02,SJC_Gold,43.68,43.89,42.11201689121255,11.149872223814771
2013-04-04,2013-04-03,SJC_Gold,43.35,43.68,42.11201689121255,11.149872223814771
2013-04-05,2013-04-04,SJC_Gold,43.4,43.35,42.11201689121255,11.149872223814771
2013-04-06,2013-04-05,SJC_Gold,43.6,43.4,42.11201689121255,11.149872223814771
2013-04-07,2013-04-06,SJC_Gold,43.6,43.6,42.11201689121255,11.149872223814771
2013-04-08,2013-04-07,SJC_Gold,43.45,43.6,42.11201689121255,11.149872223814771
2013-04-09,2013-04-08,SJC_Gold,43.34,43.45,42.11201689121255,11.149872223814771
2013-04-10,2013-04-09,SJC_Gold,43.33,43.34,42.11201689121255,11.149872223814771
2013-04-11,2013-04-10,SJC_Gold,43.06,43.33,42.11201689121255,11.149872223814771
2013-04-12,2013-04-11,SJC_Gold,42.98,43.06,42.11201689121255,11.149872223814771
2013-04-13,2013-04-12,SJC_Gold,42.2,42.98,42.11201689121255,11.149872223814771
2013-04-14,2013-04-13,SJC_Gold,42.2,42.2,42.11201689121255,11.149872223814771
2013-04-15,2013-04-14,SJC_Gold,41.4,42.2,42.11201689121255,11.149872223814771
2013-04-16,2013-04-15,SJC_Gold,41.4,41.4,42.11201689121255,11.149872223814771
2013-04-17,2013-04-16,SJC_Gold,41.35,41.4,42.11201689121255,11.149872223814771
2013-04-18,2013-04-17,SJC_Gold,41.5,41.35,42.11201689121255,11.149872223814771
2013-04-19,2013-04-18,SJC_Gold,41.5,41.5,42.11201689121255,11.149872223814771
2013-04-20,2013-04-19,SJC_Gold,42.0,41.5,42.11201689121255,11.149872223814771
2013-04-21,2013-04-20,SJC_Gold,42.0,42.0,42.11201689121255,11.149872223814771
2013-04-22,2013-04-21,SJC_Gold,42.13,42.0,42.11201689121255,11.149872223814771
2013-04-23,2013-04-22,SJC_Gold,42.12,42.13,42.11201689121255,11.149872223814771
2013-04-24,2013-04-23,SJC_Gold,42.22,42.12,42.11201689121255,11.149872223814771
2013-04-25,2013-04-24,SJC_Gold,42.38,42.22,42.11201689121255,11.149872223814771
2013-04-26,2013-04-25,SJC_Gold,42.9,42.38,42.11201689121255,11.149872223814771
2013-04-27,2013-04-26,SJC_Gold,42.9,42.9,42.11201689121255,11.149872223814771
2013-04-28,2013-04-27,SJC_Gold,42.9,42.9,42.11201689121255,11.149872223814771
2013-04-29,2013-04-28,SJC_Gold,42.9,42.9,42.11201689121255,11.149872223814771
2013-04-30,2013-04-29,SJC_Gold,42.9,42.9,42.11201689121255,11.149872223814771
2013-05-01,2013-04-30,SJC_Gold,42.9,42.9,42.11201689121255,11.149872223814771
2013-05-02,2013-05-01,SJC_Gold,42.35,42.9,42.11201689121255,11.149872223814771
2013-05-03,2013-05-02,SJC_Gold,42.38,42.35,42.11201689121255,11.149872223814771
2013-05-04,2013-05-03,SJC_Gold,42.23,42.38,42.11201689121255,11.149872223814771
2013-05-05,2013-05-04,SJC_Gold,42.23,42.23,42.11201689121255,11.149872223814771
2013-05-06,2013-05-05,SJC_Gold,41.95,42.23,42.11201689121255,11.149872223814771
2013-05-07,2013-05-06,SJC_Gold,41.45,41.95,42.11201689121255,11.149872223814771
2013-05-08,2013-05-07,SJC_Gold,41.4,41.45,42.11201689121255,11.149872223814771
2013-05-09,2013-05-08,SJC_Gold,41.64,41.4,42.11201689121255,11.149872223814771
2013-05-10,2013-05-09,SJC_Gold,41.41,41.64,42.11201689121255,11.149872223814771
2013-05-11,2013-05-10,SJC_Gold,41.45,41.41,42.11201689121255,11.149872223814771
2013-05-12,2013-05-11,SJC_Gold,41.45,41.45,42.11201689121255,11.149872223814771
2013-05-13,2013-05-12,SJC_Gold,41.35,41.45,42.11201689121255,11.149872223814771
2013-05-14,2013-05-13,SJC_Gold,41.34,41.35,42.11201689121255,11.149872223814771
2013-05-15,2013-05-14,SJC_Gold,41.15,41.34,42.11201689121255,11.149872223814771
2013-05-16,2013-05-15,SJC_Gold,40.83,41.15,42.11201689121255,11.149872223814771
2013-05-17,2013-05-16,SJC_Gold,40.9,40.83,42.11201689121255,11.149872223814771
2013-05-18,2013-05-17,SJC_Gold,40.75,40.9,42.11201689121255,11.149872223814771
2013-05-19,2013-05-18,SJC_Gold,40.75,40.75,42.11201689121255,11.149872223814771
2013-05-20,2013-05-19,SJC_Gold,40.65,40.75,42.11201689121255,11.149872223814771
2013-05-21,2013-05-20,SJC_Gold,40.76,40.65,42.11201689121255,11.149872223814771
2013-05-22,2013-05-21,SJC_Gold,40.95,40.76,42.11201689121255,11.149872223814771
2013-05-23,2013-05-22,SJC_Gold,40.85,40.95,42.11201689121255,11.149872223814771
2013-05-24,2013-05-23,SJC_Gold,40.83,40.85,42.11201689121255,11.149872223814771
2013-05-25,2013-05-24,SJC_Gold,40.85,40.83,42.11201689121255,11.149872223814771
2013-05-26,2013-05-25,SJC_Gold,40.85,40.85,42.11201689121255,11.149872223814771
2013-05-27,2013-05-26,SJC_Gold,41.0,40.85,42.11201689121255,11.149872223814771
2013-05-28,2013-05-27,SJC_Gold,40.87,41.0,42.11201689121255,11.149872223814771
2013-05-29,2013-05-28,SJC_Gold,40.9,40.87,42.11201689121255,11.149872223814771
2013-05-30,2013-05-29,SJC_Gold,41.0,40.9,42.11201689121255,11.149872223814771
2013-05-31,2013-05-30,SJC_Gold,41.2,41.0,42.11201689121255,11.149872223814771
2013-06-01,2013-05-31,SJC_Gold,41.0,41.2,42.11201689121255,11.149872223814771
2013-06-02,2013-06-01,SJC_Gold,41.0,41.0,42.11201689121255,11.149872223814771
2013-06-03,2013-06-02,SJC_Gold,41.03,41.0,42.11201689121255,11.149872223814771
2013-06-04,2013-06-03,SJC_Gold,41.06,41.03,42.11201689121255,11.149872223814771
2013-06-05,2013-06-04,SJC_Gold,41.04,41.06,42.11201689121255,11.149872223814771
2013-06-06,2013-06-05,SJC_Gold,40.92,41.04,42.11201689121255,11.149872223814771
2013-06-07,2013-06-06,SJC_Gold,40.89,40.92,42.11201689121255,11.149872223814771
2013-06-08,2013-06-07,SJC_Gold,40.77,40.89,42.11201689121255,11.149872223814771
2013-06-09,2013-06-08,SJC_Gold,40.77,40.77,42.11201689121255,11.149872223814771
2013-06-10,2013-06-09,SJC_Gold,40.8,40.77,42.11201689121255,11.149872223814771
2013-06-11,2013-06-10,SJC_Gold,40.67,40.8,42.11201689121255,11.149872223814771
2013-06-12,2013-06-11,SJC_Gold,40.68,40.67,42.11201689121255,11.149872223814771
2013-06-13,2013-06-12,SJC_Gold,40.68,40.68,42.11201689121255,11.149872223814771
2013-06-14,2013-06-13,SJC_Gold,40.46,40.68,42.11201689121255,11.149872223814771
2013-06-15,2013-06-14,SJC_Gold,40.5,40.46,42.11201689121255,11.149872223814771
2013-06-16,2013-06-15,SJC_Gold,40.5,40.5,42.11201689121255,11.149872223814771
2013-06-17,2013-06-16,SJC_Gold,40.36,40.5,42.11201689121255,11.149872223814771
2013-06-18,2013-06-17,SJC_Gold,40.05,40.36,42.11201689121255,11.149872223814771
2013-06-19,2013-06-18,SJC_Gold,39.93,40.05,42.11201689121255,11.149872223814771
2013-06-20,2013-06-19,SJC_Gold,39.35,39.93,42.11201689121255,11.149872223814771
2013-06-21,2013-06-20,SJC_Gold,39.2,39.35,42.11201689121255,11.149872223814771
2013-06-22,2013-06-21,SJC_Gold,39.4,39.2,42.11201689121255,11.149872223814771
2013-06-23,2013-06-22,SJC_Gold,39.4,39.4,42.11201689121255,11.149872223814771
2013-06-24,2013-06-23,SJC_Gold,38.85,39.4,42.11201689121255,11.149872223814771
2013-06-25,2013-06-24,SJC_Gold,38.67,38.85,42.11201689121255,11.149872223814771
2013-06-26,2013-06-25,SJC_Gold,37.5,38.67,42.11201689121255,11.149872223814771
2013-06-27,2013-06-26,SJC_Gold,36.65,37.5,42.11201689121255,11.149872223814771
2013-06-28,2013-06-27,SJC_Gold,37.0,36.65,42.11201689121255,11.149872223814771
2013-06-29,2013-06-28,SJC_Gold,37.7,37.0,42.11201689121255,11.149872223814771
2013-06-30,2013-06-29,SJC_Gold,37.7,37.7,42.11201689121255,11.149872223814771
2013-07-01,2013-06-30,SJC_Gold,37.15,37.7,42.11201689121255,11.149872223814771
2013-07-02,2013-07-01,SJC_Gold,37.55,37.15,42.11201689121255,11.149872223814771
2013-07-03,2013-07-02,SJC_Gold,37.6,37.55,42.11201689121255,11.149872223814771
2013-07-04,2013-07-03,SJC_Gold,38.2,37.6,42.11201689121255,11.149872223814771
2013-07-05,2013-07-04,SJC_Gold,38.1,38.2,42.11201689121255,11.149872223814771
2013-07-06,2013-07-05,SJC_Gold,38.2,38.1,42.11201689121255,11.149872223814771
2013-07-07,2013-07-06,SJC_Gold,38.2,38.2,42.11201689121255,11.149872223814771
2013-07-08,2013-07-07,SJC_Gold,37.65,38.2,42.11201689121255,11.149872223814771
2013-07-09,2013-07-08,SJC_Gold,37.7,37.65,42.11201689121255,11.149872223814771
2013-07-10,2013-07-09,SJC_Gold,37.6,37.7,42.11201689121255,11.149872223814771
2013-07-11,2013-07-10,SJC_Gold,37.7,37.6,42.11201689121255,11.149872223814771
2013-07-12,2013-07-11,SJC_Gold,37.45,37.7,42.11201689121255,11.149872223814771
2013-07-13,2013-07-12,SJC_Gold,37.5,37.45,42.11201689121255,11.149872223814771
2013-07-14,2013-07-13,SJC_Gold,37.5,37.5,42.11201689121255,11.149872223814771
2013-07-15,2013-07-14,SJC_Gold,37.58,37.5,42.11201689121255,11.149872223814771
2013-07-16,2013-07-15,SJC_Gold,37.45,37.58,42.11201689121255,11.149872223814771
2013-07-17,2013-07-16,SJC_Gold,37.62,37.45,42.11201689121255,11.149872223814771
2013-07-18,2013-07-17,SJC_Gold,37.74,37.62,42.11201689121255,11.149872223814771
2013-07-19,2013-07-18,SJC_Gold,37.78,37.74,42.11201689121255,11.149872223814771
2013-07-20,2013-07-19,SJC_Gold,37.9,37.78,42.11201689121255,11.149872223814771
2013-07-21,2013-07-20,SJC_Gold,37.9,37.9,42.11201689121255,11.149872223814771
2013-07-22,2013-07-21,SJC_Gold,38.24,37.9,42.11201689121255,11.149872223814771
2013-07-23,2013-07-22,SJC_Gold,38.7,38.24,42.11201689121255,11.149872223814771
2013-07-24,2013-07-23,SJC_Gold,38.85,38.7,42.11201689121255,11.149872223814771
2013-07-25,2013-07-24,SJC_Gold,38.3,38.85,42.11201689121255,11.149872223814771
2013-07-26,2013-07-25,SJC_Gold,38.45,38.3,42.11201689121255,11.149872223814771
2013-07-27,2013-07-26,SJC_Gold,38.5,38.45,42.11201689121255,11.149872223814771
2013-07-28,2013-07-27,SJC_Gold,38.5,38.5,42.11201689121255,11.149872223814771
2013-07-29,2013-07-28,SJC_Gold,38.42,38.5,42.11201689121255,11.149872223814771
2013-07-30,2013-07-29,SJC_Gold,38.1,38.42,42.11201689121255,11.149872223814771
2013-07-31,2013-07-30,SJC_Gold,38.1,38.1,42.11201689121255,11.149872223814771
2013-08-01,2013-07-31,SJC_Gold,37.78,38.1,42.11201689121255,11.149872223814771
2013-08-02,2013-08-01,SJC_Gold,37.57,37.78,42.11201689121255,11.149872223814771
2013-08-03,2013-08-02,SJC_Gold,37.85,37.57,42.11201689121255,11.149872223814771
2013-08-04,2013-08-03,SJC_Gold,37.85,37.85,42.11201689121255,11.149872223814771
2013-08-05,2013-08-04,SJC_Gold,37.78,37.85,42.11201689121255,11.149872223814771
2013-08-06,2013-08-05,SJC_Gold,37.55,37.78,42.11201689121255,11.149872223814771
2013-08-07,2013-08-06,SJC_Gold,37.45,37.55,42.11201689121255,11.149872223814771
2013-08-08,2013-08-07,SJC_Gold,37.65,37.45,42.11201689121255,11.149872223814771
2013-08-09,2013-08-08,SJC_Gold,37.85,37.65,42.11201689121255,11.149872223814771
2013-08-10,2013-08-09,SJC_Gold,37.9,37.85,42.11201689121255,11.149872223814771
2013-08-11,2013-08-10,SJC_Gold,37.9,37.9,42.11201689121255,11.149872223814771
2013-08-12,2013-08-11,SJC_Gold,37.97,37.9,42.11201689121255,11.149872223814771
2013-08-13,2013-08-12,SJC_Gold,37.93,37.97,42.11201689121255,11.149872223814771
2013-08-14,2013-08-13,SJC_Gold,37.77,37.93,42.11201689121255,11.149872223814771
2013-08-15,2013-08-14,SJC_Gold,37.93,37.77,42.11201689121255,11.149872223814771
2013-08-16,2013-08-15,SJC_Gold,38.15,37.93,42.11201689121255,11.149872223814771
2013-08-17,2013-08-16,SJC_Gold,38.25,38.15,42.11201689121255,11.149872223814771
2013-08-18,2013-08-17,SJC_Gold,38.25,38.25,42.11201689121255,11.149872223814771
2013-08-19,2013-08-18,SJC_Gold,38.26,38.25,42.11201689121255,11.149872223814771
2013-08-20,2013-08-19,SJC_Gold,38.08,38.26,42.11201689121255,11.149872223814771
2013-08-21,2013-08-20,SJC_Gold,38.03,38.08,42.11201689121255,11.149872223814771
2013-08-22,2013-08-21,SJC_Gold,37.9,38.03,42.11201689121255,11.149872223814771
2013-08-23,2013-08-22,SJC_Gold,37.88,37.9,42.11201689121255,11.149872223814771
2013-08-24,2013-08-23,SJC_Gold,38.1,37.88,42.11201689121255,11.149872223814771
2013-08-25,2013-08-24,SJC_Gold,38.1,38.1,42.11201689121255,11.149872223814771
2013-08-26,2013-08-25,SJC_Gold,38.1,38.1,42.11201689121255,11.149872223814771
2013-08-27,2013-08-26,SJC_Gold,38.2,38.1,42.11201689121255,11.149872223814771
2013-08-28,2013-08-27,SJC_Gold,38.8,38.2,42.11201689121255,11.149872223814771
2013-08-29,2013-08-28,SJC_Gold,38.55,38.8,42.11201689121255,11.149872223814771
2013-08-30,2013-08-29,SJC_Gold,38.45,38.55,42.11201689121255,11.149872223814771
2013-08-31,2013-08-30,SJC_Gold,38.45,38.45,42.11201689121255,11.149872223814771
2013-09-01,2013-08-31,SJC_Gold,38.45,38.45,42.11201689121255,11.149872223814771
2013-09-02,2013-09-01,SJC_Gold,38.45,38.45,42.11201689121255,11.149872223814771
2013-09-03,2013-09-02,SJC_Gold,38.33,38.45,42.11201689121255,11.149872223814771
2013-09-04,2013-09-03,SJC_Gold,38.47,38.33,42.11201689121255,11.149872223814771
2013-09-05,2013-09-04,SJC_Gold,38.47,38.47,42.11201689121255,11.149872223814771
2013-09-06,2013-09-05,SJC_Gold,38.33,38.47,42.11201689121255,11.149872223814771
2013-09-07,2013-09-06,SJC_Gold,38.47,38.33,42.11201689121255,11.149872223814771
2013-09-08,2013-09-07,SJC_Gold,38.47,38.47,42.11201689121255,11.149872223814771
2013-09-09,2013-09-08,SJC_Gold,38.47,38.47,42.11201689121255,11.149872223814771
2013-09-10,2013-09-09,SJC_Gold,38.37,38.47,42.11201689121255,11.149872223814771
2013-09-11,2013-09-10,SJC_Gold,38.15,38.37,42.11201689121255,11.149872223814771
2013-09-12,2013-09-11,SJC_Gold,37.85,38.15,42.11201689121255,11.149872223814771
2013-09-13,2013-09-12,SJC_Gold,37.55,37.85,42.11201689121255,11.149872223814771
2013-09-14,2013-09-13,SJC_Gold,37.7,37.55,42.11201689121255,11.149872223814771
2013-09-15,2013-09-14,SJC_Gold,37.7,37.7,42.11201689121255,11.149872223814771
2013-09-16,2013-09-15,SJC_Gold,37.64,37.7,42.11201689121255,11.149872223814771
2013-09-17,2013-09-16,SJC_Gold,37.57,37.64,42.11201689121255,11.149872223814771
2013-09-18,2013-09-17,SJC_Gold,37.47,37.57,42.11201689121255,11.149872223814771
2013-09-19,2013-09-18,SJC_Gold,38.05,37.47,42.11201689121255,11.149872223814771
2013-09-20,2013-09-19,SJC_Gold,37.83,38.05,42.11201689121255,11.149872223814771
2013-09-21,2013-09-20,SJC_Gold,37.55,37.83,42.11201689121255,11.149872223814771
2013-09-22,2013-09-21,SJC_Gold,37.55,37.55,42.11201689121255,11.149872223814771
2013-09-23,2013-09-22,SJC_Gold,37.62,37.55,42.11201689121255,11.149872223814771
2013-09-24,2013-09-23,SJC_Gold,37.53,37.62,42.11201689121255,11.149872223814771
2013-09-25,2013-09-24,SJC_Gold,37.5,37.53,42.11201689121255,11.149872223814771
2013-09-26,2013-09-25,SJC_Gold,37.56,37.5,42.11201689121255,11.149872223814771
2013-09-27,2013-09-26,SJC_Gold,37.48,37.56,42.11201689121255,11.149872223814771
2013-09-28,2013-09-27,SJC_Gold,37.58,37.48,42.11201689121255,11.149872223814771
2013-09-29,2013-09-28,SJC_Gold,37.58,37.58,42.11201689121255,11.149872223814771
2013-09-30,2013-09-29,SJC_Gold,37.56,37.58,42.11201689121255,11.149872223814771
2013-10-01,2013-09-30,SJC_Gold,37.6,37.56,42.11201689121255,11.149872223814771
2013-10-02,2013-10-01,SJC_Gold,37.42,37.6,42.11201689121255,11.149872223814771
2013-10-03,2013-10-02,SJC_Gold,37.5,37.42,42.11201689121255,11.149872223814771
2013-10-04,2013-10-03,SJC_Gold,37.5,37.5,42.11201689121255,11.149872223814771
2013-10-05,2013-10-04,SJC_Gold,37.5,37.5,42.11201689121255,11.149872223814771
2013-10-06,2013-10-05,SJC_Gold,37.5,37.5,42.11201689121255,11.149872223814771
2013-10-07,2013-10-06,SJC_Gold,37.5,37.5,42.11201689121255,11.149872223814771
2013-10-08,2013-10-07,SJC_Gold,37.55,37.5,42.11201689121255,11.149872223814771
2013-10-09,2013-10-08,SJC_Gold,37.5,37.55,42.11201689121255,11.149872223814771
2013-10-10,2013-10-09,SJC_Gold,37.41,37.5,42.11201689121255,11.149872223814771
2013-10-11,2013-10-10,SJC_Gold,37.35,37.41,42.11201689121255,11.149872223814771
2013-10-12,2013-10-11,SJC_Gold,37.3,37.35,42.11201689121255,11.149872223814771
2013-10-13,2013-10-12,SJC_Gold,37.3,37.3,42.11201689121255,11.149872223814771
2013-10-14,2013-10-13,SJC_Gold,37.27,37.3,42.11201689121255,11.149872223814771
2013-10-15,2013-10-14,SJC_Gold,37.1,37.27,42.11201689121255,11.149872223814771
2013-10-16,2013-10-15,SJC_Gold,37.2,37.1,42.11201689121255,11.149872223814771
2013-10-17,2013-10-16,SJC_Gold,37.32,37.2,42.11201689121255,11.149872223814771
2013-10-18,2013-10-17,SJC_Gold,37.36,37.32,42.11201689121255,11.149872223814771
2013-10-19,2013-10-18,SJC_Gold,37.35,37.36,42.11201689121255,11.149872223814771
2013-10-20,2013-10-19,SJC_Gold,37.35,37.35,42.11201689121255,11.149872223814771
2013-10-21,2013-10-20,SJC_Gold,37.34,37.35,42.11201689121255,11.149872223814771
2013-10-22,2013-10-21,SJC_Gold,37.27,37.34,42.11201689121255,11.149872223814771
2013-10-23,2013-10-22,SJC_Gold,37.37,37.27,42.11201689121255,11.149872223814771
2013-10-24,2013-10-23,SJC_Gold,37.34,37.37,42.11201689121255,11.149872223814771
2013-10-25,2013-10-24,SJC_Gold,37.34,37.34,42.11201689121255,11.149872223814771
2013-10-26,2013-10-25,SJC_Gold,37.4,37.34,42.11201689121255,11.149872223814771
2013-10-27,2013-10-26,SJC_Gold,37.4,37.4,42.11201689121255,11.149872223814771
2013-10-28,2013-10-27,SJC_Gold,37.32,37.4,42.11201689121255,11.149872223814771
2013-10-29,2013-10-28,SJC_Gold,37.27,37.32,42.11201689121255,11.149872223814771
2013-10-30,2013-10-29,SJC_Gold,37.26,37.27,42.11201689121255,11.149872223814771
2013-10-31,2013-10-30,SJC_Gold,37.16,37.26,42.11201689121255,11.149872223814771
2013-11-01,2013-10-31,SJC_Gold,36.97,37.16,42.11201689121255,11.149872223814771
2013-11-02,2013-11-01,SJC_Gold,36.92,36.97,42.11201689121255,11.149872223814771
2013-11-03,2013-11-02,SJC_Gold,36.92,36.92,42.11201689121255,11.149872223814771
2013-11-04,2013-11-03,SJC_Gold,36.82,36.92,42.11201689121255,11.149872223814771
2013-11-05,2013-11-04,SJC_Gold,36.71,36.82,42.11201689121255,11.149872223814771
2013-11-06,2013-11-05,SJC_Gold,36.72,36.71,42.11201689121255,11.149872223814771
2013-11-07,2013-11-06,SJC_Gold,36.8,36.72,42.11201689121255,11.149872223814771
2013-11-08,2013-11-07,SJC_Gold,36.7,36.8,42.11201689121255,11.149872223814771
2013-11-09,2013-11-08,SJC_Gold,36.6,36.7,42.11201689121255,11.149872223814771
2013-11-10,2013-11-09,SJC_Gold,36.6,36.6,42.11201689121255,11.149872223814771
2013-11-11,2013-11-10,SJC_Gold,36.54,36.6,42.11201689121255,11.149872223814771
2013-11-12,2013-11-11,SJC_Gold,36.51,36.54,42.11201689121255,11.149872223814771
2013-11-13,2013-11-12,SJC_Gold,36.44,36.51,42.11201689121255,11.149872223814771
2013-11-14,2013-11-13,SJC_Gold,36.53,36.44,42.11201689121255,11.149872223814771
2013-11-15,2013-11-14,SJC_Gold,36.53,36.53,42.11201689121255,11.149872223814771
2013-11-16,2013-11-15,SJC_Gold,36.54,36.53,42.11201689121255,11.149872223814771
2013-11-17,2013-11-16,SJC_Gold,36.54,36.54,42.11201689121255,11.149872223814771
2013-11-18,2013-11-17,SJC_Gold,36.51,36.54,42.11201689121255,11.149872223814771
2013-11-19,2013-11-18,SJC_Gold,36.45,36.51,42.11201689121255,11.149872223814771
2013-11-20,2013-11-19,SJC_Gold,36.43,36.45,42.11201689121255,11.149872223814771
2013-11-21,2013-11-20,SJC_Gold,36.07,36.43,42.11201689121255,11.149872223814771
2013-11-22,2013-11-21,SJC_Gold,35.99,36.07,42.11201689121255,11.149872223814771
2013-11-23,2013-11-22,SJC_Gold,35.94,35.99,42.11201689121255,11.149872223814771
2013-11-24,2013-11-23,SJC_Gold,35.94,35.94,42.11201689121255,11.149872223814771
2013-11-25,2013-11-24,SJC_Gold,35.23,35.94,42.11201689121255,11.149872223814771
2013-11-26,2013-11-25,SJC_Gold,35.5,35.23,42.11201689121255,11.149872223814771
2013-11-27,2013-11-26,SJC_Gold,35.4,35.5,42.11201689121255,11.149872223814771
2013-11-28,2013-11-27,SJC_Gold,35.28,35.4,42.11201689121255,11.149872223814771
2013-11-29,2013-11-28,SJC_Gold,35.45,35.28,42.11201689121255,11.149872223814771
2013-11-30,2013-11-29,SJC_Gold,35.55,35.45,42.11201689121255,11.149872223814771
2013-12-01,2013-11-30,SJC_Gold,35.55,35.55,42.11201689121255,11.149872223814771
2013-12-02,2013-12-01,SJC_Gold,35.45,35.55,42.11201689121255,11.149872223814771
2013-12-03,2013-12-02,SJC_Gold,35.24,35.45,42.11201689121255,11.149872223814771
2013-12-04,2013-12-03,SJC_Gold,35.2,35.24,42.11201689121255,11.149872223814771
2013-12-05,2013-12-04,SJC_Gold,35.38,35.2,42.11201689121255,11.149872223814771
2013-12-06,2013-12-05,SJC_Gold,35.35,35.38,42.11201689121255,11.149872223814771
2013-12-07,2013-12-06,SJC_Gold,35.36,35.35,42.11201689121255,11.149872223814771
2013-12-08,2013-12-07,SJC_Gold,35.36,35.36,42.11201689121255,11.149872223814771
2013-12-09,2013-12-08,SJC_Gold,35.36,35.36,42.11201689121255,11.149872223814771
2013-12-10,2013-12-09,SJC_Gold,35.5,35.36,42.11201689121255,11.149872223814771
2013-12-11,2013-12-10,SJC_Gold,35.76,35.5,42.11201689121255,11.149872223814771
2013-12-12,2013-12-11,SJC_Gold,35.7,35.76,42.11201689121255,11.149872223814771
2013-12-13,2013-12-12,SJC_Gold,35.42,35.7,42.11201689121255,11.149872223814771
2013-12-14,2013-12-13,SJC_Gold,35.54,35.42,42.11201689121255,11.149872223814771
2013-12-15,2013-12-14,SJC_Gold,35.54,35.54,42.11201689121255,11.149872223814771
2013-12-16,2013-12-15,SJC_Gold,35.41,35.54,42.11201689121255,11.149872223814771
2013-12-17,2013-12-16,SJC_Gold,35.5,35.41,42.11201689121255,11.149872223814771
2013-12-18,2013-12-17,SJC_Gold,35.47,35.5,42.11201689121255,11.149872223814771
2013-12-19,2013-12-18,SJC_Gold,35.25,35.47,42.11201689121255,11.149872223814771
2013-12-20,2013-12-19,SJC_Gold,35.12,35.25,42.11201689121255,11.149872223814771
2013-12-21,2013-12-20,SJC_Gold,35.26,35.12,42.11201689121255,11.149872223814771
2013-12-22,2013-12-21,SJC_Gold,35.26,35.26,42.11201689121255,11.149872223814771
2013-12-23,2013-12-22,SJC_Gold,35.15,35.26,42.11201689121255,11.149872223814771
2013-12-24,2013-12-23,SJC_Gold,35.06,35.15,42.11201689121255,11.149872223814771
2013-12-25,2013-12-24,SJC_Gold,35.08,35.06,42.11201689121255,11.149872223814771
2013-12-26,2013-12-25,SJC_Gold,35.12,35.08,42.11201689121255,11.149872223814771
2013-12-27,2013-12-26,SJC_Gold,35.15,35.12,42.11201689121255,11.149872223814771
2013-12-28,2013-12-27,SJC_Gold,35.08,35.15,42.11201689121255,11.149872223814771
2013-12-29,2013-12-28,SJC_Gold,35.08,35.08,42.11201689121255,11.149872223814771
2013-12-30,2013-12-29,SJC_Gold,34.92,35.08,42.11201689121255,11.149872223814771
2013-12-31,2013-12-30,SJC_Gold,34.78,34.92,42.11201689121255,11.149872223814771
2014-01-01,2013-12-31,SJC_Gold,34.78,34.78,42.11201689121255,11.149872223814771
2014-01-02,2014-01-01,SJC_Gold,35.02,34.78,42.11201689121255,11.149872223814771
2014-01-03,2014-01-02,SJC_Gold,35.09,35.02,42.11201689121255,11.149872223814771
2014-01-04,2014-01-03,SJC_Gold,35.13,35.09,42.11201689121255,11.149872223814771
2014-01-05,2014-01-04,SJC_Gold,35.13,35.13,42.11201689121255,11.149872223814771
2014-01-06,2014-01-05,SJC_Gold,35.23,35.13,42.11201689121255,11.149872223814771
2014-01-07,2014-01-06,SJC_Gold,35.19,35.23,42.11201689121255,11.149872223814771
2014-01-08,2014-01-07,SJC_Gold,35.04,35.19,42.11201689121255,11.149872223814771
2014-01-09,2014-01-08,SJC_Gold,35.06,35.04,42.11201689121255,11.149872223814771
2014-01-10,2014-01-09,SJC_Gold,35.09,35.06,42.11201689121255,11.149872223814771
2014-01-11,2014-01-10,SJC_Gold,35.25,35.09,42.11201689121255,11.149872223814771
2014-01-12,2014-01-11,SJC_Gold,35.25,35.25,42.11201689121255,11.149872223814771
2014-01-13,2014-01-12,SJC_Gold,35.23,35.25,42.11201689121255,11.149872223814771
2014-01-14,2014-01-13,SJC_Gold,35.22,35.23,42.11201689121255,11.149872223814771
2014-01-15,2014-01-14,SJC_Gold,35.03,35.22,42.11201689121255,11.149872223814771
2014-01-16,2014-01-15,SJC_Gold,35.03,35.03,42.11201689121255,11.149872223814771
2014-01-17,2014-01-16,SJC_Gold,35.09,35.03,42.11201689121255,11.149872223814771
2014-01-18,2014-01-17,SJC_Gold,35.19,35.09,42.11201689121255,11.149872223814771
2014-01-19,2014-01-18,SJC_Gold,35.19,35.19,42.11201689121255,11.149872223814771
2014-01-20,2014-01-19,SJC_Gold,35.07,35.19,42.11201689121255,11.149872223814771
2014-01-21,2014-01-20,SJC_Gold,35.02,35.07,42.11201689121255,11.149872223814771
2014-01-22,2014-01-21,SJC_Gold,34.92,35.02,42.11201689121255,11.149872223814771
2014-01-23,2014-01-22,SJC_Gold,35.02,34.92,42.11201689121255,11.149872223814771
2014-01-24,2014-01-23,SJC_Gold,35.07,35.02,42.11201689121255,11.149872223814771
2014-01-25,2014-01-24,SJC_Gold,35.26,35.07,42.11201689121255,11.149872223814771
2014-01-26,2014-01-25,SJC_Gold,35.26,35.26,42.11201689121255,11.149872223814771
2014-01-27,2014-01-26,SJC_Gold,35.36,35.26,42.11201689121255,11.149872223814771
2014-01-28,2014-01-27,SJC_Gold,35.36,35.36,42.11201689121255,11.149872223814771
2014-01-29,2014-01-28,SJC_Gold,35.36,35.36,42.11201689121255,11.149872223814771
2014-01-30,2014-01-29,SJC_Gold,35.36,35.36,42.11201689121255,11.149872223814771
2014-01-31,2014-01-30,SJC_Gold,35.36,35.36,42.11201689121255,11.149872223814771
2014-02-01,2014-01-31,SJC_Gold,35.36,35.36,42.11201689121255,11.149872223814771
2014-02-02,2014-02-01,SJC_Gold,35.36,35.36,42.11201689121255,11.149872223814771
2014-02-03,2014-02-02,SJC_Gold,35.36,35.36,42.11201689121255,11.149872223814771
2014-02-04,2014-02-03,SJC_Gold,35.36,35.36,42.11201689121255,11.149872223814771
2014-02-05,2014-02-04,SJC_Gold,35.36,35.36,42.11201689121255,11.149872223814771
2014-02-06,2014-02-05,SJC_Gold,35.3,35.36,42.11201689121255,11.149872223814771
2014-02-07,2014-02-06,SJC_Gold,35.37,35.3,42.11201689121255,11.149872223814771
2014-02-08,2014-02-07,SJC_Gold,35.44,35.37,42.11201689121255,11.149872223814771
2014-02-09,2014-02-08,SJC_Gold,35.48,35.44,42.11201689121255,11.149872223814771
2014-02-10,2014-02-09,SJC_Gold,35.46,35.48,42.11201689121255,11.149872223814771
2014-02-11,2014-02-10,SJC_Gold,35.54,35.46,42.11201689121255,11.149872223814771
2014-02-12,2014-02-11,SJC_Gold,35.53,35.54,42.11201689121255,11.149872223814771
2014-02-13,2014-02-12,SJC_Gold,35.52,35.53,42.11201689121255,11.149872223814771
2014-02-14,2014-02-13,SJC_Gold,35.94,35.52,42.11201689121255,11.149872223814771
2014-02-15,2014-02-14,SJC_Gold,36.19,35.94,42.11201689121255,11.149872223814771
2014-02-16,2014-02-15,SJC_Gold,36.19,36.19,42.11201689121255,11.149872223814771
2014-02-17,2014-02-16,SJC_Gold,36.78,36.19,42.11201689121255,11.149872223814771
2014-02-18,2014-02-17,SJC_Gold,36.52,36.78,42.11201689121255,11.149872223814771
2014-02-19,2014-02-18,SJC_Gold,36.4,36.52,42.11201689121255,11.149872223814771
2014-02-20,2014-02-19,SJC_Gold,36.13,36.4,42.11201689121255,11.149872223814771
2014-02-21,2014-02-20,SJC_Gold,36.16,36.13,42.11201689121255,11.149872223814771
2014-02-22,2014-02-21,SJC_Gold,36.21,36.16,42.11201689121255,11.149872223814771
2014-02-23,2014-02-22,SJC_Gold,36.21,36.21,42.11201689121255,11.149872223814771
2014-02-24,2014-02-23,SJC_Gold,36.35,36.21,42.11201689121255,11.149872223814771
2014-02-25,2014-02-24,SJC_Gold,36.43,36.35,42.11201689121255,11.149872223814771
2014-02-26,2014-02-25,SJC_Gold,36.43,36.43,42.11201689121255,11.149872223814771
2014-02-27,2014-02-26,SJC_Gold,36.18,36.43,42.11201689121255,11.149872223814771
2014-02-28,2014-02-27,SJC_Gold,36.17,36.18,42.11201689121255,11.149872223814771
2014-03-01,2014-02-28,SJC_Gold,36.16,36.17,42.11201689121255,11.149872223814771
2014-03-02,2014-03-01,SJC_Gold,36.16,36.16,42.11201689121255,11.149872223814771
2014-03-03,2014-03-02,SJC_Gold,36.34,36.16,42.11201689121255,11.149872223814771
2014-03-04,2014-03-03,SJC_Gold,36.22,36.34,42.11201689121255,11.149872223814771
2014-03-05,2014-03-04,SJC_Gold,36.13,36.22,42.11201689121255,11.149872223814771
2014-03-06,2014-03-05,SJC_Gold,36.12,36.13,42.11201689121255,11.149872223814771
2014-03-07,2014-03-06,SJC_Gold,36.22,36.12,42.11201689121255,11.149872223814771
2014-03-08,2014-03-07,SJC_Gold,36.16,36.22,42.11201689121255,11.149872223814771
2014-03-09,2014-03-08,SJC_Gold,36.16,36.16,42.11201689121255,11.149872223814771
2014-03-10,2014-03-09,SJC_Gold,36.11,36.16,42.11201689121255,11.149872223814771
2014-03-11,2014-03-10,SJC_Gold,36.19,36.11,42.11201689121255,11.149872223814771
2014-03-12,2014-03-11,SJC_Gold,36.26,36.19,42.11201689121255,11.149872223814771
2014-03-13,2014-03-12,SJC_Gold,36.32,36.26,42.11201689121255,11.149872223814771
2014-03-14,2014-03-13,SJC_Gold,36.27,36.32,42.11201689121255,11.149872223814771
2014-03-15,2014-03-14,SJC_Gold,36.4,36.27,42.11201689121255,11.149872223814771
2014-03-16,2014-03-15,SJC_Gold,36.4,36.4,42.11201689121255,11.149872223814771
2014-03-17,2014-03-16,SJC_Gold,36.39,36.4,42.11201689121255,11.149872223814771
2014-03-18,2014-03-17,SJC_Gold,36.24,36.39,42.11201689121255,11.149872223814771
2014-03-19,2014-03-18,SJC_Gold,36.16,36.24,42.11201689121255,11.149872223814771
2014-03-20,2014-03-19,SJC_Gold,35.97,36.16,42.11201689121255,11.149872223814771
2014-03-21,2014-03-20,SJC_Gold,36.04,35.97,42.11201689121255,11.149872223814771
2014-03-22,2014-03-21,SJC_Gold,36.04,36.04,42.11201689121255,11.149872223814771
2014-03-23,2014-03-22,SJC_Gold,36.04,36.04,42.11201689121255,11.149872223814771
2014-03-24,2014-03-23,SJC_Gold,35.91,36.04,42.11201689121255,11.149872223814771
2014-03-25,2014-03-24,SJC_Gold,35.76,35.91,42.11201689121255,11.149872223814771
2014-03-26,2014-03-25,SJC_Gold,35.75,35.76,42.11201689121255,11.149872223814771
2014-03-27,2014-03-26,SJC_Gold,35.56,35.75,42.11201689121255,11.149872223814771
2014-03-28,2014-03-27,SJC_Gold,35.55,35.56,42.11201689121255,11.149872223814771
2014-03-29,2014-03-28,SJC_Gold,35.57,35.55,42.11201689121255,11.149872223814771
2014-03-30,2014-03-29,SJC_Gold,35.57,35.57,42.11201689121255,11.149872223814771
2014-03-31,2014-03-30,SJC_Gold,35.55,35.57,42.11201689121255,11.149872223814771
2014-04-01,2014-03-31,SJC_Gold,35.42,35.55,42.11201689121255,11.149872223814771
2014-04-02,2014-04-01,SJC_Gold,35.39,35.42,42.11201689121255,11.149872223814771
2014-04-03,2014-04-02,SJC_Gold,35.42,35.39,42.11201689121255,11.149872223814771
2014-04-04,2014-04-03,SJC_Gold,35.51,35.42,42.11201689121255,11.149872223814771
2014-04-05,2014-04-04,SJC_Gold,35.62,35.51,42.11201689121255,11.149872223814771
2014-04-06,2014-04-05,SJC_Gold,35.62,35.62,42.11201689121255,11.149872223814771
2014-04-07,2014-04-06,SJC_Gold,35.63,35.62,42.11201689121255,11.149872223814771
2014-04-08,2014-04-07,SJC_Gold,35.74,35.63,42.11201689121255,11.149872223814771
2014-04-09,2014-04-08,SJC_Gold,35.74,35.74,42.11201689121255,11.149872223814771
2014-04-10,2014-04-09,SJC_Gold,35.86,35.74,42.11201689121255,11.149872223814771
2014-04-11,2014-04-10,SJC_Gold,35.79,35.86,42.11201689121255,11.149872223814771
2014-04-12,2014-04-11,SJC_Gold,35.79,35.79,42.11201689121255,11.149872223814771
2014-04-13,2014-04-12,SJC_Gold,35.79,35.79,42.11201689121255,11.149872223814771
2014-04-14,2014-04-13,SJC_Gold,35.91,35.79,42.11201689121255,11.149872223814771
2014-04-15,2014-04-14,SJC_Gold,35.71,35.91,42.11201689121255,11.149872223814771
2014-04-16,2014-04-15,SJC_Gold,35.51,35.71,42.11201689121255,11.149872223814771
2014-04-17,2014-04-16,SJC_Gold,35.49,35.51,42.11201689121255,11.149872223814771
2014-04-18,2014-04-17,SJC_Gold,35.46,35.49,42.11201689121255,11.149872223814771
2014-04-19,2014-04-18,SJC_Gold,35.5,35.46,42.11201689121255,11.149872223814771
2014-04-20,2014-04-19,SJC_Gold,35.5,35.5,42.11201689121255,11.149872223814771
2014-04-21,2014-04-20,SJC_Gold,35.4,35.5,42.11201689121255,11.149872223814771
2014-04-22,2014-04-21,SJC_Gold,35.41,35.4,42.11201689121255,11.149872223814771
2014-04-23,2014-04-22,SJC_Gold,35.38,35.41,42.11201689121255,11.149872223814771
2014-04-24,2014-04-23,SJC_Gold,35.41,35.38,42.11201689121255,11.149872223814771
2014-04-25,2014-04-24,SJC_Gold,35.5,35.41,42.11201689121255,11.149872223814771
2014-04-26,2014-04-25,SJC_Gold,35.65,35.5,42.11201689121255,11.149872223814771
2014-04-27,2014-04-26,SJC_Gold,35.65,35.65,42.11201689121255,11.149872223814771
2014-04-28,2014-04-27,SJC_Gold,35.61,35.65,42.11201689121255,11.149872223814771
2014-04-29,2014-04-28,SJC_Gold,35.46,35.61,42.11201689121255,11.149872223814771
2014-04-30,2014-04-29,SJC_Gold,35.46,35.46,42.11201689121255,11.149872223814771
2014-05-01,2014-04-30,SJC_Gold,35.46,35.46,42.11201689121255,11.149872223814771
2014-05-02,2014-05-01,SJC_Gold,35.46,35.46,42.11201689121255,11.149872223814771
2014-05-03,2014-05-02,SJC_Gold,35.46,35.46,42.11201689121255,11.149872223814771
2014-05-04,2014-05-03,SJC_Gold,35.46,35.46,42.11201689121255,11.149872223814771
2014-05-05,2014-05-04,SJC_Gold,35.59,35.46,42.11201689121255,11.149872223814771
2014-05-06,2014-05-05,SJC_Gold,35.5,35.59,42.11201689121255,11.149872223814771
2014-05-07,2014-05-06,SJC_Gold,35.51,35.5,42.11201689121255,11.149872223814771
2014-05-08,2014-05-07,SJC_Gold,35.42,35.51,42.11201689121255,11.149872223814771
2014-05-09,2014-05-08,SJC_Gold,35.48,35.42,42.11201689121255,11.149872223814771
2014-05-10,2014-05-09,SJC_Gold,35.6,35.48,42.11201689121255,11.149872223814771
2014-05-11,2014-05-10,SJC_Gold,35.6,35.6,42.11201689121255,11.149872223814771
2014-05-12,2014-05-11,SJC_Gold,35.66,35.6,42.11201689121255,11.149872223814771
2014-05-13,2014-05-12,SJC_Gold,35.73,35.66,42.11201689121255,11.149872223814771
2014-05-14,2014-05-13,SJC_Gold,35.72,35.73,42.11201689121255,11.149872223814771
2014-05-15,2014-05-14,SJC_Gold,36.45,35.72,42.11201689121255,11.149872223814771
2014-05-16,2014-05-15,SJC_Gold,36.5,36.45,42.11201689121255,11.149872223814771
2014-05-17,2014-05-16,SJC_Gold,36.5,36.5,42.11201689121255,11.149872223814771
2014-05-18,2014-05-17,SJC_Gold,36.55,36.5,42.11201689121255,11.149872223814771
2014-05-19,2014-05-18,SJC_Gold,36.55,36.55,42.11201689121255,11.149872223814771
2014-05-20,2014-05-19,SJC_Gold,36.9,36.55,42.11201689121255,11.149872223814771
2014-05-21,2014-05-20,SJC_Gold,37.15,36.9,42.11201689121255,11.149872223814771
2014-05-22,2014-05-21,SJC_Gold,36.62,37.15,42.11201689121255,11.149872223814771
2014-05-23,2014-05-22,SJC_Gold,36.72,36.62,42.11201689121255,11.149872223814771
2014-05-24,2014-05-23,SJC_Gold,36.9,36.72,42.11201689121255,11.149872223814771
2014-05-25,2014-05-24,SJC_Gold,36.85,36.9,42.11201689121255,11.149872223814771
2014-05-26,2014-05-25,SJC_Gold,36.73,36.85,42.11201689121255,11.149872223814771
2014-05-27,2014-05-26,SJC_Gold,36.75,36.73,42.11201689121255,11.149872223814771
2014-05-28,2014-05-27,SJC_Gold,36.56,36.75,42.11201689121255,11.149872223814771
2014-05-29,2014-05-28,SJC_Gold,36.44,36.56,42.11201689121255,11.149872223814771
2014-05-30,2014-05-29,SJC_Gold,36.5,36.44,42.11201689121255,11.149872223814771
2014-05-31,2014-05-30,SJC_Gold,36.48,36.5,42.11201689121255,11.149872223814771
2014-06-01,2014-05-31,SJC_Gold,36.48,36.48,42.11201689121255,11.149872223814771
2014-06-02,2014-06-01,SJC_Gold,36.33,36.48,42.11201689121255,11.149872223814771
2014-06-03,2014-06-02,SJC_Gold,36.26,36.33,42.11201689121255,11.149872223814771
2014-06-04,2014-06-03,SJC_Gold,36.04,36.26,42.11201689121255,11.149872223814771
2014-06-05,2014-06-04,SJC_Gold,36.0,36.04,42.11201689121255,11.149872223814771
2014-06-06,2014-06-05,SJC_Gold,36.35,36.0,42.11201689121255,11.149872223814771
2014-06-07,2014-06-06,SJC_Gold,36.32,36.35,42.11201689121255,11.149872223814771
2014-06-08,2014-06-07,SJC_Gold,36.33,36.32,42.11201689121255,11.149872223814771
2014-06-09,2014-06-08,SJC_Gold,36.36,36.33,42.11201689121255,11.149872223814771
2014-06-10,2014-06-09,SJC_Gold,36.37,36.36,42.11201689121255,11.149872223814771
2014-06-11,2014-06-10,SJC_Gold,36.67,36.37,42.11201689121255,11.149872223814771
2014-06-12,2014-06-11,SJC_Gold,36.67,36.67,42.11201689121255,11.149872223814771
2014-06-13,2014-06-12,SJC_Gold,36.85,36.67,42.11201689121255,11.149872223814771
2014-06-14,2014-06-13,SJC_Gold,36.8,36.85,42.11201689121255,11.149872223814771
2014-06-15,2014-06-14,SJC_Gold,36.78,36.8,42.11201689121255,11.149872223814771
2014-06-16,2014-06-15,SJC_Gold,36.75,36.78,42.11201689121255,11.149872223814771
2014-06-17,2014-06-16,SJC_Gold,36.48,36.75,42.11201689121255,11.149872223814771
2014-06-18,2014-06-17,SJC_Gold,36.55,36.48,42.11201689121255,11.149872223814771
2014-06-19,2014-06-18,SJC_Gold,36.82,36.55,42.11201689121255,11.149872223814771
2014-06-20,2014-06-19,SJC_Gold,37.1,36.82,42.11201689121255,11.149872223814771
2014-06-21,2014-06-20,SJC_Gold,37.05,37.1,42.11201689121255,11.149872223814771
2014-06-22,2014-06-21,SJC_Gold,37.0,37.05,42.11201689121255,11.149872223814771
2014-06-23,2014-06-22,SJC_Gold,36.82,37.0,42.11201689121255,11.149872223814771
2014-06-24,2014-06-23,SJC_Gold,36.88,36.82,42.11201689121255,11.149872223814771
2014-06-25,2014-06-24,SJC_Gold,36.83,36.88,42.11201689121255,11.149872223814771
2014-06-26,2014-06-25,SJC_Gold,36.76,36.83,42.11201689121255,11.149872223814771
2014-06-27,2014-06-26,SJC_Gold,36.83,36.76,42.11201689121255,11.149872223814771
2014-06-28,2014-06-27,SJC_Gold,36.82,36.83,42.11201689121255,11.149872223814771
2014-06-29,2014-06-28,SJC_Gold,36.82,36.82,42.11201689121255,11.149872223814771
2014-06-30,2014-06-29,SJC_Gold,36.8,36.82,42.11201689121255,11.149872223814771
2014-07-01,2014-06-30,SJC_Gold,36.93,36.8,42.11201689121255,11.149872223814771
2014-07-02,2014-07-01,SJC_Gold,36.92,36.93,42.11201689121255,11.149872223814771
2014-07-03,2014-07-02,SJC_Gold,36.89,36.92,42.11201689121255,11.149872223814771
2014-07-04,2014-07-03,SJC_Gold,36.85,36.89,42.11201689121255,11.149872223814771
2014-07-05,2014-07-04,SJC_Gold,36.84,36.85,42.11201689121255,11.149872223814771
2014-07-06,2014-07-05,SJC_Gold,36.82,36.84,42.11201689121255,11.149872223814771
2014-07-07,2014-07-06,SJC_Gold,36.78,36.82,42.11201689121255,11.149872223814771
2014-07-08,2014-07-07,SJC_Gold,36.84,36.78,42.11201689121255,11.149872223814771
2014-07-09,2014-07-08,SJC_Gold,36.88,36.84,42.11201689121255,11.149872223814771
2014-07-10,2014-07-09,SJC_Gold,36.98,36.88,42.11201689121255,11.149872223814771
2014-07-11,2014-07-10,SJC_Gold,37.0,36.98,42.11201689121255,11.149872223814771
2014-07-12,2014-07-11,SJC_Gold,36.96,37.0,42.11201689121255,11.149872223814771
2014-07-13,2014-07-12,SJC_Gold,36.96,36.96,42.11201689121255,11.149872223814771
2014-07-14,2014-07-13,SJC_Gold,36.86,36.96,42.11201689121255,11.149872223814771
2014-07-15,2014-07-14,SJC_Gold,36.84,36.86,42.11201689121255,11.149872223814771
2014-07-16,2014-07-15,SJC_Gold,36.76,36.84,42.11201689121255,11.149872223814771
2014-07-17,2014-07-16,SJC_Gold,36.83,36.76,42.11201689121255,11.149872223814771
2014-07-18,2014-07-17,SJC_Gold,36.88,36.83,42.11201689121255,11.149872223814771
2014-07-19,2014-07-18,SJC_Gold,36.86,36.88,42.11201689121255,11.149872223814771
2014-07-20,2014-07-19,SJC_Gold,36.85,36.86,42.11201689121255,11.149872223814771
2014-07-21,2014-07-20,SJC_Gold,36.84,36.85,42.11201689121255,11.149872223814771
2014-07-22,2014-07-21,SJC_Gold,36.78,36.84,42.11201689121255,11.149872223814771
2014-07-23,2014-07-22,SJC_Gold,36.77,36.78,42.11201689121255,11.149872223814771
2014-07-24,2014-07-23,SJC_Gold,36.71,36.77,42.11201689121255,11.149872223814771
2014-07-25,2014-07-24,SJC_Gold,36.72,36.71,42.11201689121255,11.149872223814771
2014-07-26,2014-07-25,SJC_Gold,36.68,36.72,42.11201689121255,11.149872223814771
2014-07-27,2014-07-26,SJC_Gold,36.82,36.68,42.11201689121255,11.149872223814771
2014-07-28,2014-07-27,SJC_Gold,36.74,36.82,42.11201689121255,11.149872223814771
2014-07-29,2014-07-28,SJC_Gold,36.75,36.74,42.11201689121255,11.149872223814771
2014-07-30,2014-07-29,SJC_Gold,36.68,36.75,42.11201689121255,11.149872223814771
2014-07-31,2014-07-30,SJC_Gold,36.68,36.68,42.11201689121255,11.149872223814771
2014-08-01,2014-07-31,SJC_Gold,36.6,36.68,42.11201689121255,11.149872223814771
2014-08-02,2014-08-01,SJC_Gold,36.61,36.6,42.11201689121255,11.149872223814771
2014-08-03,2014-08-02,SJC_Gold,36.7,36.61,42.11201689121255,11.149872223814771
2014-08-04,2014-08-03,SJC_Gold,36.65,36.7,42.11201689121255,11.149872223814771
2014-08-05,2014-08-04,SJC_Gold,36.62,36.65,42.11201689121255,11.149872223814771
2014-08-06,2014-08-05,SJC_Gold,36.63,36.62,42.11201689121255,11.149872223814771
2014-08-07,2014-08-06,SJC_Gold,36.72,36.63,42.11201689121255,11.149872223814771
2014-08-08,2014-08-07,SJC_Gold,36.77,36.72,42.11201689121255,11.149872223814771
2014-08-09,2014-08-08,SJC_Gold,36.76,36.77,42.11201689121255,11.149872223814771
2014-08-10,2014-08-09,SJC_Gold,36.73,36.76,42.11201689121255,11.149872223814771
2014-08-11,2014-08-10,SJC_Gold,36.73,36.73,42.11201689121255,11.149872223814771
2014-08-12,2014-08-11,SJC_Gold,36.72,36.73,42.11201689121255,11.149872223814771
2014-08-13,2014-08-12,SJC_Gold,36.72,36.72,42.11201689121255,11.149872223814771
2014-08-14,2014-08-13,SJC_Gold,36.73,36.72,42.11201689121255,11.149872223814771
2014-08-15,2014-08-14,SJC_Gold,36.74,36.73,42.11201689121255,11.149872223814771
2014-08-16,2014-08-15,SJC_Gold,36.68,36.74,42.11201689121255,11.149872223814771
2014-08-17,2014-08-16,SJC_Gold,36.67,36.68,42.11201689121255,11.149872223814771
2014-08-18,2014-08-17,SJC_Gold,36.63,36.67,42.11201689121255,11.149872223814771
2014-08-19,2014-08-18,SJC_Gold,36.64,36.63,42.11201689121255,11.149872223814771
2014-08-20,2014-08-19,SJC_Gold,36.63,36.64,42.11201689121255,11.149872223814771
2014-08-21,2014-08-20,SJC_Gold,36.55,36.63,42.11201689121255,11.149872223814771
2014-08-22,2014-08-21,SJC_Gold,36.5,36.55,42.11201689121255,11.149872223814771
2014-08-23,2014-08-22,SJC_Gold,36.52,36.5,42.11201689121255,11.149872223814771
2014-08-24,2014-08-23,SJC_Gold,36.52,36.52,42.11201689121255,11.149872223814771
2014-08-25,2014-08-24,SJC_Gold,36.47,36.52,42.11201689121255,11.149872223814771
2014-08-26,2014-08-25,SJC_Gold,36.49,36.47,42.11201689121255,11.149872223814771
2014-08-27,2014-08-26,SJC_Gold,36.51,36.49,42.11201689121255,11.149872223814771
2014-08-28,2014-08-27,SJC_Gold,36.53,36.51,42.11201689121255,11.149872223814771
2014-08-29,2014-08-28,SJC_Gold,36.53,36.53,42.11201689121255,11.149872223814771
2014-08-30,2014-08-29,SJC_Gold,36.52,36.53,42.11201689121255,11.149872223814771
2014-08-31,2014-08-30,SJC_Gold,36.53,36.52,42.11201689121255,11.149872223814771
2014-09-01,2014-08-31,SJC_Gold,36.53,36.53,42.11201689121255,11.149872223814771
2014-09-02,2014-09-01,SJC_Gold,36.53,36.53,42.11201689121255,11.149872223814771
2014-09-03,2014-09-02,SJC_Gold,36.35,36.53,42.11201689121255,11.149872223814771
2014-09-04,2014-09-03,SJC_Gold,36.39,36.35,42.11201689121255,11.149872223814771
2014-09-05,2014-09-04,SJC_Gold,36.35,36.39,42.11201689121255,11.149872223814771
2014-09-06,2014-09-05,SJC_Gold,36.34,36.35,42.11201689121255,11.149872223814771
2014-09-07,2014-09-06,SJC_Gold,36.35,36.34,42.11201689121255,11.149872223814771
2014-09-08,2014-09-07,SJC_Gold,36.35,36.35,42.11201689121255,11.149872223814771
2014-09-09,2014-09-08,SJC_Gold,36.27,36.35,42.11201689121255,11.149872223814771
2014-09-10,2014-09-09,SJC_Gold,36.16,36.27,42.11201689121255,11.149872223814771
2014-09-11,2014-09-10,SJC_Gold,36.06,36.16,42.11201689121255,11.149872223814771
2014-09-12,2014-09-11,SJC_Gold,35.99,36.06,42.11201689121255,11.149872223814771
2014-09-13,2014-09-12,SJC_Gold,35.94,35.99,42.11201689121255,11.149872223814771
2014-09-14,2014-09-13,SJC_Gold,35.95,35.94,42.11201689121255,11.149872223814771
2014-09-15,2014-09-14,SJC_Gold,36.02,35.95,42.11201689121255,11.149872223814771
2014-09-16,2014-09-15,SJC_Gold,36.12,36.02,42.11201689121255,11.149872223814771
2014-09-17,2014-09-16,SJC_Gold,36.13,36.12,42.11201689121255,11.149872223814771
2014-09-18,2014-09-17,SJC_Gold,36.0,36.13,42.11201689121255,11.149872223814771
2014-09-19,2014-09-18,SJC_Gold,36.09,36.0,42.11201689121255,11.149872223814771
2014-09-20,2014-09-19,SJC_Gold,36.09,36.09,42.11201689121255,11.149872223814771
2014-09-21,2014-09-20,SJC_Gold,36.08,36.09,42.11201689121255,11.149872223814771
2014-09-22,2014-09-21,SJC_Gold,35.97,36.08,42.11201689121255,11.149872223814771
2014-09-23,2014-09-22,SJC_Gold,35.97,35.97,42.11201689121255,11.149872223814771
2014-09-24,2014-09-23,SJC_Gold,36.0,35.97,42.11201689121255,11.149872223814771
2014-09-25,2014-09-24,SJC_Gold,35.95,36.0,42.11201689121255,11.149872223814771
2014-09-26,2014-09-25,SJC_Gold,36.02,35.95,42.11201689121255,11.149872223814771
2014-09-27,2014-09-26,SJC_Gold,35.97,36.02,42.11201689121255,11.149872223814771
2014-09-28,2014-09-27,SJC_Gold,35.98,35.97,42.11201689121255,11.149872223814771
2014-09-29,2014-09-28,SJC_Gold,35.96,35.98,42.11201689121255,11.149872223814771
2014-09-30,2014-09-29,SJC_Gold,35.82,35.96,42.11201689121255,11.149872223814771
2014-10-01,2014-09-30,SJC_Gold,35.68,35.82,42.11201689121255,11.149872223814771
2014-10-02,2014-10-01,SJC_Gold,35.77,35.68,42.11201689121255,11.149872223814771
2014-10-03,2014-10-02,SJC_Gold,35.77,35.77,42.11201689121255,11.149872223814771
2014-10-04,2014-10-03,SJC_Gold,35.6,35.77,42.11201689121255,11.149872223814771
2014-10-05,2014-10-04,SJC_Gold,35.61,35.6,42.11201689121255,11.149872223814771
2014-10-06,2014-10-05,SJC_Gold,35.66,35.61,42.11201689121255,11.149872223814771
2014-10-07,2014-10-06,SJC_Gold,35.75,35.66,42.11201689121255,11.149872223814771
2014-10-08,2014-10-07,SJC_Gold,35.79,35.75,42.11201689121255,11.149872223814771
2014-10-09,2014-10-08,SJC_Gold,35.89,35.79,42.11201689121255,11.149872223814771
2014-10-10,2014-10-09,SJC_Gold,35.8,35.89,42.11201689121255,11.149872223814771
2014-10-11,2014-10-10,SJC_Gold,35.82,35.8,42.11201689121255,11.149872223814771
2014-10-12,2014-10-11,SJC_Gold,35.83,35.82,42.11201689121255,11.149872223814771
2014-10-13,2014-10-12,SJC_Gold,35.85,35.83,42.11201689121255,11.149872223814771
2014-10-14,2014-10-13,SJC_Gold,35.84,35.85,42.11201689121255,11.149872223814771
2014-10-15,2014-10-14,SJC_Gold,35.78,35.84,42.11201689121255,11.149872223814771
2014-10-16,2014-10-15,SJC_Gold,35.87,35.78,42.11201689121255,11.149872223814771
2014-10-17,2014-10-16,SJC_Gold,35.9,35.87,42.11201689121255,11.149872223814771
2014-10-18,2014-10-17,SJC_Gold,35.89,35.9,42.11201689121255,11.149872223814771
2014-10-19,2014-10-18,SJC_Gold,35.9,35.89,42.11201689121255,11.149872223814771
2014-10-20,2014-10-19,SJC_Gold,35.85,35.9,42.11201689121255,11.149872223814771
2014-10-21,2014-10-20,SJC_Gold,35.9,35.85,42.11201689121255,11.149872223814771
2014-10-22,2014-10-21,SJC_Gold,35.84,35.9,42.11201689121255,11.149872223814771
2014-10-23,2014-10-22,SJC_Gold,35.79,35.84,42.11201689121255,11.149872223814771
2014-10-24,2014-10-23,SJC_Gold,35.71,35.79,42.11201689121255,11.149872223814771
2014-10-25,2014-10-24,SJC_Gold,35.72,35.71,42.11201689121255,11.149872223814771
2014-10-26,2014-10-25,SJC_Gold,35.72,35.72,42.11201689121255,11.149872223814771
2014-10-27,2014-10-26,SJC_Gold,35.71,35.72,42.11201689121255,11.149872223814771
2014-10-28,2014-10-27,SJC_Gold,35.69,35.71,42.11201689121255,11.149872223814771
2014-10-29,2014-10-28,SJC_Gold,35.7,35.69,42.11201689121255,11.149872223814771
2014-10-30,2014-10-29,SJC_Gold,35.59,35.7,42.11201689121255,11.149872223814771
2014-10-31,2014-10-30,SJC_Gold,35.42,35.59,42.11201689121255,11.149872223814771
2014-11-01,2014-10-31,SJC_Gold,35.4,35.42,42.11201689121255,11.149872223814771
2014-11-02,2014-11-01,SJC_Gold,35.41,35.4,42.11201689121255,11.149872223814771
2014-11-03,2014-11-02,SJC_Gold,35.42,35.41,42.11201689121255,11.149872223814771
2014-11-04,2014-11-03,SJC_Gold,35.38,35.42,42.11201689121255,11.149872223814771
2014-11-05,2014-11-04,SJC_Gold,35.13,35.38,42.11201689121255,11.149872223814771
2014-11-06,2014-11-05,SJC_Gold,34.98,35.13,42.11201689121255,11.149872223814771
2014-11-07,2014-11-06,SJC_Gold,34.97,34.98,42.11201689121255,11.149872223814771
2014-11-08,2014-11-07,SJC_Gold,35.24,34.97,42.11201689121255,11.149872223814771
2014-11-09,2014-11-08,SJC_Gold,35.25,35.24,42.11201689121255,11.149872223814771
2014-11-10,2014-11-09,SJC_Gold,35.26,35.25,42.11201689121255,11.149872223814771
2014-11-11,2014-11-10,SJC_Gold,35.08,35.26,42.11201689121255,11.149872223814771
2014-11-12,2014-11-11,SJC_Gold,35.15,35.08,42.11201689121255,11.149872223814771
2014-11-13,2014-11-12,SJC_Gold,35.15,35.15,42.11201689121255,11.149872223814771
2014-11-14,2014-11-13,SJC_Gold,35.13,35.15,42.11201689121255,11.149872223814771
2014-11-15,2014-11-14,SJC_Gold,35.36,35.13,42.11201689121255,11.149872223814771
2014-11-16,2014-11-15,SJC_Gold,35.37,35.36,42.11201689121255,11.149872223814771
2014-11-17,2014-11-16,SJC_Gold,35.36,35.37,42.11201689121255,11.149872223814771
2014-11-18,2014-11-17,SJC_Gold,35.41,35.36,42.11201689121255,11.149872223814771
2014-11-19,2014-11-18,SJC_Gold,35.43,35.41,42.11201689121255,11.149872223814771
2014-11-20,2014-11-19,SJC_Gold,35.35,35.43,42.11201689121255,11.149872223814771
2014-11-21,2014-11-20,SJC_Gold,35.4,35.35,42.11201689121255,11.149872223814771
2014-11-22,2014-11-21,SJC_Gold,35.39,35.4,42.11201689121255,11.149872223814771
2014-11-23,2014-11-22,SJC_Gold,35.45,35.39,42.11201689121255,11.149872223814771
2014-11-24,2014-11-23,SJC_Gold,35.43,35.45,42.11201689121255,11.149872223814771
2014-11-25,2014-11-24,SJC_Gold,35.4,35.43,42.11201689121255,11.149872223814771
2014-11-26,2014-11-25,SJC_Gold,35.41,35.4,42.11201689121255,11.149872223814771
2014-11-27,2014-11-26,SJC_Gold,35.3,35.41,42.11201689121255,11.149872223814771
2014-11-28,2014-11-27,SJC_Gold,35.14,35.3,42.11201689121255,11.149872223814771
2014-11-29,2014-11-28,SJC_Gold,35.07,35.14,42.11201689121255,11.149872223814771
2014-11-30,2014-11-29,SJC_Gold,35.08,35.07,42.11201689121255,11.149872223814771
2014-12-01,2014-11-30,SJC_Gold,35.18,35.08,42.11201689121255,11.149872223814771
2014-12-02,2014-12-01,SJC_Gold,35.26,35.18,42.11201689121255,11.149872223814771
2014-12-03,2014-12-02,SJC_Gold,35.25,35.26,42.11201689121255,11.149872223814771
2014-12-04,2014-12-03,SJC_Gold,35.26,35.25,42.11201689121255,11.149872223814771
2014-12-05,2014-12-04,SJC_Gold,35.19,35.26,42.11201689121255,11.149872223814771
2014-12-06,2014-12-05,SJC_Gold,35.14,35.19,42.11201689121255,11.149872223814771
2014-12-07,2014-12-06,SJC_Gold,35.15,35.14,42.11201689121255,11.149872223814771
2014-12-08,2014-12-07,SJC_Gold,35.15,35.15,42.11201689121255,11.149872223814771
2014-12-09,2014-12-08,SJC_Gold,35.18,35.15,42.11201689121255,11.149872223814771
2014-12-10,2014-12-09,SJC_Gold,35.33,35.18,42.11201689121255,11.149872223814771
2014-12-11,2014-12-10,SJC_Gold,35.26,35.33,42.11201689121255,11.149872223814771
2014-12-12,2014-12-11,SJC_Gold,35.28,35.26,42.11201689121255,11.149872223814771
2014-12-13,2014-12-12,SJC_Gold,35.29,35.28,42.11201689121255,11.149872223814771
2014-12-14,2014-12-13,SJC_Gold,35.29,35.29,42.11201689121255,11.149872223814771
2014-12-15,2014-12-14,SJC_Gold,35.29,35.29,42.11201689121255,11.149872223814771
2014-12-16,2014-12-15,SJC_Gold,35.22,35.29,42.11201689121255,11.149872223814771
2014-12-17,2014-12-16,SJC_Gold,35.21,35.22,42.11201689121255,11.149872223814771
2014-12-18,2014-12-17,SJC_Gold,35.25,35.21,42.11201689121255,11.149872223814771
2014-12-19,2014-12-18,SJC_Gold,35.26,35.25,42.11201689121255,11.149872223814771
2014-12-20,2014-12-19,SJC_Gold,35.27,35.26,42.11201689121255,11.149872223814771
2014-12-21,2014-12-20,SJC_Gold,35.27,35.27,42.11201689121255,11.149872223814771
2014-12-22,2014-12-21,SJC_Gold,35.27,35.27,42.11201689121255,11.149872223814771
2014-12-23,2014-12-22,SJC_Gold,35.13,35.27,42.11201689121255,11.149872223814771
2014-12-24,2014-12-23,SJC_Gold,35.13,35.13,42.11201689121255,11.149872223814771
2014-12-25,2014-12-24,SJC_Gold,35.12,35.13,42.11201689121255,11.149872223814771
2014-12-26,2014-12-25,SJC_Gold,35.16,35.12,42.11201689121255,11.149872223814771
2014-12-27,2014-12-26,SJC_Gold,35.2,35.16,42.11201689121255,11.149872223814771
2014-12-28,2014-12-27,SJC_Gold,35.19,35.2,42.11201689121255,11.149872223814771
2014-12-29,2014-12-28,SJC_Gold,35.19,35.19,42.11201689121255,11.149872223814771
2014-12-30,2014-12-29,SJC_Gold,35.13,35.19,42.11201689121255,11.149872223814771
2014-12-31,2014-12-30,SJC_Gold,35.15,35.13,42.11201689121255,11.149872223814771
2015-01-01,2014-12-31,SJC_Gold,35.13,35.15,42.11201689121255,11.149872223814771
2015-01-02,2015-01-01,SJC_Gold,35.15,35.13,42.11201689121255,11.149872223814771
2015-01-03,2015-01-02,SJC_Gold,35.15,35.15,42.11201689121255,11.149872223814771
2015-01-04,2015-01-03,SJC_Gold,35.15,35.15,42.11201689121255,11.149872223814771
2015-01-05,2015-01-04,SJC_Gold,35.17,35.15,42.11201689121255,11.149872223814771
2015-01-06,2015-01-05,SJC_Gold,35.26,35.17,42.11201689121255,11.149872223814771
2015-01-07,2015-01-06,SJC_Gold,35.29,35.26,42.11201689121255,11.149872223814771
2015-01-08,2015-01-07,SJC_Gold,35.23,35.29,42.11201689121255,11.149872223814771
2015-01-09,2015-01-08,SJC_Gold,35.2,35.23,42.11201689121255,11.149872223814771
2015-01-10,2015-01-09,SJC_Gold,35.28,35.2,42.11201689121255,11.149872223814771
2015-01-11,2015-01-10,SJC_Gold,35.27,35.28,42.11201689121255,11.149872223814771
2015-01-12,2015-01-11,SJC_Gold,35.29,35.27,42.11201689121255,11.149872223814771
2015-01-13,2015-01-12,SJC_Gold,35.37,35.29,42.11201689121255,11.149872223814771
2015-01-14,2015-01-13,SJC_Gold,35.31,35.37,42.11201689121255,11.149872223814771
2015-01-15,2015-01-14,SJC_Gold,35.28,35.31,42.11201689121255,11.149872223814771
2015-01-16,2015-01-15,SJC_Gold,35.47,35.28,42.11201689121255,11.149872223814771
2015-01-17,2015-01-16,SJC_Gold,35.57,35.47,42.11201689121255,11.149872223814771
2015-01-18,2015-01-17,SJC_Gold,35.6,35.57,42.11201689121255,11.149872223814771
2015-01-19,2015-01-18,SJC_Gold,35.57,35.6,42.11201689121255,11.149872223814771
2015-01-20,2015-01-19,SJC_Gold,35.54,35.57,42.11201689121255,11.149872223814771
2015-01-21,2015-01-20,SJC_Gold,35.84,35.54,42.11201689121255,11.149872223814771
2015-01-22,2015-01-21,SJC_Gold,35.7,35.84,42.11201689121255,11.149872223814771
2015-01-23,2015-01-22,SJC_Gold,35.7,35.7,42.11201689121255,11.149872223814771
2015-01-24,2015-01-23,SJC_Gold,35.68,35.7,42.11201689121255,11.149872223814771
2015-01-25,2015-01-24,SJC_Gold,35.67,35.68,42.11201689121255,11.149872223814771
2015-01-26,2015-01-25,SJC_Gold,35.47,35.67,42.11201689121255,11.149872223814771
2015-01-27,2015-01-26,SJC_Gold,35.41,35.47,42.11201689121255,11.149872223814771
2015-01-28,2015-01-27,SJC_Gold,35.44,35.41,42.11201689121255,11.149872223814771
2015-01-29,2015-01-28,SJC_Gold,35.42,35.44,42.11201689121255,11.149872223814771
2015-01-30,2015-01-29,SJC_Gold,35.33,35.42,42.11201689121255,11.149872223814771
2015-01-31,2015-01-30,SJC_Gold,35.45,35.33,42.11201689121255,11.149872223814771
2015-02-01,2015-01-31,SJC_Gold,35.43,35.45,42.11201689121255,11.149872223814771
2015-02-02,2015-02-01,SJC_Gold,35.36,35.43,42.11201689121255,11.149872223814771
2015-02-03,2015-02-02,SJC_Gold,35.36,35.36,42.11201689121255,11.149872223814771
2015-02-04,2015-02-03,SJC_Gold,35.3,35.36,42.11201689121255,11.149872223814771
2015-02-05,2015-02-04,SJC_Gold,35.32,35.3,42.11201689121255,11.149872223814771
2015-02-06,2015-02-05,SJC_Gold,35.34,35.32,42.11201689121255,11.149872223814771
2015-02-07,2015-02-06,SJC_Gold,35.21,35.34,42.11201689121255,11.149872223814771
2015-02-08,2015-02-07,SJC_Gold,35.22,35.21,42.11201689121255,11.149872223814771
2015-02-09,2015-02-08,SJC_Gold,35.3,35.22,42.11201689121255,11.149872223814771
2015-02-10,2015-02-09,SJC_Gold,35.29,35.3,42.11201689121255,11.149872223814771
2015-02-11,2015-02-10,SJC_Gold,35.3,35.29,42.11201689121255,11.149872223814771
2015-02-12,2015-02-11,SJC_Gold,35.34,35.3,42.11201689121255,11.149872223814771
2015-02-13,2015-02-12,SJC_Gold,35.43,35.34,42.11201689121255,11.149872223814771
2015-02-14,2015-02-13,SJC_Gold,35.47,35.43,42.11201689121255,11.149872223814771
2015-02-15,2015-02-14,SJC_Gold,35.48,35.47,42.11201689121255,11.149872223814771
2015-02-16,2015-02-15,SJC_Gold,35.78,35.48,42.11201689121255,11.149872223814771
2015-02-17,2015-02-16,SJC_Gold,35.8,35.78,42.11201689121255,11.149872223814771
2015-02-18,2015-02-17,SJC_Gold,35.8,35.8,42.11201689121255,11.149872223814771
2015-02-19,2015-02-18,SJC_Gold,35.8,35.8,42.11201689121255,11.149872223814771
2015-02-20,2015-02-19,SJC_Gold,35.8,35.8,42.11201689121255,11.149872223814771
2015-02-21,2015-02-20,SJC_Gold,35.8,35.8,42.11201689121255,11.149872223814771
2015-02-22,2015-02-21,SJC_Gold,35.8,35.8,42.11201689121255,11.149872223814771
2015-02-23,2015-02-22,SJC_Gold,35.8,35.8,42.11201689121255,11.149872223814771
2015-02-24,2015-02-23,SJC_Gold,35.36,35.8,42.11201689121255,11.149872223814771
2015-02-25,2015-02-24,SJC_Gold,35.47,35.36,42.11201689121255,11.149872223814771
2015-02-26,2015-02-25,SJC_Gold,35.67,35.47,42.11201689121255,11.149872223814771
2015-02-27,2015-02-26,SJC_Gold,35.56,35.67,42.11201689121255,11.149872223814771
2015-02-28,2015-02-27,SJC_Gold,35.7,35.56,42.11201689121255,11.149872223814771
2015-03-01,2015-02-28,SJC_Gold,35.65,35.7,42.11201689121255,11.149872223814771
2015-03-02,2015-03-01,SJC_Gold,35.53,35.65,42.11201689121255,11.149872223814771
2015-03-03,2015-03-02,SJC_Gold,35.46,35.53,42.11201689121255,11.149872223814771
2015-03-04,2015-03-03,SJC_Gold,35.43,35.46,42.11201689121255,11.149872223814771
2015-03-05,2015-03-04,SJC_Gold,35.38,35.43,42.11201689121255,11.149872223814771
2015-03-06,2015-03-05,SJC_Gold,35.38,35.38,42.11201689121255,11.149872223814771
2015-03-07,2015-03-06,SJC_Gold,35.26,35.38,42.11201689121255,11.149872223814771
2015-03-08,2015-03-07,SJC_Gold,35.25,35.26,42.11201689121255,11.149872223814771
2015-03-09,2015-03-08,SJC_Gold,35.3,35.25,42.11201689121255,11.149872223814771
2015-03-10,2015-03-09,SJC_Gold,35.26,35.3,42.11201689121255,11.149872223814771
2015-03-11,2015-03-10,SJC_Gold,35.29,35.26,42.11201689121255,11.149872223814771
2015-03-12,2015-03-11,SJC_Gold,35.31,35.29,42.11201689121255,11.149872223814771
2015-03-13,2015-03-12,SJC_Gold,35.33,35.31,42.11201689121255,11.149872223814771
2015-03-14,2015-03-13,SJC_Gold,35.4,35.33,42.11201689121255,11.149872223814771
2015-03-15,2015-03-14,SJC_Gold,35.42,35.4,42.11201689121255,11.149872223814771
2015-03-16,2015-03-15,SJC_Gold,35.36,35.42,42.11201689121255,11.149872223814771
2015-03-17,2015-03-16,SJC_Gold,35.31,35.36,42.11201689121255,11.149872223814771
2015-03-18,2015-03-17,SJC_Gold,35.27,35.31,42.11201689121255,11.149872223814771
2015-03-19,2015-03-18,SJC_Gold,35.32,35.27,42.11201689121255,11.149872223814771
2015-03-20,2015-03-19,SJC_Gold,35.34,35.32,42.11201689121255,11.149872223814771
2015-03-21,2015-03-20,SJC_Gold,35.39,35.34,42.11201689121255,11.149872223814771
2015-03-22,2015-03-21,SJC_Gold,35.38,35.39,42.11201689121255,11.149872223814771
2015-03-23,2015-03-22,SJC_Gold,35.35,35.38,42.11201689121255,11.149872223814771
2015-03-24,2015-03-23,SJC_Gold,35.35,35.35,42.11201689121255,11.149872223814771
2015-03-25,2015-03-24,SJC_Gold,35.35,35.35,42.11201689121255,11.149872223814771
2015-03-26,2015-03-25,SJC_Gold,35.38,35.35,42.11201689121255,11.149872223814771
2015-03-27,2015-03-26,SJC_Gold,35.34,35.38,42.11201689121255,11.149872223814771
2015-03-28,2015-03-27,SJC_Gold,35.33,35.34,42.11201689121255,11.149872223814771
2015-03-29,2015-03-28,SJC_Gold,35.33,35.33,42.11201689121255,11.149872223814771
2015-03-30,2015-03-29,SJC_Gold,35.23,35.33,42.11201689121255,11.149872223814771
2015-03-31,2015-03-30,SJC_Gold,35.18,35.23,42.11201689121255,11.149872223814771
2015-04-01,2015-03-31,SJC_Gold,35.21,35.18,42.11201689121255,11.149872223814771
2015-04-02,2015-04-01,SJC_Gold,35.28,35.21,42.11201689121255,11.149872223814771
2015-04-03,2015-04-02,SJC_Gold,35.25,35.28,42.11201689121255,11.149872223814771
2015-04-04,2015-04-03,SJC_Gold,35.32,35.25,42.11201689121255,11.149872223814771
2015-04-05,2015-04-04,SJC_Gold,35.31,35.32,42.11201689121255,11.149872223814771
2015-04-06,2015-04-05,SJC_Gold,35.37,35.31,42.11201689121255,11.149872223814771
2015-04-07,2015-04-06,SJC_Gold,35.29,35.37,42.11201689121255,11.149872223814771
2015-04-08,2015-04-07,SJC_Gold,35.27,35.29,42.11201689121255,11.149872223814771
2015-04-09,2015-04-08,SJC_Gold,35.22,35.27,42.11201689121255,11.149872223814771
2015-04-10,2015-04-09,SJC_Gold,35.25,35.22,42.11201689121255,11.149872223814771
2015-04-11,2015-04-10,SJC_Gold,35.26,35.25,42.11201689121255,11.149872223814771
2015-04-12,2015-04-11,SJC_Gold,35.27,35.26,42.11201689121255,11.149872223814771
2015-04-13,2015-04-12,SJC_Gold,35.23,35.27,42.11201689121255,11.149872223814771
2015-04-14,2015-04-13,SJC_Gold,35.2,35.23,42.11201689121255,11.149872223814771
2015-04-15,2015-04-14,SJC_Gold,35.2,35.2,42.11201689121255,11.149872223814771
2015-04-16,2015-04-15,SJC_Gold,35.22,35.2,42.11201689121255,11.149872223814771
2015-04-17,2015-04-16,SJC_Gold,35.2,35.22,42.11201689121255,11.149872223814771
2015-04-18,2015-04-17,SJC_Gold,35.19,35.2,42.11201689121255,11.149872223814771
2015-04-19,2015-04-18,SJC_Gold,35.2,35.19,42.11201689121255,11.149872223814771
2015-04-20,2015-04-19,SJC_Gold,35.16,35.2,42.11201689121255,11.149872223814771
2015-04-21,2015-04-20,SJC_Gold,35.09,35.16,42.11201689121255,11.149872223814771
2015-04-22,2015-04-21,SJC_Gold,35.13,35.09,42.11201689121255,11.149872223814771
2015-04-23,2015-04-22,SJC_Gold,35.07,35.13,42.11201689121255,11.149872223814771
2015-04-24,2015-04-23,SJC_Gold,35.11,35.07,42.11201689121255,11.149872223814771
2015-04-25,2015-04-24,SJC_Gold,35.07,35.11,42.11201689121255,11.149872223814771
2015-04-26,2015-04-25,SJC_Gold,35.06,35.07,42.11201689121255,11.149872223814771
2015-04-27,2015-04-26,SJC_Gold,35.09,35.06,42.11201689121255,11.149872223814771
2015-04-28,2015-04-27,SJC_Gold,35.07,35.09,42.11201689121255,11.149872223814771
2015-04-29,2015-04-28,SJC_Gold,35.07,35.07,42.11201689121255,11.149872223814771
2015-04-30,2015-04-29,SJC_Gold,35.07,35.07,42.11201689121255,11.149872223814771
2015-05-01,2015-04-30,SJC_Gold,35.07,35.07,42.11201689121255,11.149872223814771
2015-05-02,2015-05-01,SJC_Gold,35.07,35.07,42.11201689121255,11.149872223814771
2015-05-03,2015-05-02,SJC_Gold,35.13,35.07,42.11201689121255,11.149872223814771
2015-05-04,2015-05-03,SJC_Gold,35.04,35.13,42.11201689121255,11.149872223814771
2015-05-05,2015-05-04,SJC_Gold,34.99,35.04,42.11201689121255,11.149872223814771
2015-05-06,2015-05-05,SJC_Gold,35.03,34.99,42.11201689121255,11.149872223814771
2015-05-07,2015-05-06,SJC_Gold,35.04,35.03,42.11201689121255,11.149872223814771
2015-05-08,2015-05-07,SJC_Gold,35.03,35.04,42.11201689121255,11.149872223814771
2015-05-09,2015-05-08,SJC_Gold,35.06,35.03,42.11201689121255,11.149872223814771
2015-05-10,2015-05-09,SJC_Gold,35.04,35.06,42.11201689121255,11.149872223814771
2015-05-11,2015-05-10,SJC_Gold,35.04,35.04,42.11201689121255,11.149872223814771
2015-05-12,2015-05-11,SJC_Gold,35.0,35.04,42.11201689121255,11.149872223814771
2015-05-13,2015-05-12,SJC_Gold,35.04,35.0,42.11201689121255,11.149872223814771
2015-05-14,2015-05-13,SJC_Gold,35.1,35.04,42.11201689121255,11.149872223814771
2015-05-15,2015-05-14,SJC_Gold,35.09,35.1,42.11201689121255,11.149872223814771
2015-05-16,2015-05-15,SJC_Gold,35.11,35.09,42.11201689121255,11.149872223814771
2015-05-17,2015-05-16,SJC_Gold,35.1,35.11,42.11201689121255,11.149872223814771
2015-05-18,2015-05-17,SJC_Gold,35.1,35.1,42.11201689121255,11.149872223814771
2015-05-19,2015-05-18,SJC_Gold,35.03,35.1,42.11201689121255,11.149872223814771
2015-05-20,2015-05-19,SJC_Gold,35.02,35.03,42.11201689121255,11.149872223814771
2015-05-21,2015-05-20,SJC_Gold,35.02,35.02,42.11201689121255,11.149872223814771
2015-05-22,2015-05-21,SJC_Gold,35.1,35.02,42.11201689121255,11.149872223814771
2015-05-23,2015-05-22,SJC_Gold,34.98,35.1,42.11201689121255,11.149872223814771
2015-05-24,2015-05-23,SJC_Gold,34.99,34.98,42.11201689121255,11.149872223814771
2015-05-25,2015-05-24,SJC_Gold,34.98,34.99,42.11201689121255,11.149872223814771
2015-05-26,2015-05-25,SJC_Gold,34.95,34.98,42.11201689121255,11.149872223814771
2015-05-27,2015-05-26,SJC_Gold,34.91,34.95,42.11201689121255,11.149872223814771
2015-05-28,2015-05-27,SJC_Gold,34.91,34.91,42.11201689121255,11.149872223814771
2015-05-29,2015-05-28,SJC_Gold,34.93,34.91,42.11201689121255,11.149872223814771
2015-05-30,2015-05-29,SJC_Gold,34.94,34.93,42.11201689121255,11.149872223814771
2015-05-31,2015-05-30,SJC_Gold,34.95,34.94,42.11201689121255,11.149872223814771
2015-06-01,2015-05-31,SJC_Gold,34.94,34.95,42.11201689121255,11.149872223814771
2015-06-02,2015-06-01,SJC_Gold,34.9,34.94,42.11201689121255,11.149872223814771
2015-06-03,2015-06-02,SJC_Gold,34.94,34.9,42.11201689121255,11.149872223814771
2015-06-04,2015-06-03,SJC_Gold,34.87,34.94,42.11201689121255,11.149872223814771
2015-06-05,2015-06-04,SJC_Gold,34.83,34.87,42.11201689121255,11.149872223814771
2015-06-06,2015-06-05,SJC_Gold,34.82,34.83,42.11201689121255,11.149872223814771
2015-06-07,2015-06-06,SJC_Gold,34.81,34.82,42.11201689121255,11.149872223814771
2015-06-08,2015-06-07,SJC_Gold,34.78,34.81,42.11201689121255,11.149872223814771
2015-06-09,2015-06-08,SJC_Gold,34.76,34.78,42.11201689121255,11.149872223814771
2015-06-10,2015-06-09,SJC_Gold,34.73,34.76,42.11201689121255,11.149872223814771
2015-06-11,2015-06-10,SJC_Gold,34.73,34.73,42.11201689121255,11.149872223814771
2015-06-12,2015-06-11,SJC_Gold,34.74,34.73,42.11201689121255,11.149872223814771
2015-06-13,2015-06-12,SJC_Gold,34.73,34.74,42.11201689121255,11.149872223814771
2015-06-14,2015-06-13,SJC_Gold,34.74,34.73,42.11201689121255,11.149872223814771
2015-06-15,2015-06-14,SJC_Gold,34.73,34.74,42.11201689121255,11.149872223814771
2015-06-16,2015-06-15,SJC_Gold,34.74,34.73,42.11201689121255,11.149872223814771
2015-06-17,2015-06-16,SJC_Gold,34.72,34.74,42.11201689121255,11.149872223814771
2015-06-18,2015-06-17,SJC_Gold,34.73,34.72,42.11201689121255,11.149872223814771
2015-06-19,2015-06-18,SJC_Gold,34.77,34.73,42.11201689121255,11.149872223814771
2015-06-20,2015-06-19,SJC_Gold,34.76,34.77,42.11201689121255,11.149872223814771
2015-06-21,2015-06-20,SJC_Gold,34.76,34.76,42.11201689121255,11.149872223814771
2015-06-22,2015-06-21,SJC_Gold,34.69,34.76,42.11201689121255,11.149872223814771
2015-06-23,2015-06-22,SJC_Gold,34.58,34.69,42.11201689121255,11.149872223814771
2015-06-24,2015-06-23,SJC_Gold,34.45,34.58,42.11201689121255,11.149872223814771
2015-06-25,2015-06-24,SJC_Gold,34.4,34.45,42.11201689121255,11.149872223814771
2015-06-26,2015-06-25,SJC_Gold,34.4,34.4,42.11201689121255,11.149872223814771
2015-06-27,2015-06-26,SJC_Gold,34.43,34.4,42.11201689121255,11.149872223814771
2015-06-28,2015-06-27,SJC_Gold,34.43,34.43,42.11201689121255,11.149872223814771
2015-06-29,2015-06-28,SJC_Gold,34.46,34.43,42.11201689121255,11.149872223814771
2015-06-30,2015-06-29,SJC_Gold,34.46,34.46,42.11201689121255,11.149872223814771
2015-07-01,2015-06-30,SJC_Gold,34.42,34.46,42.11201689121255,11.149872223814771
2015-07-02,2015-07-01,SJC_Gold,34.34,34.42,42.11201689121255,11.149872223814771
2015-07-03,2015-07-02,SJC_Gold,34.34,34.34,42.11201689121255,11.149872223814771
2015-07-04,2015-07-03,SJC_Gold,34.35,34.34,42.11201689121255,11.149872223814771
2015-07-05,2015-07-04,SJC_Gold,34.35,34.35,42.11201689121255,11.149872223814771
2015-07-06,2015-07-05,SJC_Gold,34.32,34.35,42.11201689121255,11.149872223814771
2015-07-07,2015-07-06,SJC_Gold,34.3,34.32,42.11201689121255,11.149872223814771
2015-07-08,2015-07-07,SJC_Gold,34.13,34.3,42.11201689121255,11.149872223814771
2015-07-09,2015-07-08,SJC_Gold,34.06,34.13,42.11201689121255,11.149872223814771
2015-07-10,2015-07-09,SJC_Gold,34.04,34.06,42.11201689121255,11.149872223814771
2015-07-11,2015-07-10,SJC_Gold,34.07,34.04,42.11201689121255,11.149872223814771
2015-07-12,2015-07-11,SJC_Gold,34.07,34.07,42.11201689121255,11.149872223814771
2015-07-13,2015-07-12,SJC_Gold,34.0,34.07,42.11201689121255,11.149872223814771
2015-07-14,2015-07-13,SJC_Gold,33.94,34.0,42.11201689121255,11.149872223814771
2015-07-15,2015-07-14,SJC_Gold,33.73,33.94,42.11201689121255,11.149872223814771
2015-07-16,2015-07-15,SJC_Gold,33.02,33.73,42.11201689121255,11.149872223814771
2015-07-17,2015-07-16,SJC_Gold,33.5,33.02,42.11201689121255,11.149872223814771
2015-07-18,2015-07-17,SJC_Gold,33.3,33.5,42.11201689121255,11.149872223814771
2015-07-19,2015-07-18,SJC_Gold,33.3,33.3,42.11201689121255,11.149872223814771
2015-07-20,2015-07-19,SJC_Gold,33.2,33.3,42.11201689121255,11.149872223814771
2015-07-21,2015-07-20,SJC_Gold,33.18,33.2,42.11201689121255,11.149872223814771
2015-07-22,2015-07-21,SJC_Gold,33.1,33.18,42.11201689121255,11.149872223814771
2015-07-23,2015-07-22,SJC_Gold,33.2,33.1,42.11201689121255,11.149872223814771
2015-07-24,2015-07-23,SJC_Gold,33.06,33.2,42.11201689121255,11.149872223814771
2015-07-25,2015-07-24,SJC_Gold,33.18,33.06,42.11201689121255,11.149872223814771
2015-07-26,2015-07-25,SJC_Gold,33.18,33.18,42.11201689121255,11.149872223814771
2015-07-27,2015-07-26,SJC_Gold,33.09,33.18,42.11201689121255,11.149872223814771
2015-07-28,2015-07-27,SJC_Gold,33.05,33.09,42.11201689121255,11.149872223814771
2015-07-29,2015-07-28,SJC_Gold,33.08,33.05,42.11201689121255,11.149872223814771
2015-07-30,2015-07-29,SJC_Gold,33.05,33.08,42.11201689121255,11.149872223814771
2015-07-31,2015-07-30,SJC_Gold,33.04,33.05,42.11201689121255,11.149872223814771
2015-08-01,2015-07-31,SJC_Gold,33.12,33.04,42.11201689121255,11.149872223814771
2015-08-02,2015-08-01,SJC_Gold,33.12,33.12,42.11201689121255,11.149872223814771
2015-08-03,2015-08-02,SJC_Gold,33.03,33.12,42.11201689121255,11.149872223814771
2015-08-04,2015-08-03,SJC_Gold,32.96,33.03,42.11201689121255,11.149872223814771
2015-08-05,2015-08-04,SJC_Gold,32.92,32.96,42.11201689121255,11.149872223814771
2015-08-06,2015-08-05,SJC_Gold,32.87,32.92,42.11201689121255,11.149872223814771
2015-08-07,2015-08-06,SJC_Gold,32.9,32.87,42.11201689121255,11.149872223814771
2015-08-08,2015-08-07,SJC_Gold,32.9,32.9,42.11201689121255,11.149872223814771
2015-08-09,2015-08-08,SJC_Gold,32.9,32.9,42.11201689121255,11.149872223814771
2015-08-10,2015-08-09,SJC_Gold,32.92,32.9,42.11201689121255,11.149872223814771
2015-08-11,2015-08-10,SJC_Gold,33.06,32.92,42.11201689121255,11.149872223814771
2015-08-12,2015-08-11,SJC_Gold,33.72,33.06,42.11201689121255,11.149872223814771
2015-08-13,2015-08-12,SJC_Gold,34.8,33.72,42.11201689121255,11.149872223814771
2015-08-14,2015-08-13,SJC_Gold,34.2,34.8,42.11201689121255,11.149872223814771
2015-08-15,2015-08-14,SJC_Gold,34.25,34.2,42.11201689121255,11.149872223814771
2015-08-16,2015-08-15,SJC_Gold,34.25,34.25,42.11201689121255,11.149872223814771
2015-08-17,2015-08-16,SJC_Gold,34.18,34.25,42.11201689121255,11.149872223814771
2015-08-18,2015-08-17,SJC_Gold,34.1,34.18,42.11201689121255,11.149872223814771
2015-08-19,2015-08-18,SJC_Gold,34.6,34.1,42.11201689121255,11.149872223814771
2015-08-20,2015-08-19,SJC_Gold,34.55,34.6,42.11201689121255,11.149872223814771
2015-08-21,2015-08-20,SJC_Gold,35.3,34.55,42.11201689121255,11.149872223814771
2015-08-22,2015-08-21,SJC_Gold,35.3,35.3,42.11201689121255,11.149872223814771
2015-08-23,2015-08-22,SJC_Gold,35.3,35.3,42.11201689121255,11.149872223814771
2015-08-24,2015-08-23,SJC_Gold,35.3,35.3,42.11201689121255,11.149872223814771
2015-08-25,2015-08-24,SJC_Gold,35.15,35.3,42.11201689121255,11.149872223814771
2015-08-26,2015-08-25,SJC_Gold,34.5,35.15,42.11201689121255,11.149872223814771
2015-08-27,2015-08-26,SJC_Gold,34.25,34.5,42.11201689121255,11.149872223814771
2015-08-28,2015-08-27,SJC_Gold,34.45,34.25,42.11201689121255,11.149872223814771
2015-08-29,2015-08-28,SJC_Gold,34.55,34.45,42.11201689121255,11.149872223814771
2015-08-30,2015-08-29,SJC_Gold,34.55,34.55,42.11201689121255,11.149872223814771
2015-08-31,2015-08-30,SJC_Gold,34.4,34.55,42.11201689121255,11.149872223814771
2015-09-01,2015-08-31,SJC_Gold,34.45,34.4,42.11201689121255,11.149872223814771
2015-09-02,2015-09-01,SJC_Gold,34.45,34.45,42.11201689121255,11.149872223814771
2015-09-03,2015-09-02,SJC_Gold,34.25,34.45,42.11201689121255,11.149872223814771
2015-09-04,2015-09-03,SJC_Gold,34.21,34.25,42.11201689121255,11.149872223814771
2015-09-05,2015-09-04,SJC_Gold,34.21,34.21,42.11201689121255,11.149872223814771
2015-09-06,2015-09-05,SJC_Gold,34.21,34.21,42.11201689121255,11.149872223814771
2015-09-07,2015-09-06,SJC_Gold,34.18,34.21,42.11201689121255,11.149872223814771
2015-09-08,2015-09-07,SJC_Gold,34.13,34.18,42.11201689121255,11.149872223814771
2015-09-09,2015-09-08,SJC_Gold,34.17,34.13,42.11201689121255,11.149872223814771
2015-09-10,2015-09-09,SJC_Gold,34.1,34.17,42.11201689121255,11.149872223814771
2015-09-11,2015-09-10,SJC_Gold,34.13,34.1,42.11201689121255,11.149872223814771
2015-09-12,2015-09-11,SJC_Gold,34.13,34.13,42.11201689121255,11.149872223814771
2015-09-13,2015-09-12,SJC_Gold,34.13,34.13,42.11201689121255,11.149872223814771
2015-09-14,2015-09-13,SJC_Gold,34.06,34.13,42.11201689121255,11.149872223814771
2015-09-15,2015-09-14,SJC_Gold,34.07,34.06,42.11201689121255,11.149872223814771
2015-09-16,2015-09-15,SJC_Gold,34.08,34.07,42.11201689121255,11.149872223814771
2015-09-17,2015-09-16,SJC_Gold,34.16,34.08,42.11201689121255,11.149872223814771
2015-09-18,2015-09-17,SJC_Gold,34.27,34.16,42.11201689121255,11.149872223814771
2015-09-19,2015-09-18,SJC_Gold,34.29,34.27,42.11201689121255,11.149872223814771
2015-09-20,2015-09-19,SJC_Gold,34.29,34.29,42.11201689121255,11.149872223814771
2015-09-21,2015-09-20,SJC_Gold,34.25,34.29,42.11201689121255,11.149872223814771
2015-09-22,2015-09-21,SJC_Gold,34.14,34.25,42.11201689121255,11.149872223814771
2015-09-23,2015-09-22,SJC_Gold,34.05,34.14,42.11201689121255,11.149872223814771
2015-09-24,2015-09-23,SJC_Gold,34.1,34.05,42.11201689121255,11.149872223814771
2015-09-25,2015-09-24,SJC_Gold,34.14,34.1,42.11201689121255,11.149872223814771
2015-09-26,2015-09-25,SJC_Gold,34.15,34.14,42.11201689121255,11.149872223814771
2015-09-27,2015-09-26,SJC_Gold,34.15,34.15,42.11201689121255,11.149872223814771
2015-09-28,2015-09-27,SJC_Gold,33.98,34.15,42.11201689121255,11.149872223814771
2015-09-29,2015-09-28,SJC_Gold,33.88,33.98,42.11201689121255,11.149872223814771
2015-09-30,2015-09-29,SJC_Gold,33.9,33.88,42.11201689121255,11.149872223814771
2015-10-01,2015-09-30,SJC_Gold,33.84,33.9,42.11201689121255,11.149872223814771
2015-10-02,2015-10-01,SJC_Gold,33.81,33.84,42.11201689121255,11.149872223814771
2015-10-03,2015-10-02,SJC_Gold,34.0,33.81,42.11201689121255,11.149872223814771
2015-10-04,2015-10-03,SJC_Gold,34.0,34.0,42.11201689121255,11.149872223814771
2015-10-05,2015-10-04,SJC_Gold,33.91,34.0,42.11201689121255,11.149872223814771
2015-10-06,2015-10-05,SJC_Gold,33.87,33.91,42.11201689121255,11.149872223814771
2015-10-07,2015-10-06,SJC_Gold,33.92,33.87,42.11201689121255,11.149872223814771
2015-10-08,2015-10-07,SJC_Gold,33.87,33.92,42.11201689121255,11.149872223814771
2015-10-09,2015-10-08,SJC_Gold,33.94,33.87,42.11201689121255,11.149872223814771
2015-10-10,2015-10-09,SJC_Gold,33.96,33.94,42.11201689121255,11.149872223814771
2015-10-11,2015-10-10,SJC_Gold,33.96,33.96,42.11201689121255,11.149872223814771
2015-10-12,2015-10-11,SJC_Gold,34.04,33.96,42.11201689121255,11.149872223814771
2015-10-13,2015-10-12,SJC_Gold,33.97,34.04,42.11201689121255,11.149872223814771
2015-10-14,2015-10-13,SJC_Gold,34.06,33.97,42.11201689121255,11.149872223814771
2015-10-15,2015-10-14,SJC_Gold,34.17,34.06,42.11201689121255,11.149872223814771
2015-10-16,2015-10-15,SJC_Gold,34.12,34.17,42.11201689121255,11.149872223814771
2015-10-17,2015-10-16,SJC_Gold,34.08,34.12,42.11201689121255,11.149872223814771
2015-10-18,2015-10-17,SJC_Gold,34.08,34.08,42.11201689121255,11.149872223814771
2015-10-19,2015-10-18,SJC_Gold,33.98,34.08,42.11201689121255,11.149872223814771
2015-10-20,2015-10-19,SJC_Gold,33.96,33.98,42.11201689121255,11.149872223814771
2015-10-21,2015-10-20,SJC_Gold,33.98,33.96,42.11201689121255,11.149872223814771
2015-10-22,2015-10-21,SJC_Gold,33.97,33.98,42.11201689121255,11.149872223814771
2015-10-23,2015-10-22,SJC_Gold,34.0,33.97,42.11201689121255,11.149872223814771
2015-10-24,2015-10-23,SJC_Gold,33.96,34.0,42.11201689121255,11.149872223814771
2015-10-25,2015-10-24,SJC_Gold,33.96,33.96,42.11201689121255,11.149872223814771
2015-10-26,2015-10-25,SJC_Gold,33.95,33.96,42.11201689121255,11.149872223814771
2015-10-27,2015-10-26,SJC_Gold,33.95,33.95,42.11201689121255,11.149872223814771
2015-10-28,2015-10-27,SJC_Gold,33.95,33.95,42.11201689121255,11.149872223814771
2015-10-29,2015-10-28,SJC_Gold,33.87,33.95,42.11201689121255,11.149872223814771
2015-10-30,2015-10-29,SJC_Gold,33.8,33.87,42.11201689121255,11.149872223814771
2015-10-31,2015-10-30,SJC_Gold,33.79,33.8,42.11201689121255,11.149872223814771
2015-11-01,2015-10-31,SJC_Gold,33.79,33.79,42.11201689121255,11.149872223814771
2015-11-02,2015-11-01,SJC_Gold,33.78,33.79,42.11201689121255,11.149872223814771
2015-11-03,2015-11-02,SJC_Gold,33.73,33.78,42.11201689121255,11.149872223814771
2015-11-04,2015-11-03,SJC_Gold,33.56,33.73,42.11201689121255,11.149872223814771
2015-11-05,2015-11-04,SJC_Gold,33.38,33.56,42.11201689121255,11.149872223814771
2015-11-06,2015-11-05,SJC_Gold,33.5,33.38,42.11201689121255,11.149872223814771
2015-11-07,2015-11-06,SJC_Gold,33.44,33.5,42.11201689121255,11.149872223814771
2015-11-08,2015-11-07,SJC_Gold,33.44,33.44,42.11201689121255,11.149872223814771
2015-11-09,2015-11-08,SJC_Gold,33.44,33.44,42.11201689121255,11.149872223814771
2015-11-10,2015-11-09,SJC_Gold,33.47,33.44,42.11201689121255,11.149872223814771
2015-11-11,2015-11-10,SJC_Gold,33.44,33.47,42.11201689121255,11.149872223814771
2015-11-12,2015-11-11,SJC_Gold,33.42,33.44,42.11201689121255,11.149872223814771
2015-11-13,2015-11-12,SJC_Gold,33.36,33.42,42.11201689121255,11.149872223814771
2015-11-14,2015-11-13,SJC_Gold,33.36,33.36,42.11201689121255,11.149872223814771
2015-11-15,2015-11-14,SJC_Gold,33.36,33.36,42.11201689121255,11.149872223814771
2015-11-16,2015-11-15,SJC_Gold,33.49,33.36,42.11201689121255,11.149872223814771
2015-11-17,2015-11-16,SJC_Gold,33.42,33.49,42.11201689121255,11.149872223814771
2015-11-18,2015-11-17,SJC_Gold,33.3,33.42,42.11201689121255,11.149872223814771
2015-11-19,2015-11-18,SJC_Gold,33.37,33.3,42.11201689121255,11.149872223814771
2015-11-20,2015-11-19,SJC_Gold,33.4,33.37,42.11201689121255,11.149872223814771
2015-11-21,2015-11-20,SJC_Gold,33.38,33.4,42.11201689121255,11.149872223814771
2015-11-22,2015-11-21,SJC_Gold,33.38,33.38,42.11201689121255,11.149872223814771
2015-11-23,2015-11-22,SJC_Gold,33.3,33.38,42.11201689121255,11.149872223814771
2015-11-24,2015-11-23,SJC_Gold,33.29,33.3,42.11201689121255,11.149872223814771
2015-11-25,2015-11-24,SJC_Gold,33.29,33.29,42.11201689121255,11.149872223814771
2015-11-26,2015-11-25,SJC_Gold,33.29,33.29,42.11201689121255,11.149872223814771
2015-11-27,2015-11-26,SJC_Gold,33.25,33.29,42.11201689121255,11.149872223814771
2015-11-28,2015-11-27,SJC_Gold,33.21,33.25,42.11201689121255,11.149872223814771
2015-11-29,2015-11-28,SJC_Gold,33.21,33.21,42.11201689121255,11.149872223814771
2015-11-30,2015-11-29,SJC_Gold,33.08,33.21,42.11201689121255,11.149872223814771
2015-12-01,2015-11-30,SJC_Gold,33.13,33.08,42.11201689121255,11.149872223814771
2015-12-02,2015-12-01,SJC_Gold,33.09,33.13,42.11201689121255,11.149872223814771
2015-12-03,2015-12-02,SJC_Gold,32.95,33.09,42.11201689121255,11.149872223814771
2015-12-04,2015-12-03,SJC_Gold,33.02,32.95,42.11201689121255,11.149872223814771
2015-12-05,2015-12-04,SJC_Gold,33.25,33.02,42.11201689121255,11.149872223814771
2015-12-06,2015-12-05,SJC_Gold,33.25,33.25,42.11201689121255,11.149872223814771
2015-12-07,2015-12-06,SJC_Gold,33.24,33.25,42.11201689121255,11.149872223814771
2015-12-08,2015-12-07,SJC_Gold,33.2,33.24,42.11201689121255,11.149872223814771
2015-12-09,2015-12-08,SJC_Gold,33.24,33.2,42.11201689121255,11.149872223814771
2015-12-10,2015-12-09,SJC_Gold,33.18,33.24,42.11201689121255,11.149872223814771
2015-12-11,2015-12-10,SJC_Gold,33.14,33.18,42.11201689121255,11.149872223814771
2015-12-12,2015-12-11,SJC_Gold,33.17,33.14,42.11201689121255,11.149872223814771
2015-12-13,2015-12-12,SJC_Gold,33.17,33.17,42.11201689121255,11.149872223814771
2015-12-14,2015-12-13,SJC_Gold,33.12,33.17,42.11201689121255,11.149872223814771
2015-12-15,2015-12-14,SJC_Gold,33.05,33.12,42.11201689121255,11.149872223814771
2015-12-16,2015-12-15,SJC_Gold,33.08,33.05,42.11201689121255,11.149872223814771
2015-12-17,2015-12-16,SJC_Gold,33.06,33.08,42.11201689121255,11.149872223814771
2015-12-18,2015-12-17,SJC_Gold,32.99,33.06,42.11201689121255,11.149872223814771
2015-12-19,2015-12-18,SJC_Gold,33.05,32.99,42.11201689121255,11.149872223814771
2015-12-20,2015-12-19,SJC_Gold,33.05,33.05,42.11201689121255,11.149872223814771
2015-12-21,2015-12-20,SJC_Gold,33.08,33.05,42.11201689121255,11.149872223814771
2015-12-22,2015-12-21,SJC_Gold,33.08,33.08,42.11201689121255,11.149872223814771
2015-12-23,2015-12-22,SJC_Gold,33.05,33.08,42.11201689121255,11.149872223814771
2015-12-24,2015-12-23,SJC_Gold,33.08,33.05,42.11201689121255,11.149872223814771
2015-12-25,2015-12-24,SJC_Gold,33.08,33.08,42.11201689121255,11.149872223814771
2015-12-26,2015-12-25,SJC_Gold,33.08,33.08,42.11201689121255,11.149872223814771
2015-12-27,2015-12-26,SJC_Gold,33.08,33.08,42.11201689121255,11.149872223814771
2015-12-28,2015-12-27,SJC_Gold,33.08,33.08,42.11201689121255,11.149872223814771
2015-12-29,2015-12-28,SJC_Gold,33.08,33.08,42.11201689121255,11.149872223814771
2015-12-30,2015-12-29,SJC_Gold,33.08,33.08,42.11201689121255,11.149872223814771
2015-12-31,2015-12-30,SJC_Gold,32.73,33.08,42.11201689121255,11.149872223814771
2016-01-01,2015-12-31,SJC_Gold,32.73,32.73,42.11201689121255,11.149872223814771
2016-01-02,2016-01-01,SJC_Gold,32.73,32.73,42.11201689121255,11.149872223814771
2016-01-03,2016-01-02,SJC_Gold,32.73,32.73,42.11201689121255,11.149872223814771
2016-01-04,2016-01-03,SJC_Gold,32.92,32.73,42.11201689121255,11.149872223814771
2016-01-05,2016-01-04,SJC_Gold,32.89,32.92,42.11201689121255,11.149872223814771
2016-01-06,2016-01-05,SJC_Gold,32.89,32.89,42.11201689121255,11.149872223814771
2016-01-07,2016-01-06,SJC_Gold,33.02,32.89,42.11201689121255,11.149872223814771
2016-01-08,2016-01-07,SJC_Gold,33.08,33.02,42.11201689121255,11.149872223814771
2016-01-09,2016-01-08,SJC_Gold,33.14,33.08,42.11201689121255,11.149872223814771
2016-01-10,2016-01-09,SJC_Gold,33.14,33.14,42.11201689121255,11.149872223814771
2016-01-11,2016-01-10,SJC_Gold,33.15,33.14,42.11201689121255,11.149872223814771
2016-01-12,2016-01-11,SJC_Gold,33.06,33.15,42.11201689121255,11.149872223814771
2016-01-13,2016-01-12,SJC_Gold,32.88,33.06,42.11201689121255,11.149872223814771
2016-01-14,2016-01-13,SJC_Gold,32.92,32.88,42.11201689121255,11.149872223814771
2016-01-15,2016-01-14,SJC_Gold,32.87,32.92,42.11201689121255,11.149872223814771
2016-01-16,2016-01-15,SJC_Gold,32.92,32.87,42.11201689121255,11.149872223814771
2016-01-17,2016-01-16,SJC_Gold,32.92,32.92,42.11201689121255,11.149872223814771
2016-01-18,2016-01-17,SJC_Gold,32.83,32.92,42.11201689121255,11.149872223814771
2016-01-19,2016-01-18,SJC_Gold,32.85,32.83,42.11201689121255,11.149872223814771
2016-01-20,2016-01-19,SJC_Gold,32.84,32.85,42.11201689121255,11.149872223814771
2016-01-21,2016-01-20,SJC_Gold,32.9,32.84,42.11201689121255,11.149872223814771
2016-01-22,2016-01-21,SJC_Gold,32.86,32.9,42.11201689121255,11.149872223814771
2016-01-23,2016-01-22,SJC_Gold,32.91,32.86,42.11201689121255,11.149872223814771
2016-01-24,2016-01-23,SJC_Gold,32.91,32.91,42.11201689121255,11.149872223814771
2016-01-25,2016-01-24,SJC_Gold,32.86,32.91,42.11201689121255,11.149872223814771
2016-01-26,2016-01-25,SJC_Gold,32.92,32.86,42.11201689121255,11.149872223814771
2016-01-27,2016-01-26,SJC_Gold,32.95,32.92,42.11201689121255,11.149872223814771
2016-01-28,2016-01-27,SJC_Gold,32.95,32.95,42.11201689121255,11.149872223814771
2016-01-29,2016-01-28,SJC_Gold,32.89,32.95,42.11201689121255,11.149872223814771
2016-01-30,2016-01-29,SJC_Gold,32.92,32.89,42.11201689121255,11.149872223814771
2016-01-31,2016-01-30,SJC_Gold,32.92,32.92,42.11201689121255,11.149872223814771
2016-02-01,2016-01-31,SJC_Gold,32.94,32.92,42.11201689121255,11.149872223814771
2016-02-02,2016-02-01,SJC_Gold,33.0,32.94,42.11201689121255,11.149872223814771
2016-02-03,2016-02-02,SJC_Gold,33.07,33.0,42.11201689121255,11.149872223814771
2016-02-04,2016-02-03,SJC_Gold,33.25,33.07,42.11201689121255,11.149872223814771
2016-02-05,2016-02-04,SJC_Gold,33.38,33.25,42.11201689121255,11.149872223814771
2016-02-06,2016-02-05,SJC_Gold,33.38,33.38,42.11201689121255,11.149872223814771
2016-02-07,2016-02-06,SJC_Gold,33.38,33.38,42.11201689121255,11.149872223814771
2016-02-08,2016-02-07,SJC_Gold,33.38,33.38,42.11201689121255,11.149872223814771
2016-02-09,2016-02-08,SJC_Gold,33.38,33.38,42.11201689121255,11.149872223814771
2016-02-10,2016-02-09,SJC_Gold,33.38,33.38,42.11201689121255,11.149872223814771
2016-02-11,2016-02-10,SJC_Gold,33.38,33.38,42.11201689121255,11.149872223814771
2016-02-12,2016-02-11,SJC_Gold,34.4,33.38,42.11201689121255,11.149872223814771
2016-02-13,2016-02-12,SJC_Gold,34.4,34.4,42.11201689121255,11.149872223814771
2016-02-14,2016-02-13,SJC_Gold,34.4,34.4,42.11201689121255,11.149872223814771
2016-02-15,2016-02-14,SJC_Gold,33.73,34.4,42.11201689121255,11.149872223814771
2016-02-16,2016-02-15,SJC_Gold,33.8,33.73,42.11201689121255,11.149872223814771
2016-02-17,2016-02-16,SJC_Gold,33.58,33.8,42.11201689121255,11.149872223814771
2016-02-18,2016-02-17,SJC_Gold,33.45,33.58,42.11201689121255,11.149872223814771
2016-02-19,2016-02-18,SJC_Gold,33.63,33.45,42.11201689121255,11.149872223814771
2016-02-20,2016-02-19,SJC_Gold,33.65,33.63,42.11201689121255,11.149872223814771
2016-02-21,2016-02-20,SJC_Gold,33.65,33.65,42.11201689121255,11.149872223814771
2016-02-22,2016-02-21,SJC_Gold,33.42,33.65,42.11201689121255,11.149872223814771
2016-02-23,2016-02-22,SJC_Gold,33.52,33.42,42.11201689121255,11.149872223814771
2016-02-24,2016-02-23,SJC_Gold,33.66,33.52,42.11201689121255,11.149872223814771
2016-02-25,2016-02-24,SJC_Gold,33.65,33.66,42.11201689121255,11.149872223814771
2016-02-26,2016-02-25,SJC_Gold,33.6,33.65,42.11201689121255,11.149872223814771
2016-02-27,2016-02-26,SJC_Gold,33.5,33.6,42.11201689121255,11.149872223814771
2016-02-28,2016-02-27,SJC_Gold,33.5,33.5,42.11201689121255,11.149872223814771
2016-02-29,2016-02-28,SJC_Gold,33.59,33.5,42.11201689121255,11.149872223814771
2016-03-01,2016-02-29,SJC_Gold,33.67,33.59,42.11201689121255,11.149872223814771
2016-03-02,2016-03-01,SJC_Gold,33.54,33.67,42.11201689121255,11.149872223814771
2016-03-03,2016-03-02,SJC_Gold,33.61,33.54,42.11201689121255,11.149872223814771
2016-03-04,2016-03-03,SJC_Gold,34.07,33.61,42.11201689121255,11.149872223814771
2016-03-05,2016-03-04,SJC_Gold,34.03,34.07,42.11201689121255,11.149872223814771
2016-03-06,2016-03-05,SJC_Gold,34.03,34.03,42.11201689121255,11.149872223814771
2016-03-07,2016-03-06,SJC_Gold,34.05,34.03,42.11201689121255,11.149872223814771
2016-03-08,2016-03-07,SJC_Gold,34.15,34.05,42.11201689121255,11.149872223814771
2016-03-09,2016-03-08,SJC_Gold,33.93,34.15,42.11201689121255,11.149872223814771
2016-03-10,2016-03-09,SJC_Gold,33.8,33.93,42.11201689121255,11.149872223814771
2016-03-11,2016-03-10,SJC_Gold,34.03,33.8,42.11201689121255,11.149872223814771
2016-03-12,2016-03-11,SJC_Gold,33.92,34.03,42.11201689121255,11.149872223814771
2016-03-13,2016-03-12,SJC_Gold,33.92,33.92,42.11201689121255,11.149872223814771
2016-03-14,2016-03-13,SJC_Gold,33.96,33.92,42.11201689121255,11.149872223814771
2016-03-15,2016-03-14,SJC_Gold,33.78,33.96,42.11201689121255,11.149872223814771
2016-03-16,2016-03-15,SJC_Gold,33.7,33.78,42.11201689121255,11.149872223814771
2016-03-17,2016-03-16,SJC_Gold,33.92,33.7,42.11201689121255,11.149872223814771
2016-03-18,2016-03-17,SJC_Gold,33.87,33.92,42.11201689121255,11.149872223814771
2016-03-19,2016-03-18,SJC_Gold,33.88,33.87,42.11201689121255,11.149872223814771
2016-03-20,2016-03-19,SJC_Gold,33.88,33.88,42.11201689121255,11.149872223814771
2016-03-21,2016-03-20,SJC_Gold,33.72,33.88,42.11201689121255,11.149872223814771
2016-03-22,2016-03-21,SJC_Gold,33.75,33.72,42.11201689121255,11.149872223814771
2016-03-23,2016-03-22,SJC_Gold,33.64,33.75,42.11201689121255,11.149872223814771
2016-03-24,2016-03-23,SJC_Gold,33.4,33.64,42.11201689121255,11.149872223814771
2016-03-25,2016-03-24,SJC_Gold,33.4,33.4,42.11201689121255,11.149872223814771
2016-03-26,2016-03-25,SJC_Gold,33.42,33.4,42.11201689121255,11.149872223814771
2016-03-27,2016-03-26,SJC_Gold,33.42,33.42,42.11201689121255,11.149872223814771
2016-03-28,2016-03-27,SJC_Gold,33.29,33.42,42.11201689121255,11.149872223814771
2016-03-29,2016-03-28,SJC_Gold,33.26,33.29,42.11201689121255,11.149872223814771
2016-03-30,2016-03-29,SJC_Gold,33.35,33.26,42.11201689121255,11.149872223814771
2016-03-31,2016-03-30,SJC_Gold,33.34,33.35,42.11201689121255,11.149872223814771
2016-04-01,2016-03-31,SJC_Gold,33.33,33.34,42.11201689121255,11.149872223814771
2016-04-02,2016-04-01,SJC_Gold,33.27,33.33,42.11201689121255,11.149872223814771
2016-04-03,2016-04-02,SJC_Gold,33.27,33.27,42.11201689121255,11.149872223814771
2016-04-04,2016-04-03,SJC_Gold,33.24,33.27,42.11201689121255,11.149872223814771
2016-04-05,2016-04-04,SJC_Gold,33.28,33.24,42.11201689121255,11.149872223814771
2016-04-06,2016-04-05,SJC_Gold,33.23,33.28,42.11201689121255,11.149872223814771
2016-04-07,2016-04-06,SJC_Gold,33.33,33.23,42.11201689121255,11.149872223814771
2016-04-08,2016-04-07,SJC_Gold,33.25,33.33,42.11201689121255,11.149872223814771
2016-04-09,2016-04-08,SJC_Gold,33.28,33.25,42.11201689121255,11.149872223814771
2016-04-10,2016-04-09,SJC_Gold,33.28,33.28,42.11201689121255,11.149872223814771
2016-04-11,2016-04-10,SJC_Gold,33.43,33.28,42.11201689121255,11.149872223814771
2016-04-12,2016-04-11,SJC_Gold,33.62,33.43,42.11201689121255,11.149872223814771
2016-04-13,2016-04-12,SJC_Gold,33.45,33.62,42.11201689121255,11.149872223814771
2016-04-14,2016-04-13,SJC_Gold,33.37,33.45,42.11201689121255,11.149872223814771
2016-04-15,2016-04-14,SJC_Gold,33.3,33.37,42.11201689121255,11.149872223814771
2016-04-16,2016-04-15,SJC_Gold,33.3,33.3,42.11201689121255,11.149872223814771
2016-04-17,2016-04-16,SJC_Gold,33.3,33.3,42.11201689121255,11.149872223814771
2016-04-18,2016-04-17,SJC_Gold,33.4,33.3,42.11201689121255,11.149872223814771
2016-04-19,2016-04-18,SJC_Gold,33.34,33.4,42.11201689121255,11.149872223814771
2016-04-20,2016-04-19,SJC_Gold,33.43,33.34,42.11201689121255,11.149872223814771
2016-04-21,2016-04-20,SJC_Gold,33.52,33.43,42.11201689121255,11.149872223814771
2016-04-22,2016-04-21,SJC_Gold,33.43,33.52,42.11201689121255,11.149872223814771
2016-04-23,2016-04-22,SJC_Gold,33.37,33.43,42.11201689121255,11.149872223814771
2016-04-24,2016-04-23,SJC_Gold,33.37,33.37,42.11201689121255,11.149872223814771
2016-04-25,2016-04-24,SJC_Gold,33.32,33.37,42.11201689121255,11.149872223814771
2016-04-26,2016-04-25,SJC_Gold,33.3,33.32,42.11201689121255,11.149872223814771
2016-04-27,2016-04-26,SJC_Gold,33.34,33.3,42.11201689121255,11.149872223814771
2016-04-28,2016-04-27,SJC_Gold,33.5,33.34,42.11201689121255,11.149872223814771
2016-04-29,2016-04-28,SJC_Gold,33.8,33.5,42.11201689121255,11.149872223814771
2016-04-30,2016-04-29,SJC_Gold,34.35,33.8,42.11201689121255,11.149872223814771
2016-05-01,2016-04-30,SJC_Gold,34.35,34.35,42.11201689121255,11.149872223814771
2016-05-02,2016-05-01,SJC_Gold,34.35,34.35,42.11201689121255,11.149872223814771
2016-05-03,2016-05-02,SJC_Gold,34.35,34.35,42.11201689121255,11.149872223814771
2016-05-04,2016-05-03,SJC_Gold,33.98,34.35,42.11201689121255,11.149872223814771
2016-05-05,2016-05-04,SJC_Gold,33.94,33.98,42.11201689121255,11.149872223814771
2016-05-06,2016-05-05,SJC_Gold,34.03,33.94,42.11201689121255,11.149872223814771
2016-05-07,2016-05-06,SJC_Gold,34.17,34.03,42.11201689121255,11.149872223814771
2016-05-08,2016-05-07,SJC_Gold,34.17,34.17,42.11201689121255,11.149872223814771
2016-05-09,2016-05-08,SJC_Gold,34.02,34.17,42.11201689121255,11.149872223814771
2016-05-10,2016-05-09,SJC_Gold,33.88,34.02,42.11201689121255,11.149872223814771
2016-05-11,2016-05-10,SJC_Gold,34.03,33.88,42.11201689121255,11.149872223814771
2016-05-12,2016-05-11,SJC_Gold,34.0,34.03,42.11201689121255,11.149872223814771
2016-05-13,2016-05-12,SJC_Gold,34.1,34.0,42.11201689121255,11.149872223814771
2016-05-14,2016-05-13,SJC_Gold,34.07,34.1,42.11201689121255,11.149872223814771
2016-05-15,2016-05-14,SJC_Gold,34.07,34.07,42.11201689121255,11.149872223814771
2016-05-16,2016-05-15,SJC_Gold,34.2,34.07,42.11201689121255,11.149872223814771
2016-05-17,2016-05-16,SJC_Gold,34.16,34.2,42.11201689121255,11.149872223814771
2016-05-18,2016-05-17,SJC_Gold,34.15,34.16,42.11201689121255,11.149872223814771
2016-05-19,2016-05-18,SJC_Gold,33.97,34.15,42.11201689121255,11.149872223814771
2016-05-20,2016-05-19,SJC_Gold,34.01,33.97,42.11201689121255,11.149872223814771
2016-05-21,2016-05-20,SJC_Gold,33.96,34.01,42.11201689121255,11.149872223814771
2016-05-22,2016-05-21,SJC_Gold,33.96,33.96,42.11201689121255,11.149872223814771
2016-05-23,2016-05-22,SJC_Gold,33.89,33.96,42.11201689121255,11.149872223814771
2016-05-24,2016-05-23,SJC_Gold,33.74,33.89,42.11201689121255,11.149872223814771
2016-05-25,2016-05-24,SJC_Gold,33.44,33.74,42.11201689121255,11.149872223814771
2016-05-26,2016-05-25,SJC_Gold,33.5,33.44,42.11201689121255,11.149872223814771
2016-05-27,2016-05-26,SJC_Gold,33.43,33.5,42.11201689121255,11.149872223814771
2016-05-28,2016-05-27,SJC_Gold,33.39,33.43,42.11201689121255,11.149872223814771
2016-05-29,2016-05-28,SJC_Gold,33.39,33.39,42.11201689121255,11.149872223814771
2016-05-30,2016-05-29,SJC_Gold,33.33,33.39,42.11201689121255,11.149872223814771
2016-05-31,2016-05-30,SJC_Gold,33.35,33.33,42.11201689121255,11.149872223814771
2016-06-01,2016-05-31,SJC_Gold,33.46,33.35,42.11201689121255,11.149872223814771
2016-06-02,2016-06-01,SJC_Gold,33.46,33.46,42.11201689121255,11.149872223814771
2016-06-03,2016-06-02,SJC_Gold,33.4,33.46,42.11201689121255,11.149872223814771
2016-06-04,2016-06-03,SJC_Gold,33.68,33.4,42.11201689121255,11.149872223814771
2016-06-05,2016-06-04,SJC_Gold,33.68,33.68,42.11201689121255,11.149872223814771
2016-06-06,2016-06-05,SJC_Gold,33.63,33.68,42.11201689121255,11.149872223814771
2016-06-07,2016-06-06,SJC_Gold,33.58,33.63,42.11201689121255,11.149872223814771
2016-06-08,2016-06-07,SJC_Gold,33.67,33.58,42.11201689121255,11.149872223814771
2016-06-09,2016-06-08,SJC_Gold,33.8,33.67,42.11201689121255,11.149872223814771
2016-06-10,2016-06-09,SJC_Gold,33.93,33.8,42.11201689121255,11.149872223814771
2016-06-11,2016-06-10,SJC_Gold,34.06,33.93,42.11201689121255,11.149872223814771
2016-06-12,2016-06-11,SJC_Gold,34.06,34.06,42.11201689121255,11.149872223814771
2016-06-13,2016-06-12,SJC_Gold,34.27,34.06,42.11201689121255,11.149872223814771
2016-06-14,2016-06-13,SJC_Gold,34.15,34.27,42.11201689121255,11.149872223814771
2016-06-15,2016-06-14,SJC_Gold,34.24,34.15,42.11201689121255,11.149872223814771
2016-06-16,2016-06-15,SJC_Gold,34.81,34.24,42.11201689121255,11.149872223814771
2016-06-17,2016-06-16,SJC_Gold,34.38,34.81,42.11201689121255,11.149872223814771
2016-06-18,2016-06-17,SJC_Gold,34.67,34.38,42.11201689121255,11.149872223814771
2016-06-19,2016-06-18,SJC_Gold,34.67,34.67,42.11201689121255,11.149872223814771
2016-06-20,2016-06-19,SJC_Gold,34.47,34.67,42.11201689121255,11.149872223814771
2016-06-21,2016-06-20,SJC_Gold,34.36,34.47,42.11201689121255,11.149872223814771
2016-06-22,2016-06-21,SJC_Gold,33.99,34.36,42.11201689121255,11.149872223814771
2016-06-23,2016-06-22,SJC_Gold,34.1,33.99,42.11201689121255,11.149872223814771
2016-06-24,2016-06-23,SJC_Gold,35.1,34.1,42.11201689121255,11.149872223814771
2016-06-25,2016-06-24,SJC_Gold,35.15,35.1,42.11201689121255,11.149872223814771
2016-06-26,2016-06-25,SJC_Gold,35.15,35.15,42.11201689121255,11.149872223814771
2016-06-27,2016-06-26,SJC_Gold,35.35,35.15,42.11201689121255,11.149872223814771
2016-06-28,2016-06-27,SJC_Gold,35.04,35.35,42.11201689121255,11.149872223814771
2016-06-29,2016-06-28,SJC_Gold,35.22,35.04,42.11201689121255,11.149872223814771
2016-06-30,2016-06-29,SJC_Gold,35.22,35.22,42.11201689121255,11.149872223814771
2016-07-01,2016-06-30,SJC_Gold,35.58,35.22,42.11201689121255,11.149872223814771
2016-07-02,2016-07-01,SJC_Gold,35.85,35.58,42.11201689121255,11.149872223814771
2016-07-03,2016-07-02,SJC_Gold,35.85,35.85,42.11201689121255,11.149872223814771
2016-07-04,2016-07-03,SJC_Gold,36.9,35.85,42.11201689121255,11.149872223814771
2016-07-05,2016-07-04,SJC_Gold,36.9,36.9,42.11201689121255,11.149872223814771
2016-07-06,2016-07-05,SJC_Gold,39.7,36.9,42.11201689121255,11.149872223814771
2016-07-07,2016-07-06,SJC_Gold,37.5,39.7,42.11201689121255,11.149872223814771
2016-07-08,2016-07-07,SJC_Gold,37.3,37.5,42.11201689121255,11.149872223814771
2016-07-09,2016-07-08,SJC_Gold,37.6,37.3,42.11201689121255,11.149872223814771
2016-07-10,2016-07-09,SJC_Gold,37.6,37.6,42.11201689121255,11.149872223814771
2016-07-11,2016-07-10,SJC_Gold,37.5,37.6,42.11201689121255,11.149872223814771
2016-07-12,2016-07-11,SJC_Gold,37.3,37.5,42.11201689121255,11.149872223814771
2016-07-13,2016-07-12,SJC_Gold,37.05,37.3,42.11201689121255,11.149872223814771
2016-07-14,2016-07-13,SJC_Gold,36.86,37.05,42.11201689121255,11.149872223814771
2016-07-15,2016-07-14,SJC_Gold,36.87,36.86,42.11201689121255,11.149872223814771
2016-07-16,2016-07-15,SJC_Gold,37.1,36.87,42.11201689121255,11.149872223814771
2016-07-17,2016-07-16,SJC_Gold,37.1,37.1,42.11201689121255,11.149872223814771
2016-07-18,2016-07-17,SJC_Gold,36.83,37.1,42.11201689121255,11.149872223814771
2016-07-19,2016-07-18,SJC_Gold,36.82,36.83,42.11201689121255,11.149872223814771
2016-07-20,2016-07-19,SJC_Gold,36.78,36.82,42.11201689121255,11.149872223814771
2016-07-21,2016-07-20,SJC_Gold,36.66,36.78,42.11201689121255,11.149872223814771
2016-07-22,2016-07-21,SJC_Gold,36.68,36.66,42.11201689121255,11.149872223814771
2016-07-23,2016-07-22,SJC_Gold,36.65,36.68,42.11201689121255,11.149872223814771
2016-07-24,2016-07-23,SJC_Gold,36.65,36.65,42.11201689121255,11.149872223814771
2016-07-25,2016-07-24,SJC_Gold,36.53,36.65,42.11201689121255,11.149872223814771
2016-07-26,2016-07-25,SJC_Gold,36.58,36.53,42.11201689121255,11.149872223814771
2016-07-27,2016-07-26,SJC_Gold,36.5,36.58,42.11201689121255,11.149872223814771
2016-07-28,2016-07-27,SJC_Gold,36.72,36.5,42.11201689121255,11.149872223814771
2016-07-29,2016-07-28,SJC_Gold,36.57,36.72,42.11201689121255,11.149872223814771
2016-07-30,2016-07-29,SJC_Gold,36.75,36.57,42.11201689121255,11.149872223814771
2016-07-31,2016-07-30,SJC_Gold,36.75,36.75,42.11201689121255,11.149872223814771
2016-08-01,2016-07-31,SJC_Gold,36.74,36.75,42.11201689121255,11.149872223814771
2016-08-02,2016-08-01,SJC_Gold,36.85,36.74,42.11201689121255,11.149872223814771
2016-08-03,2016-08-02,SJC_Gold,36.97,36.85,42.11201689121255,11.149872223814771
2016-08-04,2016-08-03,SJC_Gold,36.85,36.97,42.11201689121255,11.149872223814771
2016-08-05,2016-08-04,SJC_Gold,36.91,36.85,42.11201689121255,11.149872223814771
2016-08-06,2016-08-05,SJC_Gold,36.62,36.91,42.11201689121255,11.149872223814771
2016-08-07,2016-08-06,SJC_Gold,36.62,36.62,42.11201689121255,11.149872223814771
2016-08-08,2016-08-07,SJC_Gold,36.58,36.62,42.11201689121255,11.149872223814771
2016-08-09,2016-08-08,SJC_Gold,36.63,36.58,42.11201689121255,11.149872223814771
2016-08-10,2016-08-09,SJC_Gold,36.8,36.63,42.11201689121255,11.149872223814771
2016-08-11,2016-08-10,SJC_Gold,36.72,36.8,42.11201689121255,11.149872223814771
2016-08-12,2016-08-11,SJC_Gold,36.65,36.72,42.11201689121255,11.149872223814771
2016-08-13,2016-08-12,SJC_Gold,36.65,36.65,42.11201689121255,11.149872223814771
2016-08-14,2016-08-13,SJC_Gold,36.65,36.65,42.11201689121255,11.149872223814771
2016-08-15,2016-08-14,SJC_Gold,36.7,36.65,42.11201689121255,11.149872223814771
2016-08-16,2016-08-15,SJC_Gold,36.78,36.7,42.11201689121255,11.149872223814771
2016-08-17,2016-08-16,SJC_Gold,36.71,36.78,42.11201689121255,11.149872223814771
2016-08-18,2016-08-17,SJC_Gold,36.75,36.71,42.11201689121255,11.149872223814771
2016-08-19,2016-08-18,SJC_Gold,36.73,36.75,42.11201689121255,11.149872223814771
2016-08-20,2016-08-19,SJC_Gold,36.67,36.73,42.11201689121255,11.149872223814771
2016-08-21,2016-08-20,SJC_Gold,36.67,36.67,42.11201689121255,11.149872223814771
2016-08-22,2016-08-21,SJC_Gold,36.61,36.67,42.11201689121255,11.149872223814771
2016-08-23,2016-08-22,SJC_Gold,36.65,36.61,42.11201689121255,11.149872223814771
2016-08-24,2016-08-23,SJC_Gold,36.63,36.65,42.11201689121255,11.149872223814771
2016-08-25,2016-08-24,SJC_Gold,36.56,36.63,42.11201689121255,11.149872223814771
2016-08-26,2016-08-25,SJC_Gold,36.58,36.56,42.11201689121255,11.149872223814771
2016-08-27,2016-08-26,SJC_Gold,36.55,36.58,42.11201689121255,11.149872223814771
2016-08-28,2016-08-27,SJC_Gold,36.55,36.55,42.11201689121255,11.149872223814771
2016-08-29,2016-08-28,SJC_Gold,36.5,36.55,42.11201689121255,11.149872223814771
2016-08-30,2016-08-29,SJC_Gold,36.49,36.5,42.11201689121255,11.149872223814771
2016-08-31,2016-08-30,SJC_Gold,36.39,36.49,42.11201689121255,11.149872223814771
2016-09-01,2016-08-31,SJC_Gold,36.2,36.39,42.11201689121255,11.149872223814771
2016-09-02,2016-09-01,SJC_Gold,36.2,36.2,42.11201689121255,11.149872223814771
2016-09-03,2016-09-02,SJC_Gold,36.2,36.2,42.11201689121255,11.149872223814771
2016-09-04,2016-09-03,SJC_Gold,36.2,36.2,42.11201689121255,11.149872223814771
2016-09-05,2016-09-04,SJC_Gold,36.38,36.2,42.11201689121255,11.149872223814771
2016-09-06,2016-09-05,SJC_Gold,36.39,36.38,42.11201689121255,11.149872223814771
2016-09-07,2016-09-06,SJC_Gold,36.57,36.39,42.11201689121255,11.149872223814771
2016-09-08,2016-09-07,SJC_Gold,36.55,36.57,42.11201689121255,11.149872223814771
2016-09-09,2016-09-08,SJC_Gold,36.42,36.55,42.11201689121255,11.149872223814771
2016-09-10,2016-09-09,SJC_Gold,36.36,36.42,42.11201689121255,11.149872223814771
2016-09-11,2016-09-10,SJC_Gold,36.36,36.36,42.11201689121255,11.149872223814771
2016-09-12,2016-09-11,SJC_Gold,36.31,36.36,42.11201689121255,11.149872223814771
2016-09-13,2016-09-12,SJC_Gold,36.33,36.31,42.11201689121255,11.149872223814771
2016-09-14,2016-09-13,SJC_Gold,36.29,36.33,42.11201689121255,11.149872223814771
2016-09-15,2016-09-14,SJC_Gold,36.25,36.29,42.11201689121255,11.149872223814771
2016-09-16,2016-09-15,SJC_Gold,36.21,36.25,42.11201689121255,11.149872223814771
2016-09-17,2016-09-16,SJC_Gold,36.2,36.21,42.11201689121255,11.149872223814771
2016-09-18,2016-09-17,SJC_Gold,36.2,36.2,42.11201689121255,11.149872223814771
2016-09-19,2016-09-18,SJC_Gold,36.25,36.2,42.11201689121255,11.149872223814771
2016-09-20,2016-09-19,SJC_Gold,36.24,36.25,42.11201689121255,11.149872223814771
2016-09-21,2016-09-20,SJC_Gold,36.3,36.24,42.11201689121255,11.149872223814771
2016-09-22,2016-09-21,SJC_Gold,36.36,36.3,42.11201689121255,11.149872223814771
2016-09-23,2016-09-22,SJC_Gold,36.34,36.36,42.11201689121255,11.149872223814771
2016-09-24,2016-09-23,SJC_Gold,36.35,36.34,42.11201689121255,11.149872223814771
2016-09-25,2016-09-24,SJC_Gold,36.34,36.35,42.11201689121255,11.149872223814771
2016-09-26,2016-09-25,SJC_Gold,36.28,36.34,42.11201689121255,11.149872223814771
2016-09-27,2016-09-26,SJC_Gold,36.24,36.28,42.11201689121255,11.149872223814771
2016-09-28,2016-09-27,SJC_Gold,36.14,36.24,42.11201689121255,11.149872223814771
2016-09-29,2016-09-28,SJC_Gold,36.13,36.14,42.11201689121255,11.149872223814771
2016-09-30,2016-09-29,SJC_Gold,36.23,36.13,42.11201689121255,11.149872223814771
2016-10-01,2016-09-30,SJC_Gold,36.17,36.23,42.11201689121255,11.149872223814771
2016-10-02,2016-10-01,SJC_Gold,36.17,36.17,42.11201689121255,11.149872223814771
2016-10-03,2016-10-02,SJC_Gold,36.12,36.17,42.11201689121255,11.149872223814771
2016-10-04,2016-10-03,SJC_Gold,36.05,36.12,42.11201689121255,11.149872223814771
2016-10-05,2016-10-04,SJC_Gold,35.52,36.05,42.11201689121255,11.149872223814771
2016-10-06,2016-10-05,SJC_Gold,35.5,35.52,42.11201689121255,11.149872223814771
2016-10-07,2016-10-06,SJC_Gold,35.5,35.5,42.11201689121255,11.149872223814771
2016-10-08,2016-10-07,SJC_Gold,35.59,35.5,42.11201689121255,11.149872223814771
2016-10-09,2016-10-08,SJC_Gold,35.59,35.59,42.11201689121255,11.149872223814771
2016-10-10,2016-10-09,SJC_Gold,35.75,35.59,42.11201689121255,11.149872223814771
2016-10-11,2016-10-10,SJC_Gold,35.7,35.75,42.11201689121255,11.149872223814771
2016-10-12,2016-10-11,SJC_Gold,35.64,35.7,42.11201689121255,11.149872223814771
2016-10-13,2016-10-12,SJC_Gold,35.67,35.64,42.11201689121255,11.149872223814771
2016-10-14,2016-10-13,SJC_Gold,35.67,35.67,42.11201689121255,11.149872223814771
2016-10-15,2016-10-14,SJC_Gold,35.65,35.67,42.11201689121255,11.149872223814771
2016-10-16,2016-10-15,SJC_Gold,35.65,35.65,42.11201689121255,11.149872223814771
2016-10-17,2016-10-16,SJC_Gold,35.62,35.65,42.11201689121255,11.149872223814771
2016-10-18,2016-10-17,SJC_Gold,35.65,35.62,42.11201689121255,11.149872223814771
2016-10-19,2016-10-18,SJC_Gold,35.73,35.65,42.11201689121255,11.149872223814771
2016-10-20,2016-10-19,SJC_Gold,35.71,35.73,42.11201689121255,11.149872223814771
2016-10-21,2016-10-20,SJC_Gold,35.67,35.71,42.11201689121255,11.149872223814771
2016-10-22,2016-10-21,SJC_Gold,35.7,35.67,42.11201689121255,11.149872223814771
2016-10-23,2016-10-22,SJC_Gold,35.7,35.7,42.11201689121255,11.149872223814771
2016-10-24,2016-10-23,SJC_Gold,35.7,35.7,42.11201689121255,11.149872223814771
2016-10-25,2016-10-24,SJC_Gold,35.75,35.7,42.11201689121255,11.149872223814771
2016-10-26,2016-10-25,SJC_Gold,35.78,35.75,42.11201689121255,11.149872223814771
2016-10-27,2016-10-26,SJC_Gold,35.78,35.78,42.11201689121255,11.149872223814771
2016-10-28,2016-10-27,SJC_Gold,35.78,35.78,42.11201689121255,11.149872223814771
2016-10-29,2016-10-28,SJC_Gold,35.85,35.78,42.11201689121255,11.149872223814771
2016-10-30,2016-10-29,SJC_Gold,35.85,35.85,42.11201689121255,11.149872223814771
2016-10-31,2016-10-30,SJC_Gold,35.82,35.85,42.11201689121255,11.149872223814771
2016-11-01,2016-10-31,SJC_Gold,35.95,35.82,42.11201689121255,11.149872223814771
2016-11-02,2016-11-01,SJC_Gold,36.65,35.95,42.11201689121255,11.149872223814771
2016-11-03,2016-11-02,SJC_Gold,36.4,36.65,42.11201689121255,11.149872223814771
2016-11-04,2016-11-03,SJC_Gold,36.5,36.4,42.11201689121255,11.149872223814771
2016-11-05,2016-11-04,SJC_Gold,36.55,36.5,42.11201689121255,11.149872223814771
2016-11-06,2016-11-05,SJC_Gold,36.55,36.55,42.11201689121255,11.149872223814771
2016-11-07,2016-11-06,SJC_Gold,36.3,36.55,42.11201689121255,11.149872223814771
2016-11-08,2016-11-07,SJC_Gold,36.28,36.3,42.11201689121255,11.149872223814771
2016-11-09,2016-11-08,SJC_Gold,37.1,36.28,42.11201689121255,11.149872223814771
2016-11-10,2016-11-09,SJC_Gold,36.5,37.1,42.11201689121255,11.149872223814771
2016-11-11,2016-11-10,SJC_Gold,36.15,36.5,42.11201689121255,11.149872223814771
2016-11-12,2016-11-11,SJC_Gold,35.8,36.15,42.11201689121255,11.149872223814771
2016-11-13,2016-11-12,SJC_Gold,35.8,35.8,42.11201689121255,11.149872223814771
2016-11-14,2016-11-13,SJC_Gold,35.95,35.8,42.11201689121255,11.149872223814771
2016-11-15,2016-11-14,SJC_Gold,36.0,35.95,42.11201689121255,11.149872223814771
2016-11-16,2016-11-15,SJC_Gold,36.0,36.0,42.11201689121255,11.149872223814771
2016-11-17,2016-11-16,SJC_Gold,35.96,36.0,42.11201689121255,11.149872223814771
2016-11-18,2016-11-17,SJC_Gold,35.8,35.96,42.11201689121255,11.149872223814771
2016-11-19,2016-11-18,SJC_Gold,35.85,35.8,42.11201689121255,11.149872223814771
2016-11-20,2016-11-19,SJC_Gold,35.85,35.85,42.11201689121255,11.149872223814771
2016-11-21,2016-11-20,SJC_Gold,35.85,35.85,42.11201689121255,11.149872223814771
2016-11-22,2016-11-21,SJC_Gold,35.88,35.85,42.11201689121255,11.149872223814771
2016-11-23,2016-11-22,SJC_Gold,35.82,35.88,42.11201689121255,11.149872223814771
2016-11-24,2016-11-23,SJC_Gold,35.62,35.82,42.11201689121255,11.149872223814771
2016-11-25,2016-11-24,SJC_Gold,35.63,35.62,42.11201689121255,11.149872223814771
2016-11-26,2016-11-25,SJC_Gold,35.71,35.63,42.11201689121255,11.149872223814771
2016-11-27,2016-11-26,SJC_Gold,35.71,35.71,42.11201689121255,11.149872223814771
2016-11-28,2016-11-27,SJC_Gold,35.83,35.71,42.11201689121255,11.149872223814771
2016-11-29,2016-11-28,SJC_Gold,35.79,35.83,42.11201689121255,11.149872223814771
2016-11-30,2016-11-29,SJC_Gold,35.82,35.79,42.11201689121255,11.149872223814771
2016-12-01,2016-11-30,SJC_Gold,35.82,35.82,42.11201689121255,11.149872223814771
2016-12-02,2016-12-01,SJC_Gold,36.2,35.82,42.11201689121255,11.149872223814771
2016-12-03,2016-12-02,SJC_Gold,36.3,36.2,42.11201689121255,11.149872223814771
2016-12-04,2016-12-03,SJC_Gold,36.3,36.3,42.11201689121255,11.149872223814771
2016-12-05,2016-12-04,SJC_Gold,36.35,36.3,42.11201689121255,11.149872223814771
2016-12-06,2016-12-05,SJC_Gold,36.65,36.35,42.11201689121255,11.149872223814771
2016-12-07,2016-12-06,SJC_Gold,36.45,36.65,42.11201689121255,11.149872223814771
2016-12-08,2016-12-07,SJC_Gold,36.48,36.45,42.11201689121255,11.149872223814771
2016-12-09,2016-12-08,SJC_Gold,36.3,36.48,42.11201689121255,11.149872223814771
2016-12-10,2016-12-09,SJC_Gold,36.25,36.3,42.11201689121255,11.149872223814771
2016-12-11,2016-12-10,SJC_Gold,36.25,36.25,42.11201689121255,11.149872223814771
2016-12-12,2016-12-11,SJC_Gold,36.39,36.25,42.11201689121255,11.149872223814771
2016-12-13,2016-12-12,SJC_Gold,36.5,36.39,42.11201689121255,11.149872223814771
2016-12-14,2016-12-13,SJC_Gold,36.6,36.5,42.11201689121255,11.149872223814771
2016-12-15,2016-12-14,SJC_Gold,36.2,36.6,42.11201689121255,11.149872223814771
2016-12-16,2016-12-15,SJC_Gold,36.15,36.2,42.11201689121255,11.149872223814771
2016-12-17,2016-12-16,SJC_Gold,36.3,36.15,42.11201689121255,11.149872223814771
2016-12-18,2016-12-17,SJC_Gold,36.3,36.3,42.11201689121255,11.149872223814771
2016-12-19,2016-12-18,SJC_Gold,36.5,36.3,42.11201689121255,11.149872223814771
2016-12-20,2016-12-19,SJC_Gold,36.48,36.5,42.11201689121255,11.149872223814771
2016-12-21,2016-12-20,SJC_Gold,36.5,36.48,42.11201689121255,11.149872223814771
2016-12-22,2016-12-21,SJC_Gold,36.28,36.5,42.11201689121255,11.149872223814771
2016-12-23,2016-12-22,SJC_Gold,36.32,36.28,42.11201689121255,11.149872223814771
2016-12-24,2016-12-23,SJC_Gold,36.46,36.32,42.11201689121255,11.149872223814771
2016-12-25,2016-12-24,SJC_Gold,36.46,36.46,42.11201689121255,11.149872223814771
2016-12-26,2016-12-25,SJC_Gold,36.32,36.46,42.11201689121255,11.149872223814771
2016-12-27,2016-12-26,SJC_Gold,36.45,36.32,42.11201689121255,11.149872223814771
2016-12-28,2016-12-27,SJC_Gold,36.42,36.45,42.11201689121255,11.149872223814771
2016-12-29,2016-12-28,SJC_Gold,36.4,36.42,42.11201689121255,11.149872223814771
2016-12-30,2016-12-29,SJC_Gold,36.45,36.4,42.11201689121255,11.149872223814771
2016-12-31,2016-12-30,SJC_Gold,36.1,36.45,42.11201689121255,11.149872223814771
2017-01-01,2016-12-31,SJC_Gold,36.1,36.1,42.11201689121255,11.149872223814771
2017-01-02,2017-01-01,SJC_Gold,36.1,36.1,42.11201689121255,11.149872223814771
2017-01-03,2017-01-02,SJC_Gold,36.4,36.1,42.11201689121255,11.149872223814771
2017-01-04,2017-01-03,SJC_Gold,36.52,36.4,42.11201689121255,11.149872223814771
2017-01-05,2017-01-04,SJC_Gold,36.65,36.52,42.11201689121255,11.149872223814771
2017-01-06,2017-01-05,SJC_Gold,36.57,36.65,42.11201689121255,11.149872223814771
2017-01-07,2017-01-06,SJC_Gold,36.64,36.57,42.11201689121255,11.149872223814771
2017-01-08,2017-01-07,SJC_Gold,36.64,36.64,42.11201689121255,11.149872223814771
2017-01-09,2017-01-08,SJC_Gold,36.62,36.64,42.11201689121255,11.149872223814771
2017-01-10,2017-01-09,SJC_Gold,36.61,36.62,42.11201689121255,11.149872223814771
2017-01-11,2017-01-10,SJC_Gold,36.62,36.61,42.11201689121255,11.149872223814771
2017-01-12,2017-01-11,SJC_Gold,36.77,36.62,42.11201689121255,11.149872223814771
2017-01-13,2017-01-12,SJC_Gold,36.72,36.77,42.11201689121255,11.149872223814771
2017-01-14,2017-01-13,SJC_Gold,36.73,36.72,42.11201689121255,11.149872223814771
2017-01-15,2017-01-14,SJC_Gold,36.73,36.73,42.11201689121255,11.149872223814771
2017-01-16,2017-01-15,SJC_Gold,36.75,36.73,42.11201689121255,11.149872223814771
2017-01-17,2017-01-16,SJC_Gold,36.75,36.75,42.11201689121255,11.149872223814771
2017-01-18,2017-01-17,SJC_Gold,36.73,36.75,42.11201689121255,11.149872223814771
2017-01-19,2017-01-18,SJC_Gold,36.65,36.73,42.11201689121255,11.149872223814771
2017-01-20,2017-01-19,SJC_Gold,36.6,36.65,42.11201689121255,11.149872223814771
2017-01-21,2017-01-20,SJC_Gold,36.69,36.6,42.11201689121255,11.149872223814771
2017-01-22,2017-01-21,SJC_Gold,36.69,36.69,42.11201689121255,11.149872223814771
2017-01-23,2017-01-22,SJC_Gold,36.74,36.69,42.11201689121255,11.149872223814771
2017-01-24,2017-01-23,SJC_Gold,36.92,36.74,42.11201689121255,11.149872223814771
2017-01-25,2017-01-24,SJC_Gold,36.8,36.92,42.11201689121255,11.149872223814771
2017-01-26,2017-01-25,SJC_Gold,36.8,36.8,42.11201689121255,11.149872223814771
2017-01-27,2017-01-26,SJC_Gold,36.8,36.8,42.11201689121255,11.149872223814771
2017-01-28,2017-01-27,SJC_Gold,36.8,36.8,42.11201689121255,11.149872223814771
2017-01-29,2017-01-28,SJC_Gold,36.8,36.8,42.11201689121255,11.149872223814771
2017-01-30,2017-01-29,SJC_Gold,36.8,36.8,42.11201689121255,11.149872223814771
2017-01-31,2017-01-30,SJC_Gold,36.8,36.8,42.11201689121255,11.149872223814771
2017-02-01,2017-01-31,SJC_Gold,36.8,36.8,42.11201689121255,11.149872223814771
2017-02-02,2017-02-01,SJC_Gold,37.83,36.8,42.11201689121255,11.149872223814771
2017-02-03,2017-02-02,SJC_Gold,37.63,37.83,42.11201689121255,11.149872223814771
2017-02-04,2017-02-03,SJC_Gold,37.65,37.63,42.11201689121255,11.149872223814771
2017-02-05,2017-02-04,SJC_Gold,37.65,37.65,42.11201689121255,11.149872223814771
2017-02-06,2017-02-05,SJC_Gold,37.25,37.65,42.11201689121255,11.149872223814771
2017-02-07,2017-02-06,SJC_Gold,36.95,37.25,42.11201689121255,11.149872223814771
2017-02-08,2017-02-07,SJC_Gold,37.07,36.95,42.11201689121255,11.149872223814771
2017-02-09,2017-02-08,SJC_Gold,37.27,37.07,42.11201689121255,11.149872223814771
2017-02-10,2017-02-09,SJC_Gold,37.02,37.27,42.11201689121255,11.149872223814771
2017-02-11,2017-02-10,SJC_Gold,37.1,37.02,42.11201689121255,11.149872223814771
2017-02-12,2017-02-11,SJC_Gold,37.1,37.1,42.11201689121255,11.149872223814771
2017-02-13,2017-02-12,SJC_Gold,36.94,37.1,42.11201689121255,11.149872223814771
2017-02-14,2017-02-13,SJC_Gold,36.96,36.94,42.11201689121255,11.149872223814771
2017-02-15,2017-02-14,SJC_Gold,36.97,36.96,42.11201689121255,11.149872223814771
2017-02-16,2017-02-15,SJC_Gold,37.07,36.97,42.11201689121255,11.149872223814771
2017-02-17,2017-02-16,SJC_Gold,37.05,37.07,42.11201689121255,11.149872223814771
2017-02-18,2017-02-17,SJC_Gold,36.99,37.05,42.11201689121255,11.149872223814771
2017-02-19,2017-02-18,SJC_Gold,36.99,36.99,42.11201689121255,11.149872223814771
2017-02-20,2017-02-19,SJC_Gold,36.98,36.99,42.11201689121255,11.149872223814771
2017-02-21,2017-02-20,SJC_Gold,36.93,36.98,42.11201689121255,11.149872223814771
2017-02-22,2017-02-21,SJC_Gold,36.95,36.93,42.11201689121255,11.149872223814771
2017-02-23,2017-02-22,SJC_Gold,36.92,36.95,42.11201689121255,11.149872223814771
2017-02-24,2017-02-23,SJC_Gold,37.03,36.92,42.11201689121255,11.149872223814771
2017-02-25,2017-02-24,SJC_Gold,36.98,37.03,42.11201689121255,11.149872223814771
2017-02-26,2017-02-25,SJC_Gold,37.02,36.98,42.11201689121255,11.149872223814771
2017-02-27,2017-02-26,SJC_Gold,36.95,37.02,42.11201689121255,11.149872223814771
2017-02-28,2017-02-27,SJC_Gold,36.91,36.95,42.11201689121255,11.149872223814771
2017-03-01,2017-02-28,SJC_Gold,36.9,36.91,42.11201689121255,11.149872223814771
2017-03-02,2017-03-01,SJC_Gold,36.92,36.9,42.11201689121255,11.149872223814771
2017-03-03,2017-03-02,SJC_Gold,36.82,36.92,42.11201689121255,11.149872223814771
2017-03-04,2017-03-03,SJC_Gold,36.88,36.82,42.11201689121255,11.149872223814771
2017-03-05,2017-03-04,SJC_Gold,36.88,36.88,42.11201689121255,11.149872223814771
2017-03-06,2017-03-05,SJC_Gold,36.81,36.88,42.11201689121255,11.149872223814771
2017-03-07,2017-03-06,SJC_Gold,36.74,36.81,42.11201689121255,11.149872223814771
2017-03-08,2017-03-07,SJC_Gold,36.64,36.74,42.11201689121255,11.149872223814771
2017-03-09,2017-03-08,SJC_Gold,36.61,36.64,42.11201689121255,11.149872223814771
2017-03-10,2017-03-09,SJC_Gold,36.58,36.61,42.11201689121255,11.149872223814771
2017-03-11,2017-03-10,SJC_Gold,36.65,36.58,42.11201689121255,11.149872223814771
2017-03-12,2017-03-11,SJC_Gold,36.65,36.65,42.11201689121255,11.149872223814771
2017-03-13,2017-03-12,SJC_Gold,36.68,36.65,42.11201689121255,11.149872223814771
2017-03-14,2017-03-13,SJC_Gold,36.65,36.68,42.11201689121255,11.149872223814771
2017-03-15,2017-03-14,SJC_Gold,36.67,36.65,42.11201689121255,11.149872223814771
2017-03-16,2017-03-15,SJC_Gold,36.8,36.67,42.11201689121255,11.149872223814771
2017-03-17,2017-03-16,SJC_Gold,36.77,36.8,42.11201689121255,11.149872223814771
2017-03-18,2017-03-17,SJC_Gold,36.76,36.77,42.11201689121255,11.149872223814771
2017-03-19,2017-03-18,SJC_Gold,36.76,36.76,42.11201689121255,11.149872223814771
2017-03-20,2017-03-19,SJC_Gold,36.74,36.76,42.11201689121255,11.149872223814771
2017-03-21,2017-03-20,SJC_Gold,36.65,36.74,42.11201689121255,11.149872223814771
2017-03-22,2017-03-21,SJC_Gold,36.72,36.65,42.11201689121255,11.149872223814771
2017-03-23,2017-03-22,SJC_Gold,36.65,36.72,42.11201689121255,11.149872223814771
2017-03-24,2017-03-23,SJC_Gold,36.63,36.65,42.11201689121255,11.149872223814771
2017-03-25,2017-03-24,SJC_Gold,36.66,36.63,42.11201689121255,11.149872223814771
2017-03-26,2017-03-25,SJC_Gold,36.66,36.66,42.11201689121255,11.149872223814771
2017-03-27,2017-03-26,SJC_Gold,36.65,36.66,42.11201689121255,11.149872223814771
2017-03-28,2017-03-27,SJC_Gold,36.64,36.65,42.11201689121255,11.149872223814771
2017-03-29,2017-03-28,SJC_Gold,36.64,36.64,42.11201689121255,11.149872223814771
2017-03-30,2017-03-29,SJC_Gold,36.6,36.64,42.11201689121255,11.149872223814771
2017-03-31,2017-03-30,SJC_Gold,36.54,36.6,42.11201689121255,11.149872223814771
2017-04-01,2017-03-31,SJC_Gold,36.55,36.54,42.11201689121255,11.149872223814771
2017-04-02,2017-04-01,SJC_Gold,36.55,36.55,42.11201689121255,11.149872223814771
2017-04-03,2017-04-02,SJC_Gold,36.52,36.55,42.11201689121255,11.149872223814771
2017-04-04,2017-04-03,SJC_Gold,36.58,36.52,42.11201689121255,11.149872223814771
2017-04-05,2017-04-04,SJC_Gold,36.54,36.58,42.11201689121255,11.149872223814771
2017-04-06,2017-04-05,SJC_Gold,36.54,36.54,42.11201689121255,11.149872223814771
2017-04-07,2017-04-06,SJC_Gold,36.6,36.54,42.11201689121255,11.149872223814771
2017-04-08,2017-04-07,SJC_Gold,36.6,36.6,42.11201689121255,11.149872223814771
2017-04-09,2017-04-08,SJC_Gold,36.6,36.6,42.11201689121255,11.149872223814771
2017-04-10,2017-04-09,SJC_Gold,36.6,36.6,42.11201689121255,11.149872223814771
2017-04-11,2017-04-10,SJC_Gold,36.6,36.6,42.11201689121255,11.149872223814771
2017-04-12,2017-04-11,SJC_Gold,36.72,36.6,42.11201689121255,11.149872223814771
2017-04-13,2017-04-12,SJC_Gold,36.89,36.72,42.11201689121255,11.149872223814771
2017-04-14,2017-04-13,SJC_Gold,37.2,36.89,42.11201689121255,11.149872223814771
2017-04-15,2017-04-14,SJC_Gold,37.25,37.2,42.11201689121255,11.149872223814771
2017-04-16,2017-04-15,SJC_Gold,37.25,37.25,42.11201689121255,11.149872223814771
2017-04-17,2017-04-16,SJC_Gold,36.97,37.25,42.11201689121255,11.149872223814771
2017-04-18,2017-04-17,SJC_Gold,36.88,36.97,42.11201689121255,11.149872223814771
2017-04-19,2017-04-18,SJC_Gold,36.8,36.88,42.11201689121255,11.149872223814771
2017-04-20,2017-04-19,SJC_Gold,36.76,36.8,42.11201689121255,11.149872223814771
2017-04-21,2017-04-20,SJC_Gold,36.85,36.76,42.11201689121255,11.149872223814771
2017-04-22,2017-04-21,SJC_Gold,36.88,36.85,42.11201689121255,11.149872223814771
2017-04-23,2017-04-22,SJC_Gold,36.88,36.88,42.11201689121255,11.149872223814771
2017-04-24,2017-04-23,SJC_Gold,36.76,36.88,42.11201689121255,11.149872223814771
2017-04-25,2017-04-24,SJC_Gold,36.73,36.76,42.11201689121255,11.149872223814771
2017-04-26,2017-04-25,SJC_Gold,36.73,36.73,42.11201689121255,11.149872223814771
2017-04-27,2017-04-26,SJC_Gold,36.73,36.73,42.11201689121255,11.149872223814771
2017-04-28,2017-04-27,SJC_Gold,36.85,36.73,42.11201689121255,11.149872223814771
2017-04-29,2017-04-28,SJC_Gold,36.88,36.85,42.11201689121255,11.149872223814771
2017-04-30,2017-04-29,SJC_Gold,36.88,36.88,42.11201689121255,11.149872223814771
2017-05-01,2017-04-30,SJC_Gold,36.88,36.88,42.11201689121255,11.149872223814771
2017-05-02,2017-05-01,SJC_Gold,36.88,36.88,42.11201689121255,11.149872223814771
2017-05-03,2017-05-02,SJC_Gold,36.72,36.88,42.11201689121255,11.149872223814771
2017-05-04,2017-05-03,SJC_Gold,36.54,36.72,42.11201689121255,11.149872223814771
2017-05-05,2017-05-04,SJC_Gold,36.65,36.54,42.11201689121255,11.149872223814771
2017-05-06,2017-05-05,SJC_Gold,36.63,36.65,42.11201689121255,11.149872223814771
2017-05-07,2017-05-06,SJC_Gold,36.63,36.63,42.11201689121255,11.149872223814771
2017-05-08,2017-05-07,SJC_Gold,36.62,36.63,42.11201689121255,11.149872223814771
2017-05-09,2017-05-08,SJC_Gold,36.6,36.62,42.11201689121255,11.149872223814771
2017-05-10,2017-05-09,SJC_Gold,36.54,36.6,42.11201689121255,11.149872223814771
2017-05-11,2017-05-10,SJC_Gold,36.53,36.54,42.11201689121255,11.149872223814771
2017-05-12,2017-05-11,SJC_Gold,36.6,36.53,42.11201689121255,11.149872223814771
2017-05-13,2017-05-12,SJC_Gold,36.62,36.6,42.11201689121255,11.149872223814771
2017-05-14,2017-05-13,SJC_Gold,36.62,36.62,42.11201689121255,11.149872223814771
2017-05-15,2017-05-14,SJC_Gold,36.62,36.62,42.11201689121255,11.149872223814771
2017-05-16,2017-05-15,SJC_Gold,36.6,36.62,42.11201689121255,11.149872223814771
2017-05-17,2017-05-16,SJC_Gold,36.63,36.6,42.11201689121255,11.149872223814771
2017-05-18,2017-05-17,SJC_Gold,36.68,36.63,42.11201689121255,11.149872223814771
2017-05-19,2017-05-18,SJC_Gold,36.62,36.68,42.11201689121255,11.149872223814771
2017-05-20,2017-05-19,SJC_Gold,36.63,36.62,42.11201689121255,11.149872223814771
2017-05-21,2017-05-20,SJC_Gold,36.63,36.63,42.11201689121255,11.149872223814771
2017-05-22,2017-05-21,SJC_Gold,36.6,36.63,42.11201689121255,11.149872223814771
2017-05-23,2017-05-22,SJC_Gold,36.58,36.6,42.11201689121255,11.149872223814771
2017-05-24,2017-05-23,SJC_Gold,36.51,36.58,42.11201689121255,11.149872223814771
2017-05-25,2017-05-24,SJC_Gold,36.54,36.51,42.11201689121255,11.149872223814771
2017-05-26,2017-05-25,SJC_Gold,36.58,36.54,42.11201689121255,11.149872223814771
2017-05-27,2017-05-26,SJC_Gold,36.6,36.58,42.11201689121255,11.149872223814771
2017-05-28,2017-05-27,SJC_Gold,36.6,36.6,42.11201689121255,11.149872223814771
2017-05-29,2017-05-28,SJC_Gold,36.53,36.6,42.11201689121255,11.149872223814771
2017-05-30,2017-05-29,SJC_Gold,36.48,36.53,42.11201689121255,11.149872223814771
2017-05-31,2017-05-30,SJC_Gold,36.4,36.48,42.11201689121255,11.149872223814771
2017-06-01,2017-05-31,SJC_Gold,36.43,36.4,42.11201689121255,11.149872223814771
2017-06-02,2017-06-01,SJC_Gold,36.42,36.43,42.11201689121255,11.149872223814771
2017-06-03,2017-06-02,SJC_Gold,36.54,36.42,42.11201689121255,11.149872223814771
2017-06-04,2017-06-03,SJC_Gold,36.54,36.54,42.11201689121255,11.149872223814771
2017-06-05,2017-06-04,SJC_Gold,36.53,36.54,42.11201689121255,11.149872223814771
2017-06-06,2017-06-05,SJC_Gold,36.55,36.53,42.11201689121255,11.149872223814771
2017-06-07,2017-06-06,SJC_Gold,36.59,36.55,42.11201689121255,11.149872223814771
2017-06-08,2017-06-07,SJC_Gold,36.54,36.59,42.11201689121255,11.149872223814771
2017-06-09,2017-06-08,SJC_Gold,36.47,36.54,42.11201689121255,11.149872223814771
2017-06-10,2017-06-09,SJC_Gold,36.44,36.47,42.11201689121255,11.149872223814771
2017-06-11,2017-06-10,SJC_Gold,36.44,36.44,42.11201689121255,11.149872223814771
2017-06-12,2017-06-11,SJC_Gold,36.44,36.44,42.11201689121255,11.149872223814771
2017-06-13,2017-06-12,SJC_Gold,36.4,36.44,42.11201689121255,11.149872223814771
2017-06-14,2017-06-13,SJC_Gold,36.44,36.4,42.11201689121255,11.149872223814771
2017-06-15,2017-06-14,SJC_Gold,36.43,36.44,42.11201689121255,11.149872223814771
2017-06-16,2017-06-15,SJC_Gold,36.36,36.43,42.11201689121255,11.149872223814771
2017-06-17,2017-06-16,SJC_Gold,36.36,36.36,42.11201689121255,11.149872223814771
2017-06-18,2017-06-17,SJC_Gold,36.36,36.36,42.11201689121255,11.149872223814771
2017-06-19,2017-06-18,SJC_Gold,36.35,36.36,42.11201689121255,11.149872223814771
2017-06-20,2017-06-19,SJC_Gold,36.34,36.35,42.11201689121255,11.149872223814771
2017-06-21,2017-06-20,SJC_Gold,36.33,36.34,42.11201689121255,11.149872223814771
2017-06-22,2017-06-21,SJC_Gold,36.37,36.33,42.11201689121255,11.149872223814771
2017-06-23,2017-06-22,SJC_Gold,36.47,36.37,42.11201689121255,11.149872223814771
2017-06-24,2017-06-23,SJC_Gold,36.47,36.47,42.11201689121255,11.149872223814771
2017-06-25,2017-06-24,SJC_Gold,36.47,36.47,42.11201689121255,11.149872223814771
2017-06-26,2017-06-25,SJC_Gold,36.35,36.47,42.11201689121255,11.149872223814771
2017-06-27,2017-06-26,SJC_Gold,36.38,36.35,42.11201689121255,11.149872223814771
2017-06-28,2017-06-27,SJC_Gold,36.39,36.38,42.11201689121255,11.149872223814771
2017-06-29,2017-06-28,SJC_Gold,36.36,36.39,42.11201689121255,11.149872223814771
2017-06-30,2017-06-29,SJC_Gold,36.37,36.36,42.11201689121255,11.149872223814771
2017-07-01,2017-06-30,SJC_Gold,36.38,36.37,42.11201689121255,11.149872223814771
2017-07-02,2017-07-01,SJC_Gold,36.38,36.38,42.11201689121255,11.149872223814771
2017-07-03,2017-07-02,SJC_Gold,36.31,36.38,42.11201689121255,11.149872223814771
2017-07-04,2017-07-03,SJC_Gold,36.25,36.31,42.11201689121255,11.149872223814771
2017-07-05,2017-07-04,SJC_Gold,36.29,36.25,42.11201689121255,11.149872223814771
2017-07-06,2017-07-05,SJC_Gold,36.29,36.29,42.11201689121255,11.149872223814771
2017-07-07,2017-07-06,SJC_Gold,36.29,36.29,42.11201689121255,11.149872223814771
2017-07-08,2017-07-07,SJC_Gold,36.27,36.29,42.11201689121255,11.149872223814771
2017-07-09,2017-07-08,SJC_Gold,36.27,36.27,42.11201689121255,11.149872223814771
2017-07-10,2017-07-09,SJC_Gold,36.24,36.27,42.11201689121255,11.149872223814771
2017-07-11,2017-07-10,SJC_Gold,36.26,36.24,42.11201689121255,11.149872223814771
2017-07-12,2017-07-11,SJC_Gold,36.32,36.26,42.11201689121255,11.149872223814771
2017-07-13,2017-07-12,SJC_Gold,36.36,36.32,42.11201689121255,11.149872223814771
2017-07-14,2017-07-13,SJC_Gold,36.34,36.36,42.11201689121255,11.149872223814771
2017-07-15,2017-07-14,SJC_Gold,36.4,36.34,42.11201689121255,11.149872223814771
2017-07-16,2017-07-15,SJC_Gold,36.4,36.4,42.11201689121255,11.149872223814771
2017-07-17,2017-07-16,SJC_Gold,36.41,36.4,42.11201689121255,11.149872223814771
2017-07-18,2017-07-17,SJC_Gold,36.41,36.41,42.11201689121255,11.149872223814771
2017-07-19,2017-07-18,SJC_Gold,36.38,36.41,42.11201689121255,11.149872223814771
2017-07-20,2017-07-19,SJC_Gold,36.36,36.38,42.11201689121255,11.149872223814771
2017-07-21,2017-07-20,SJC_Gold,36.4,36.36,42.11201689121255,11.149872223814771
2017-07-22,2017-07-21,SJC_Gold,36.43,36.4,42.11201689121255,11.149872223814771
2017-07-23,2017-07-22,SJC_Gold,36.43,36.43,42.11201689121255,11.149872223814771
2017-07-24,2017-07-23,SJC_Gold,36.39,36.43,42.11201689121255,11.149872223814771
2017-07-25,2017-07-24,SJC_Gold,36.33,36.39,42.11201689121255,11.149872223814771
2017-07-26,2017-07-25,SJC_Gold,36.26,36.33,42.11201689121255,11.149872223814771
2017-07-27,2017-07-26,SJC_Gold,36.35,36.26,42.11201689121255,11.149872223814771
2017-07-28,2017-07-27,SJC_Gold,36.3,36.35,42.11201689121255,11.149872223814771
2017-07-29,2017-07-28,SJC_Gold,36.36,36.3,42.11201689121255,11.149872223814771
2017-07-30,2017-07-29,SJC_Gold,36.36,36.36,42.11201689121255,11.149872223814771
2017-07-31,2017-07-30,SJC_Gold,36.33,36.36,42.11201689121255,11.149872223814771
2017-08-01,2017-07-31,SJC_Gold,36.32,36.33,42.11201689121255,11.149872223814771
2017-08-02,2017-08-01,SJC_Gold,36.32,36.32,42.11201689121255,11.149872223814771
2017-08-03,2017-08-02,SJC_Gold,36.35,36.32,42.11201689121255,11.149872223814771
2017-08-04,2017-08-03,SJC_Gold,36.4,36.35,42.11201689121255,11.149872223814771
2017-08-05,2017-08-04,SJC_Gold,36.35,36.4,42.11201689121255,11.149872223814771
2017-08-06,2017-08-05,SJC_Gold,36.35,36.35,42.11201689121255,11.149872223814771
2017-08-07,2017-08-06,SJC_Gold,36.36,36.35,42.11201689121255,11.149872223814771
2017-08-08,2017-08-07,SJC_Gold,36.3,36.36,42.11201689121255,11.149872223814771
2017-08-09,2017-08-08,SJC_Gold,36.32,36.3,42.11201689121255,11.149872223814771
2017-08-10,2017-08-09,SJC_Gold,36.44,36.32,42.11201689121255,11.149872223814771
2017-08-11,2017-08-10,SJC_Gold,36.53,36.44,42.11201689121255,11.149872223814771
2017-08-12,2017-08-11,SJC_Gold,36.55,36.53,42.11201689121255,11.149872223814771
2017-08-13,2017-08-12,SJC_Gold,36.55,36.55,42.11201689121255,11.149872223814771
2017-08-14,2017-08-13,SJC_Gold,36.48,36.55,42.11201689121255,11.149872223814771
2017-08-15,2017-08-14,SJC_Gold,36.39,36.48,42.11201689121255,11.149872223814771
2017-08-16,2017-08-15,SJC_Gold,36.33,36.39,42.11201689121255,11.149872223814771
2017-08-17,2017-08-16,SJC_Gold,36.45,36.33,42.11201689121255,11.149872223814771
2017-08-18,2017-08-17,SJC_Gold,36.52,36.45,42.11201689121255,11.149872223814771
2017-08-19,2017-08-18,SJC_Gold,36.5,36.52,42.11201689121255,11.149872223814771
2017-08-20,2017-08-19,SJC_Gold,36.5,36.5,42.11201689121255,11.149872223814771
2017-08-21,2017-08-20,SJC_Gold,36.48,36.5,42.11201689121255,11.149872223814771
2017-08-22,2017-08-21,SJC_Gold,36.45,36.48,42.11201689121255,11.149872223814771
2017-08-23,2017-08-22,SJC_Gold,36.43,36.45,42.11201689121255,11.149872223814771
2017-08-24,2017-08-23,SJC_Gold,36.42,36.43,42.11201689121255,11.149872223814771
2017-08-25,2017-08-24,SJC_Gold,36.45,36.42,42.11201689121255,11.149872223814771
2017-08-26,2017-08-25,SJC_Gold,36.48,36.45,42.11201689121255,11.149872223814771
2017-08-27,2017-08-26,SJC_Gold,36.48,36.48,42.11201689121255,11.149872223814771
2017-08-28,2017-08-27,SJC_Gold,36.5,36.48,42.11201689121255,11.149872223814771
2017-08-29,2017-08-28,SJC_Gold,36.73,36.5,42.11201689121255,11.149872223814771
2017-08-30,2017-08-29,SJC_Gold,36.59,36.73,42.11201689121255,11.149872223814771
2017-08-31,2017-08-30,SJC_Gold,36.56,36.59,42.11201689121255,11.149872223814771
2017-09-01,2017-08-31,SJC_Gold,36.65,36.56,42.11201689121255,11.149872223814771
2017-09-02,2017-09-01,SJC_Gold,36.65,36.65,42.11201689121255,11.149872223814771
2017-09-03,2017-09-02,SJC_Gold,36.65,36.65,42.11201689121255,11.149872223814771
2017-09-04,2017-09-03,SJC_Gold,36.85,36.65,42.11201689121255,11.149872223814771
2017-09-05,2017-09-04,SJC_Gold,36.78,36.85,42.11201689121255,11.149872223814771
2017-09-06,2017-09-05,SJC_Gold,37.05,36.78,42.11201689121255,11.149872223814771
2017-09-07,2017-09-06,SJC_Gold,37.05,37.05,42.11201689121255,11.149872223814771
2017-09-08,2017-09-07,SJC_Gold,37.28,37.05,42.11201689121255,11.149872223814771
2017-09-09,2017-09-08,SJC_Gold,37.16,37.28,42.11201689121255,11.149872223814771
2017-09-10,2017-09-09,SJC_Gold,37.16,37.16,42.11201689121255,11.149872223814771
2017-09-11,2017-09-10,SJC_Gold,36.98,37.16,42.11201689121255,11.149872223814771
2017-09-12,2017-09-11,SJC_Gold,36.74,36.98,42.11201689121255,11.149872223814771
2017-09-13,2017-09-12,SJC_Gold,36.78,36.74,42.11201689121255,11.149872223814771
2017-09-14,2017-09-13,SJC_Gold,36.7,36.78,42.11201689121255,11.149872223814771
2017-09-15,2017-09-14,SJC_Gold,36.85,36.7,42.11201689121255,11.149872223814771
2017-09-16,2017-09-15,SJC_Gold,36.8,36.85,42.11201689121255,11.149872223814771
2017-09-17,2017-09-16,SJC_Gold,36.8,36.8,42.11201689121255,11.149872223814771
2017-09-18,2017-09-17,SJC_Gold,36.8,36.8,42.11201689121255,11.149872223814771
2017-09-19,2017-09-18,SJC_Gold,36.76,36.8,42.11201689121255,11.149872223814771
2017-09-20,2017-09-19,SJC_Gold,36.8,36.76,42.11201689121255,11.149872223814771
2017-09-21,2017-09-20,SJC_Gold,36.68,36.8,42.11201689121255,11.149872223814771
2017-09-22,2017-09-21,SJC_Gold,36.7,36.68,42.11201689121255,11.149872223814771
2017-09-23,2017-09-22,SJC_Gold,36.73,36.7,42.11201689121255,11.149872223814771
2017-09-24,2017-09-23,SJC_Gold,36.73,36.73,42.11201689121255,11.149872223814771
2017-09-25,2017-09-24,SJC_Gold,36.7,36.73,42.11201689121255,11.149872223814771
2017-09-26,2017-09-25,SJC_Gold,36.72,36.7,42.11201689121255,11.149872223814771
2017-09-27,2017-09-26,SJC_Gold,36.6,36.72,42.11201689121255,11.149872223814771
2017-09-28,2017-09-27,SJC_Gold,36.55,36.6,42.11201689121255,11.149872223814771
2017-09-29,2017-09-28,SJC_Gold,36.65,36.55,42.11201689121255,11.149872223814771
2017-09-30,2017-09-29,SJC_Gold,36.6,36.65,42.11201689121255,11.149872223814771
2017-10-01,2017-09-30,SJC_Gold,36.6,36.6,42.11201689121255,11.149872223814771
2017-10-02,2017-10-01,SJC_Gold,36.5,36.6,42.11201689121255,11.149872223814771
2017-10-03,2017-10-02,SJC_Gold,36.45,36.5,42.11201689121255,11.149872223814771
2017-10-04,2017-10-03,SJC_Gold,36.56,36.45,42.11201689121255,11.149872223814771
2017-10-05,2017-10-04,SJC_Gold,36.6,36.56,42.11201689121255,11.149872223814771
2017-10-06,2017-10-05,SJC_Gold,36.57,36.6,42.11201689121255,11.149872223814771
2017-10-07,2017-10-06,SJC_Gold,36.61,36.57,42.11201689121255,11.149872223814771
2017-10-08,2017-10-07,SJC_Gold,36.61,36.61,42.11201689121255,11.149872223814771
2017-10-09,2017-10-08,SJC_Gold,36.61,36.61,42.11201689121255,11.149872223814771
2017-10-10,2017-10-09,SJC_Gold,36.64,36.61,42.11201689121255,11.149872223814771
2017-10-11,2017-10-10,SJC_Gold,36.63,36.64,42.11201689121255,11.149872223814771
2017-10-12,2017-10-11,SJC_Gold,36.69,36.63,42.11201689121255,11.149872223814771
2017-10-13,2017-10-12,SJC_Gold,36.66,36.69,42.11201689121255,11.149872223814771
2017-10-14,2017-10-13,SJC_Gold,36.73,36.66,42.11201689121255,11.149872223814771
2017-10-15,2017-10-14,SJC_Gold,36.73,36.73,42.11201689121255,11.149872223814771
2017-10-16,2017-10-15,SJC_Gold,36.7,36.73,42.11201689121255,11.149872223814771
2017-10-17,2017-10-16,SJC_Gold,36.55,36.7,42.11201689121255,11.149872223814771
2017-10-18,2017-10-17,SJC_Gold,36.52,36.55,42.11201689121255,11.149872223814771
2017-10-19,2017-10-18,SJC_Gold,36.52,36.52,42.11201689121255,11.149872223814771
2017-10-20,2017-10-19,SJC_Gold,36.52,36.52,42.11201689121255,11.149872223814771
2017-10-21,2017-10-20,SJC_Gold,36.54,36.52,42.11201689121255,11.149872223814771
2017-10-22,2017-10-21,SJC_Gold,36.54,36.54,42.11201689121255,11.149872223814771
2017-10-23,2017-10-22,SJC_Gold,36.53,36.54,42.11201689121255,11.149872223814771
2017-10-24,2017-10-23,SJC_Gold,36.5,36.53,42.11201689121255,11.149872223814771
2017-10-25,2017-10-24,SJC_Gold,36.47,36.5,42.11201689121255,11.149872223814771
2017-10-26,2017-10-25,SJC_Gold,36.47,36.47,42.11201689121255,11.149872223814771
2017-10-27,2017-10-26,SJC_Gold,36.49,36.47,42.11201689121255,11.149872223814771
2017-10-28,2017-10-27,SJC_Gold,36.54,36.49,42.11201689121255,11.149872223814771
2017-10-29,2017-10-28,SJC_Gold,36.54,36.54,42.11201689121255,11.149872223814771
2017-10-30,2017-10-29,SJC_Gold,36.5,36.54,42.11201689121255,11.149872223814771
2017-10-31,2017-10-30,SJC_Gold,36.58,36.5,42.11201689121255,11.149872223814771
2017-11-01,2017-10-31,SJC_Gold,36.62,36.58,42.11201689121255,11.149872223814771
2017-11-02,2017-11-01,SJC_Gold,36.62,36.62,42.11201689121255,11.149872223814771
2017-11-03,2017-11-02,SJC_Gold,36.6,36.62,42.11201689121255,11.149872223814771
2017-11-04,2017-11-03,SJC_Gold,36.58,36.6,42.11201689121255,11.149872223814771
2017-11-05,2017-11-04,SJC_Gold,36.58,36.58,42.11201689121255,11.149872223814771
2017-11-06,2017-11-05,SJC_Gold,36.62,36.58,42.11201689121255,11.149872223814771
2017-11-07,2017-11-06,SJC_Gold,36.63,36.62,42.11201689121255,11.149872223814771
2017-11-08,2017-11-07,SJC_Gold,36.64,36.63,42.11201689121255,11.149872223814771
2017-11-09,2017-11-08,SJC_Gold,36.65,36.64,42.11201689121255,11.149872223814771
2017-11-10,2017-11-09,SJC_Gold,36.62,36.65,42.11201689121255,11.149872223814771
2017-11-11,2017-11-10,SJC_Gold,36.61,36.62,42.11201689121255,11.149872223814771
2017-11-12,2017-11-11,SJC_Gold,36.61,36.61,42.11201689121255,11.149872223814771
2017-11-13,2017-11-12,SJC_Gold,36.62,36.61,42.11201689121255,11.149872223814771
2017-11-14,2017-11-13,SJC_Gold,36.55,36.62,42.11201689121255,11.149872223814771
2017-11-15,2017-11-14,SJC_Gold,36.62,36.55,42.11201689121255,11.149872223814771
2017-11-16,2017-11-15,SJC_Gold,36.56,36.62,42.11201689121255,11.149872223814771
2017-11-17,2017-11-16,SJC_Gold,36.55,36.56,42.11201689121255,11.149872223814771
2017-11-18,2017-11-17,SJC_Gold,36.63,36.55,42.11201689121255,11.149872223814771
2017-11-19,2017-11-18,SJC_Gold,36.63,36.63,42.11201689121255,11.149872223814771
2017-11-20,2017-11-19,SJC_Gold,36.57,36.63,42.11201689121255,11.149872223814771
2017-11-21,2017-11-20,SJC_Gold,36.6,36.57,42.11201689121255,11.149872223814771
2017-11-22,2017-11-21,SJC_Gold,36.62,36.6,42.11201689121255,11.149872223814771
2017-11-23,2017-11-22,SJC_Gold,36.6,36.62,42.11201689121255,11.149872223814771
2017-11-24,2017-11-23,SJC_Gold,36.6,36.6,42.11201689121255,11.149872223814771
2017-11-25,2017-11-24,SJC_Gold,36.6,36.6,42.11201689121255,11.149872223814771
2017-11-26,2017-11-25,SJC_Gold,36.6,36.6,42.11201689121255,11.149872223814771
2017-11-27,2017-11-26,SJC_Gold,36.6,36.6,42.11201689121255,11.149872223814771
2017-11-28,2017-11-27,SJC_Gold,36.58,36.6,42.11201689121255,11.149872223814771
2017-11-29,2017-11-28,SJC_Gold,36.6,36.58,42.11201689121255,11.149872223814771
2017-11-30,2017-11-29,SJC_Gold,36.51,36.6,42.11201689121255,11.149872223814771
2017-12-01,2017-11-30,SJC_Gold,36.53,36.51,42.11201689121255,11.149872223814771
2017-12-02,2017-12-01,SJC_Gold,36.56,36.53,42.11201689121255,11.149872223814771
2017-12-03,2017-12-02,SJC_Gold,36.56,36.56,42.11201689121255,11.149872223814771
2017-12-04,2017-12-03,SJC_Gold,36.54,36.56,42.11201689121255,11.149872223814771
2017-12-05,2017-12-04,SJC_Gold,36.52,36.54,42.11201689121255,11.149872223814771
2017-12-06,2017-12-05,SJC_Gold,36.52,36.52,42.11201689121255,11.149872223814771
2017-12-07,2017-12-06,SJC_Gold,36.45,36.52,42.11201689121255,11.149872223814771
2017-12-08,2017-12-07,SJC_Gold,36.38,36.45,42.11201689121255,11.149872223814771
2017-12-09,2017-12-08,SJC_Gold,36.4,36.38,42.11201689121255,11.149872223814771
2017-12-10,2017-12-09,SJC_Gold,36.4,36.4,42.11201689121255,11.149872223814771
2017-12-11,2017-12-10,SJC_Gold,36.47,36.4,42.11201689121255,11.149872223814771
2017-12-12,2017-12-11,SJC_Gold,36.5,36.47,42.11201689121255,11.149872223814771
2017-12-13,2017-12-12,SJC_Gold,36.46,36.5,42.11201689121255,11.149872223814771
2017-12-14,2017-12-13,SJC_Gold,36.5,36.46,42.11201689121255,11.149872223814771
2017-12-15,2017-12-14,SJC_Gold,36.5,36.5,42.11201689121255,11.149872223814771
2017-12-16,2017-12-15,SJC_Gold,36.52,36.5,42.11201689121255,11.149872223814771
2017-12-17,2017-12-16,SJC_Gold,36.52,36.52,42.11201689121255,11.149872223814771
2017-12-18,2017-12-17,SJC_Gold,36.52,36.52,42.11201689121255,11.149872223814771
2017-12-19,2017-12-18,SJC_Gold,36.54,36.52,42.11201689121255,11.149872223814771
2017-12-20,2017-12-19,SJC_Gold,36.5,36.54,42.11201689121255,11.149872223814771
2017-12-21,2017-12-20,SJC_Gold,36.48,36.5,42.11201689121255,11.149872223814771
2017-12-22,2017-12-21,SJC_Gold,36.52,36.48,42.11201689121255,11.149872223814771
2017-12-23,2017-12-22,SJC_Gold,36.57,36.52,42.11201689121255,11.149872223814771
2017-12-24,2017-12-23,SJC_Gold,36.57,36.57,42.11201689121255,11.149872223814771
2017-12-25,2017-12-24,SJC_Gold,36.53,36.57,42.11201689121255,11.149872223814771
2017-12-26,2017-12-25,SJC_Gold,36.54,36.53,42.11201689121255,11.149872223814771
2017-12-27,2017-12-26,SJC_Gold,36.58,36.54,42.11201689121255,11.149872223814771
2017-12-28,2017-12-27,SJC_Gold,36.59,36.58,42.11201689121255,11.149872223814771
2017-12-29,2017-12-28,SJC_Gold,36.56,36.59,42.11201689121255,11.149872223814771
2017-12-30,2017-12-29,SJC_Gold,36.44,36.56,42.11201689121255,11.149872223814771
2017-12-31,2017-12-30,SJC_Gold,36.44,36.44,42.11201689121255,11.149872223814771
2018-01-01,2017-12-31,SJC_Gold,36.67,36.44,42.11201689121255,11.149872223814771
2018-01-02,2018-01-01,SJC_Gold,36.75,36.67,42.11201689121255,11.149872223814771
2018-01-03,2018-01-02,SJC_Gold,36.7,36.75,42.11201689121255,11.149872223814771
2018-01-04,2018-01-03,SJC_Gold,36.64,36.7,42.11201689121255,11.149872223814771
2018-01-05,2018-01-04,SJC_Gold,36.69,36.64,42.11201689121255,11.149872223814771
2018-01-06,2018-01-05,SJC_Gold,36.68,36.69,42.11201689121255,11.149872223814771
2018-01-07,2018-01-06,SJC_Gold,36.68,36.68,42.11201689121255,11.149872223814771
2018-01-08,2018-01-07,SJC_Gold,36.6,36.68,42.11201689121255,11.149872223814771
2018-01-09,2018-01-08,SJC_Gold,36.6,36.6,42.11201689121255,11.149872223814771
2018-01-10,2018-01-09,SJC_Gold,36.61,36.6,42.11201689121255,11.149872223814771
2018-01-11,2018-01-10,SJC_Gold,36.65,36.61,42.11201689121255,11.149872223814771
2018-01-12,2018-01-11,SJC_Gold,36.8,36.65,42.11201689121255,11.149872223814771
2018-01-13,2018-01-12,SJC_Gold,36.95,36.8,42.11201689121255,11.149872223814771
2018-01-14,2018-01-13,SJC_Gold,36.95,36.95,42.11201689121255,11.149872223814771
2018-01-15,2018-01-14,SJC_Gold,37.0,36.95,42.11201689121255,11.149872223814771
2018-01-16,2018-01-15,SJC_Gold,36.87,37.0,42.11201689121255,11.149872223814771
2018-01-17,2018-01-16,SJC_Gold,36.87,36.87,42.11201689121255,11.149872223814771
2018-01-18,2018-01-17,SJC_Gold,36.77,36.87,42.11201689121255,11.149872223814771
2018-01-19,2018-01-18,SJC_Gold,36.86,36.77,42.11201689121255,11.149872223814771
2018-01-20,2018-01-19,SJC_Gold,36.85,36.86,42.11201689121255,11.149872223814771
2018-01-21,2018-01-20,SJC_Gold,36.85,36.85,42.11201689121255,11.149872223814771
2018-01-22,2018-01-21,SJC_Gold,36.87,36.85,42.11201689121255,11.149872223814771
2018-01-23,2018-01-22,SJC_Gold,36.88,36.87,42.11201689121255,11.149872223814771
2018-01-24,2018-01-23,SJC_Gold,36.98,36.88,42.11201689121255,11.149872223814771
2018-01-25,2018-01-24,SJC_Gold,37.16,36.98,42.11201689121255,11.149872223814771
2018-01-26,2018-01-25,SJC_Gold,37.15,37.16,42.11201689121255,11.149872223814771
2018-01-27,2018-01-26,SJC_Gold,37.1,37.15,42.11201689121255,11.149872223814771
2018-01-28,2018-01-27,SJC_Gold,37.1,37.1,42.11201689121255,11.149872223814771
2018-01-29,2018-01-28,SJC_Gold,36.98,37.1,42.11201689121255,11.149872223814771
2018-01-30,2018-01-29,SJC_Gold,36.89,36.98,42.11201689121255,11.149872223814771
2018-01-31,2018-01-30,SJC_Gold,36.88,36.89,42.11201689121255,11.149872223814771
2018-02-01,2018-01-31,SJC_Gold,36.87,36.88,42.11201689121255,11.149872223814771
2018-02-02,2018-02-01,SJC_Gold,36.92,36.87,42.11201689121255,11.149872223814771
2018-02-03,2018-02-02,SJC_Gold,36.88,36.92,42.11201689121255,11.149872223814771
2018-02-04,2018-02-03,SJC_Gold,36.88,36.88,42.11201689121255,11.149872223814771
2018-02-05,2018-02-04,SJC_Gold,36.84,36.88,42.11201689121255,11.149872223814771
2018-02-06,2018-02-05,SJC_Gold,36.92,36.84,42.11201689121255,11.149872223814771
2018-02-07,2018-02-06,SJC_Gold,36.87,36.92,42.11201689121255,11.149872223814771
2018-02-08,2018-02-07,SJC_Gold,36.7,36.87,42.11201689121255,11.149872223814771
2018-02-09,2018-02-08,SJC_Gold,36.78,36.7,42.11201689121255,11.149872223814771
2018-02-10,2018-02-09,SJC_Gold,36.93,36.78,42.11201689121255,11.149872223814771
2018-02-11,2018-02-10,SJC_Gold,36.93,36.93,42.11201689121255,11.149872223814771
2018-02-12,2018-02-11,SJC_Gold,37.04,36.93,42.11201689121255,11.149872223814771
2018-02-13,2018-02-12,SJC_Gold,37.12,37.04,42.11201689121255,11.149872223814771
2018-02-14,2018-02-13,SJC_Gold,37.12,37.12,42.11201689121255,11.149872223814771
2018-02-15,2018-02-14,SJC_Gold,37.12,37.12,42.11201689121255,11.149872223814771
2018-02-16,2018-02-15,SJC_Gold,37.12,37.12,42.11201689121255,11.149872223814771
2018-02-17,2018-02-16,SJC_Gold,37.12,37.12,42.11201689121255,11.149872223814771
2018-02-18,2018-02-17,SJC_Gold,37.12,37.12,42.11201689121255,11.149872223814771
2018-02-19,2018-02-18,SJC_Gold,37.12,37.12,42.11201689121255,11.149872223814771
2018-02-20,2018-02-19,SJC_Gold,37.12,37.12,42.11201689121255,11.149872223814771
2018-02-21,2018-02-20,SJC_Gold,37.12,37.12,42.11201689121255,11.149872223814771
2018-02-22,2018-02-21,SJC_Gold,37.01,37.12,42.11201689121255,11.149872223814771
2018-02-23,2018-02-22,SJC_Gold,36.99,37.01,42.11201689121255,11.149872223814771
2018-02-24,2018-02-23,SJC_Gold,36.98,36.99,42.11201689121255,11.149872223814771
2018-02-25,2018-02-24,SJC_Gold,37.05,36.98,42.11201689121255,11.149872223814771
2018-02-26,2018-02-25,SJC_Gold,36.95,37.05,42.11201689121255,11.149872223814771
2018-02-27,2018-02-26,SJC_Gold,36.92,36.95,42.11201689121255,11.149872223814771
2018-02-28,2018-02-27,SJC_Gold,36.7,36.92,42.11201689121255,11.149872223814771
2018-03-01,2018-02-28,SJC_Gold,36.69,36.7,42.11201689121255,11.149872223814771
2018-03-02,2018-03-01,SJC_Gold,36.77,36.69,42.11201689121255,11.149872223814771
2018-03-03,2018-03-02,SJC_Gold,36.82,36.77,42.11201689121255,11.149872223814771
2018-03-04,2018-03-03,SJC_Gold,36.82,36.82,42.11201689121255,11.149872223814771
2018-03-05,2018-03-04,SJC_Gold,36.86,36.82,42.11201689121255,11.149872223814771
2018-03-06,2018-03-05,SJC_Gold,36.82,36.86,42.11201689121255,11.149872223814771
2018-03-07,2018-03-06,SJC_Gold,36.84,36.82,42.11201689121255,11.149872223814771
2018-03-08,2018-03-07,SJC_Gold,36.82,36.84,42.11201689121255,11.149872223814771
2018-03-09,2018-03-08,SJC_Gold,36.77,36.82,42.11201689121255,11.149872223814771
2018-03-10,2018-03-09,SJC_Gold,36.82,36.77,42.11201689121255,11.149872223814771
2018-03-11,2018-03-10,SJC_Gold,36.82,36.82,42.11201689121255,11.149872223814771
2018-03-12,2018-03-11,SJC_Gold,36.76,36.82,42.11201689121255,11.149872223814771
2018-03-13,2018-03-12,SJC_Gold,36.73,36.76,42.11201689121255,11.149872223814771
2018-03-14,2018-03-13,SJC_Gold,36.76,36.73,42.11201689121255,11.149872223814771
2018-03-15,2018-03-14,SJC_Gold,36.76,36.76,42.11201689121255,11.149872223814771
2018-03-16,2018-03-15,SJC_Gold,36.75,36.76,42.11201689121255,11.149872223814771
2018-03-17,2018-03-16,SJC_Gold,36.73,36.75,42.11201689121255,11.149872223814771
2018-03-18,2018-03-17,SJC_Gold,36.73,36.73,42.11201689121255,11.149872223814771
2018-03-19,2018-03-18,SJC_Gold,36.67,36.73,42.11201689121255,11.149872223814771
2018-03-20,2018-03-19,SJC_Gold,36.69,36.67,42.11201689121255,11.149872223814771
2018-03-21,2018-03-20,SJC_Gold,36.7,36.69,42.11201689121255,11.149872223814771
2018-03-22,2018-03-21,SJC_Gold,36.78,36.7,42.11201689121255,11.149872223814771
2018-03-23,2018-03-22,SJC_Gold,36.89,36.78,42.11201689121255,11.149872223814771
2018-03-24,2018-03-23,SJC_Gold,37.04,36.89,42.11201689121255,11.149872223814771
2018-03-25,2018-03-24,SJC_Gold,37.04,37.04,42.11201689121255,11.149872223814771
2018-03-26,2018-03-25,SJC_Gold,37.02,37.04,42.11201689121255,11.149872223814771
2018-03-27,2018-03-26,SJC_Gold,37.05,37.02,42.11201689121255,11.149872223814771
2018-03-28,2018-03-27,SJC_Gold,36.9,37.05,42.11201689121255,11.149872223814771
2018-03-29,2018-03-28,SJC_Gold,36.73,36.9,42.11201689121255,11.149872223814771
2018-03-30,2018-03-29,SJC_Gold,36.82,36.73,42.11201689121255,11.149872223814771
2018-03-31,2018-03-30,SJC_Gold,36.8,36.82,42.11201689121255,11.149872223814771
2018-04-01,2018-03-31,SJC_Gold,36.8,36.8,42.11201689121255,11.149872223814771
2018-04-02,2018-04-01,SJC_Gold,36.8,36.8,42.11201689121255,11.149872223814771
2018-04-03,2018-04-02,SJC_Gold,36.86,36.8,42.11201689121255,11.149872223814771
2018-04-04,2018-04-03,SJC_Gold,36.92,36.86,42.11201689121255,11.149872223814771
2018-04-05,2018-04-04,SJC_Gold,36.75,36.92,42.11201689121255,11.149872223814771
2018-04-06,2018-04-05,SJC_Gold,36.78,36.75,42.11201689121255,11.149872223814771
2018-04-07,2018-04-06,SJC_Gold,36.82,36.78,42.11201689121255,11.149872223814771
2018-04-08,2018-04-07,SJC_Gold,36.82,36.82,42.11201689121255,11.149872223814771
2018-04-09,2018-04-08,SJC_Gold,36.8,36.82,42.11201689121255,11.149872223814771
2018-04-10,2018-04-09,SJC_Gold,36.85,36.8,42.11201689121255,11.149872223814771
2018-04-11,2018-04-10,SJC_Gold,36.91,36.85,42.11201689121255,11.149872223814771
2018-04-12,2018-04-11,SJC_Gold,37.04,36.91,42.11201689121255,11.149872223814771
2018-04-13,2018-04-12,SJC_Gold,36.96,37.04,42.11201689121255,11.149872223814771
2018-04-14,2018-04-13,SJC_Gold,37.17,36.96,42.11201689121255,11.149872223814771
2018-04-15,2018-04-14,SJC_Gold,37.17,37.17,42.11201689121255,11.149872223814771
2018-04-16,2018-04-15,SJC_Gold,37.03,37.17,42.11201689121255,11.149872223814771
2018-04-17,2018-04-16,SJC_Gold,37.02,37.03,42.11201689121255,11.149872223814771
2018-04-18,2018-04-17,SJC_Gold,36.99,37.02,42.11201689121255,11.149872223814771
2018-04-19,2018-04-18,SJC_Gold,37.09,36.99,42.11201689121255,11.149872223814771
2018-04-20,2018-04-19,SJC_Gold,36.98,37.09,42.11201689121255,11.149872223814771
2018-04-21,2018-04-20,SJC_Gold,36.93,36.98,42.11201689121255,11.149872223814771
2018-04-22,2018-04-21,SJC_Gold,36.93,36.93,42.11201689121255,11.149872223814771
2018-04-23,2018-04-22,SJC_Gold,36.83,36.93,42.11201689121255,11.149872223814771
2018-04-24,2018-04-23,SJC_Gold,36.84,36.83,42.11201689121255,11.149872223814771
2018-04-25,2018-04-24,SJC_Gold,36.84,36.84,42.11201689121255,11.149872223814771
2018-04-26,2018-04-25,SJC_Gold,36.79,36.84,42.11201689121255,11.149872223814771
2018-04-27,2018-04-26,SJC_Gold,36.82,36.79,42.11201689121255,11.149872223814771
2018-04-28,2018-04-27,SJC_Gold,36.87,36.82,42.11201689121255,11.149872223814771
2018-04-29,2018-04-28,SJC_Gold,36.87,36.87,42.11201689121255,11.149872223814771
2018-04-30,2018-04-29,SJC_Gold,36.87,36.87,42.11201689121255,11.149872223814771
2018-05-01,2018-04-30,SJC_Gold,36.87,36.87,42.11201689121255,11.149872223814771
2018-05-02,2018-05-01,SJC_Gold,36.72,36.87,42.11201689121255,11.149872223814771
2018-05-03,2018-05-02,SJC_Gold,36.75,36.72,42.11201689121255,11.149872223814771
2018-05-04,2018-05-03,SJC_Gold,36.75,36.75,42.11201689121255,11.149872223814771
2018-05-05,2018-05-04,SJC_Gold,36.78,36.75,42.11201689121255,11.149872223814771
2018-05-06,2018-05-05,SJC_Gold,36.78,36.78,42.11201689121255,11.149872223814771
2018-05-07,2018-05-06,SJC_Gold,36.73,36.78,42.11201689121255,11.149872223814771
2018-05-08,2018-05-07,SJC_Gold,36.73,36.73,42.11201689121255,11.149872223814771
2018-05-09,2018-05-08,SJC_Gold,36.72,36.73,42.11201689121255,11.149872223814771
2018-05-10,2018-05-09,SJC_Gold,36.74,36.72,42.11201689121255,11.149872223814771
2018-05-11,2018-05-10,SJC_Gold,36.83,36.74,42.11201689121255,11.149872223814771
2018-05-12,2018-05-11,SJC_Gold,36.8,36.83,42.11201689121255,11.149872223814771
2018-05-13,2018-05-12,SJC_Gold,36.8,36.8,42.11201689121255,11.149872223814771
2018-05-14,2018-05-13,SJC_Gold,36.81,36.8,42.11201689121255,11.149872223814771
2018-05-15,2018-05-14,SJC_Gold,36.73,36.81,42.11201689121255,11.149872223814771
2018-05-16,2018-05-15,SJC_Gold,36.68,36.73,42.11201689121255,11.149872223814771
2018-05-17,2018-05-16,SJC_Gold,36.66,36.68,42.11201689121255,11.149872223814771
2018-05-18,2018-05-17,SJC_Gold,36.68,36.66,42.11201689121255,11.149872223814771
2018-05-19,2018-05-18,SJC_Gold,36.75,36.68,42.11201689121255,11.149872223814771
2018-05-20,2018-05-19,SJC_Gold,36.75,36.75,42.11201689121255,11.149872223814771
2018-05-21,2018-05-20,SJC_Gold,36.69,36.75,42.11201689121255,11.149872223814771
2018-05-22,2018-05-21,SJC_Gold,36.7,36.69,42.11201689121255,11.149872223814771
2018-05-23,2018-05-22,SJC_Gold,36.7,36.7,42.11201689121255,11.149872223814771
2018-05-24,2018-05-23,SJC_Gold,36.7,36.7,42.11201689121255,11.149872223814771
2018-05-25,2018-05-24,SJC_Gold,36.75,36.7,42.11201689121255,11.149872223814771
2018-05-26,2018-05-25,SJC_Gold,36.73,36.75,42.11201689121255,11.149872223814771
2018-05-27,2018-05-26,SJC_Gold,36.73,36.73,42.11201689121255,11.149872223814771
2018-05-28,2018-05-27,SJC_Gold,36.69,36.73,42.11201689121255,11.149872223814771
2018-05-29,2018-05-28,SJC_Gold,36.74,36.69,42.11201689121255,11.149872223814771
2018-05-30,2018-05-29,SJC_Gold,36.7,36.74,42.11201689121255,11.149872223814771
2018-05-31,2018-05-30,SJC_Gold,36.72,36.7,42.11201689121255,11.149872223814771
2018-06-01,2018-05-31,SJC_Gold,36.72,36.72,42.11201689121255,11.149872223814771
2018-06-02,2018-06-01,SJC_Gold,36.71,36.72,42.11201689121255,11.149872223814771
2018-06-03,2018-06-02,SJC_Gold,36.71,36.71,42.11201689121255,11.149872223814771
2018-06-04,2018-06-03,SJC_Gold,36.7,36.71,42.11201689121255,11.149872223814771
2018-06-05,2018-06-04,SJC_Gold,36.71,36.7,42.11201689121255,11.149872223814771
2018-06-06,2018-06-05,SJC_Gold,36.72,36.71,42.11201689121255,11.149872223814771
2018-06-07,2018-06-06,SJC_Gold,36.75,36.72,42.11201689121255,11.149872223814771
2018-06-08,2018-06-07,SJC_Gold,36.77,36.75,42.11201689121255,11.149872223814771
2018-06-09,2018-06-08,SJC_Gold,36.82,36.77,42.11201689121255,11.149872223814771
2018-06-10,2018-06-09,SJC_Gold,36.82,36.82,42.11201689121255,11.149872223814771
2018-06-11,2018-06-10,SJC_Gold,36.96,36.82,42.11201689121255,11.149872223814771
2018-06-12,2018-06-11,SJC_Gold,37.03,36.96,42.11201689121255,11.149872223814771
2018-06-13,2018-06-12,SJC_Gold,36.97,37.03,42.11201689121255,11.149872223814771
2018-06-14,2018-06-13,SJC_Gold,37.0,36.97,42.11201689121255,11.149872223814771
2018-06-15,2018-06-14,SJC_Gold,36.97,37.0,42.11201689121255,11.149872223814771
2018-06-16,2018-06-15,SJC_Gold,36.89,36.97,42.11201689121255,11.149872223814771
2018-06-17,2018-06-16,SJC_Gold,36.89,36.89,42.11201689121255,11.149872223814771
2018-06-18,2018-06-17,SJC_Gold,36.92,36.89,42.11201689121255,11.149872223814771
2018-06-19,2018-06-18,SJC_Gold,36.94,36.92,42.11201689121255,11.149872223814771
2018-06-20,2018-06-19,SJC_Gold,36.92,36.94,42.11201689121255,11.149872223814771
2018-06-21,2018-06-20,SJC_Gold,36.83,36.92,42.11201689121255,11.149872223814771
2018-06-22,2018-06-21,SJC_Gold,36.97,36.83,42.11201689121255,11.149872223814771
2018-06-23,2018-06-22,SJC_Gold,36.97,36.97,42.11201689121255,11.149872223814771
2018-06-24,2018-06-23,SJC_Gold,36.97,36.97,42.11201689121255,11.149872223814771
2018-06-25,2018-06-24,SJC_Gold,36.92,36.97,42.11201689121255,11.149872223814771
2018-06-26,2018-06-25,SJC_Gold,36.85,36.92,42.11201689121255,11.149872223814771
2018-06-27,2018-06-26,SJC_Gold,36.86,36.85,42.11201689121255,11.149872223814771
2018-06-28,2018-06-27,SJC_Gold,36.81,36.86,42.11201689121255,11.149872223814771
2018-06-29,2018-06-28,SJC_Gold,36.78,36.81,42.11201689121255,11.149872223814771
2018-06-30,2018-06-29,SJC_Gold,36.82,36.78,42.11201689121255,11.149872223814771
2018-07-01,2018-06-30,SJC_Gold,36.82,36.82,42.11201689121255,11.149872223814771
2018-07-02,2018-07-01,SJC_Gold,36.88,36.82,42.11201689121255,11.149872223814771
2018-07-03,2018-07-02,SJC_Gold,36.86,36.88,42.11201689121255,11.149872223814771
2018-07-04,2018-07-03,SJC_Gold,36.87,36.86,42.11201689121255,11.149872223814771
2018-07-05,2018-07-04,SJC_Gold,36.88,36.87,42.11201689121255,11.149872223814771
2018-07-06,2018-07-05,SJC_Gold,36.93,36.88,42.11201689121255,11.149872223814771
2018-07-07,2018-07-06,SJC_Gold,36.93,36.93,42.11201689121255,11.149872223814771
2018-07-08,2018-07-07,SJC_Gold,36.93,36.93,42.11201689121255,11.149872223814771
2018-07-09,2018-07-08,SJC_Gold,37.02,36.93,42.11201689121255,11.149872223814771
2018-07-10,2018-07-09,SJC_Gold,36.98,37.02,42.11201689121255,11.149872223814771
2018-07-11,2018-07-10,SJC_Gold,37.01,36.98,42.11201689121255,11.149872223814771
2018-07-12,2018-07-11,SJC_Gold,36.97,37.01,42.11201689121255,11.149872223814771
2018-07-13,2018-07-12,SJC_Gold,37.0,36.97,42.11201689121255,11.149872223814771
2018-07-14,2018-07-13,SJC_Gold,37.01,37.0,42.11201689121255,11.149872223814771
2018-07-15,2018-07-14,SJC_Gold,37.01,37.01,42.11201689121255,11.149872223814771
2018-07-16,2018-07-15,SJC_Gold,36.96,37.01,42.11201689121255,11.149872223814771
2018-07-17,2018-07-16,SJC_Gold,36.94,36.96,42.11201689121255,11.149872223814771
2018-07-18,2018-07-17,SJC_Gold,36.77,36.94,42.11201689121255,11.149872223814771
2018-07-19,2018-07-18,SJC_Gold,36.71,36.77,42.11201689121255,11.149872223814771
2018-07-20,2018-07-19,SJC_Gold,36.83,36.71,42.11201689121255,11.149872223814771
2018-07-21,2018-07-20,SJC_Gold,36.92,36.83,42.11201689121255,11.149872223814771
2018-07-22,2018-07-21,SJC_Gold,36.92,36.92,42.11201689121255,11.149872223814771
2018-07-23,2018-07-22,SJC_Gold,36.9,36.92,42.11201689121255,11.149872223814771
2018-07-24,2018-07-23,SJC_Gold,36.92,36.9,42.11201689121255,11.149872223814771
2018-07-25,2018-07-24,SJC_Gold,36.95,36.92,42.11201689121255,11.149872223814771
2018-07-26,2018-07-25,SJC_Gold,36.88,36.95,42.11201689121255,11.149872223814771
2018-07-27,2018-07-26,SJC_Gold,36.88,36.88,42.11201689121255,11.149872223814771
2018-07-28,2018-07-27,SJC_Gold,36.9,36.88,42.11201689121255,11.149872223814771
2018-07-29,2018-07-28,SJC_Gold,36.9,36.9,42.11201689121255,11.149872223814771
2018-07-30,2018-07-29,SJC_Gold,36.89,36.9,42.11201689121255,11.149872223814771
2018-07-31,2018-07-30,SJC_Gold,36.84,36.89,42.11201689121255,11.149872223814771
2018-08-01,2018-07-31,SJC_Gold,36.84,36.84,42.11201689121255,11.149872223814771
2018-08-02,2018-08-01,SJC_Gold,36.78,36.84,42.11201689121255,11.149872223814771
2018-08-03,2018-08-02,SJC_Gold,36.79,36.78,42.11201689121255,11.149872223814771
2018-08-04,2018-08-03,SJC_Gold,36.84,36.79,42.11201689121255,11.149872223814771
2018-08-05,2018-08-04,SJC_Gold,36.84,36.84,42.11201689121255,11.149872223814771
2018-08-06,2018-08-05,SJC_Gold,36.83,36.84,42.11201689121255,11.149872223814771
2018-08-07,2018-08-06,SJC_Gold,36.86,36.83,42.11201689121255,11.149872223814771
2018-08-08,2018-08-07,SJC_Gold,36.81,36.86,42.11201689121255,11.149872223814771
2018-08-09,2018-08-08,SJC_Gold,36.78,36.81,42.11201689121255,11.149872223814771
2018-08-10,2018-08-09,SJC_Gold,36.79,36.78,42.11201689121255,11.149872223814771
2018-08-11,2018-08-10,SJC_Gold,36.82,36.79,42.11201689121255,11.149872223814771
2018-08-12,2018-08-11,SJC_Gold,36.82,36.82,42.11201689121255,11.149872223814771
2018-08-13,2018-08-12,SJC_Gold,36.77,36.82,42.11201689121255,11.149872223814771
2018-08-14,2018-08-13,SJC_Gold,36.74,36.77,42.11201689121255,11.149872223814771
2018-08-15,2018-08-14,SJC_Gold,36.72,36.74,42.11201689121255,11.149872223814771
2018-08-16,2018-08-15,SJC_Gold,36.74,36.72,42.11201689121255,11.149872223814771
2018-08-17,2018-08-16,SJC_Gold,36.73,36.74,42.11201689121255,11.149872223814771
2018-08-18,2018-08-17,SJC_Gold,36.8,36.73,42.11201689121255,11.149872223814771
2018-08-19,2018-08-18,SJC_Gold,36.8,36.8,42.11201689121255,11.149872223814771
2018-08-20,2018-08-19,SJC_Gold,36.77,36.8,42.11201689121255,11.149872223814771
2018-08-21,2018-08-20,SJC_Gold,36.74,36.77,42.11201689121255,11.149872223814771
2018-08-22,2018-08-21,SJC_Gold,36.76,36.74,42.11201689121255,11.149872223814771
2018-08-23,2018-08-22,SJC_Gold,36.74,36.76,42.11201689121255,11.149872223814771
2018-08-24,2018-08-23,SJC_Gold,36.75,36.74,42.11201689121255,11.149872223814771
2018-08-25,2018-08-24,SJC_Gold,36.82,36.75,42.11201689121255,11.149872223814771
2018-08-26,2018-08-25,SJC_Gold,36.82,36.82,42.11201689121255,11.149872223814771
2018-08-27,2018-08-26,SJC_Gold,36.8,36.82,42.11201689121255,11.149872223814771
2018-08-28,2018-08-27,SJC_Gold,36.78,36.8,42.11201689121255,11.149872223814771
2018-08-29,2018-08-28,SJC_Gold,36.73,36.78,42.11201689121255,11.149872223814771
2018-08-30,2018-08-29,SJC_Gold,36.74,36.73,42.11201689121255,11.149872223814771
2018-08-31,2018-08-30,SJC_Gold,36.73,36.74,42.11201689121255,11.149872223814771
2018-09-01,2018-08-31,SJC_Gold,36.77,36.73,42.11201689121255,11.149872223814771
2018-09-02,2018-09-01,SJC_Gold,36.77,36.77,42.11201689121255,11.149872223814771
2018-09-03,2018-09-02,SJC_Gold,36.77,36.77,42.11201689121255,11.149872223814771
2018-09-04,2018-09-03,SJC_Gold,36.72,36.77,42.11201689121255,11.149872223814771
2018-09-05,2018-09-04,SJC_Gold,36.73,36.72,42.11201689121255,11.149872223814771
2018-09-06,2018-09-05,SJC_Gold,36.77,36.73,42.11201689121255,11.149872223814771
2018-09-07,2018-09-06,SJC_Gold,36.76,36.77,42.11201689121255,11.149872223814771
2018-09-08,2018-09-07,SJC_Gold,36.74,36.76,42.11201689121255,11.149872223814771
2018-09-09,2018-09-08,SJC_Gold,36.74,36.74,42.11201689121255,11.149872223814771
2018-09-10,2018-09-09,SJC_Gold,36.69,36.74,42.11201689121255,11.149872223814771
2018-09-11,2018-09-10,SJC_Gold,36.7,36.69,42.11201689121255,11.149872223814771
2018-09-12,2018-09-11,SJC_Gold,36.69,36.7,42.11201689121255,11.149872223814771
2018-09-13,2018-09-12,SJC_Gold,36.71,36.69,42.11201689121255,11.149872223814771
2018-09-14,2018-09-13,SJC_Gold,36.71,36.71,42.11201689121255,11.149872223814771
2018-09-15,2018-09-14,SJC_Gold,36.68,36.71,42.11201689121255,11.149872223814771
2018-09-16,2018-09-15,SJC_Gold,36.68,36.68,42.11201689121255,11.149872223814771
2018-09-17,2018-09-16,SJC_Gold,36.69,36.68,42.11201689121255,11.149872223814771
2018-09-18,2018-09-17,SJC_Gold,36.68,36.69,42.11201689121255,11.149872223814771
2018-09-19,2018-09-18,SJC_Gold,36.68,36.68,42.11201689121255,11.149872223814771
2018-09-20,2018-09-19,SJC_Gold,36.66,36.68,42.11201689121255,11.149872223814771
2018-09-21,2018-09-20,SJC_Gold,36.69,36.66,42.11201689121255,11.149872223814771
2018-09-22,2018-09-21,SJC_Gold,36.67,36.69,42.11201689121255,11.149872223814771
2018-09-23,2018-09-22,SJC_Gold,36.67,36.67,42.11201689121255,11.149872223814771
2018-09-24,2018-09-23,SJC_Gold,36.62,36.67,42.11201689121255,11.149872223814771
2018-09-25,2018-09-24,SJC_Gold,36.56,36.62,42.11201689121255,11.149872223814771
2018-09-26,2018-09-25,SJC_Gold,36.56,36.56,42.11201689121255,11.149872223814771
2018-09-27,2018-09-26,SJC_Gold,36.5,36.56,42.11201689121255,11.149872223814771
2018-09-28,2018-09-27,SJC_Gold,36.43,36.5,42.11201689121255,11.149872223814771
2018-09-29,2018-09-28,SJC_Gold,36.5,36.43,42.11201689121255,11.149872223814771
2018-09-30,2018-09-29,SJC_Gold,36.5,36.5,42.11201689121255,11.149872223814771
2018-10-01,2018-09-30,SJC_Gold,36.47,36.5,42.11201689121255,11.149872223814771
2018-10-02,2018-10-01,SJC_Gold,36.51,36.47,42.11201689121255,11.149872223814771
2018-10-03,2018-10-02,SJC_Gold,36.53,36.51,42.11201689121255,11.149872223814771
2018-10-04,2018-10-03,SJC_Gold,36.52,36.53,42.11201689121255,11.149872223814771
2018-10-05,2018-10-04,SJC_Gold,36.52,36.52,42.11201689121255,11.149872223814771
2018-10-06,2018-10-05,SJC_Gold,36.54,36.52,42.11201689121255,11.149872223814771
2018-10-07,2018-10-06,SJC_Gold,36.54,36.54,42.11201689121255,11.149872223814771
2018-10-08,2018-10-07,SJC_Gold,36.52,36.54,42.11201689121255,11.149872223814771
2018-10-09,2018-10-08,SJC_Gold,36.5,36.52,42.11201689121255,11.149872223814771
2018-10-10,2018-10-09,SJC_Gold,36.5,36.5,42.11201689121255,11.149872223814771
2018-10-11,2018-10-10,SJC_Gold,36.53,36.5,42.11201689121255,11.149872223814771
2018-10-12,2018-10-11,SJC_Gold,36.6,36.53,42.11201689121255,11.149872223814771
2018-10-13,2018-10-12,SJC_Gold,36.61,36.6,42.11201689121255,11.149872223814771
2018-10-14,2018-10-13,SJC_Gold,36.61,36.61,42.11201689121255,11.149872223814771
2018-10-15,2018-10-14,SJC_Gold,36.67,36.61,42.11201689121255,11.149872223814771
2018-10-16,2018-10-15,SJC_Gold,36.63,36.67,42.11201689121255,11.149872223814771
2018-10-17,2018-10-16,SJC_Gold,36.66,36.63,42.11201689121255,11.149872223814771
2018-10-18,2018-10-17,SJC_Gold,36.63,36.66,42.11201689121255,11.149872223814771
2018-10-19,2018-10-18,SJC_Gold,36.63,36.63,42.11201689121255,11.149872223814771
2018-10-20,2018-10-19,SJC_Gold,36.63,36.63,42.11201689121255,11.149872223814771
2018-10-21,2018-10-20,SJC_Gold,36.63,36.63,42.11201689121255,11.149872223814771
2018-10-22,2018-10-21,SJC_Gold,36.61,36.63,42.11201689121255,11.149872223814771
2018-10-23,2018-10-22,SJC_Gold,36.66,36.61,42.11201689121255,11.149872223814771
2018-10-24,2018-10-23,SJC_Gold,36.62,36.66,42.11201689121255,11.149872223814771
2018-10-25,2018-10-24,SJC_Gold,36.6,36.62,42.11201689121255,11.149872223814771
2018-10-26,2018-10-25,SJC_Gold,36.64,36.6,42.11201689121255,11.149872223814771
2018-10-27,2018-10-26,SJC_Gold,36.62,36.64,42.11201689121255,11.149872223814771
2018-10-28,2018-10-27,SJC_Gold,36.62,36.62,42.11201689121255,11.149872223814771
2018-10-29,2018-10-28,SJC_Gold,36.57,36.62,42.11201689121255,11.149872223814771
2018-10-30,2018-10-29,SJC_Gold,36.52,36.57,42.11201689121255,11.149872223814771
2018-10-31,2018-10-30,SJC_Gold,36.5,36.52,42.11201689121255,11.149872223814771
2018-11-01,2018-10-31,SJC_Gold,36.56,36.5,42.11201689121255,11.149872223814771
2018-11-02,2018-11-01,SJC_Gold,36.6,36.56,42.11201689121255,11.149872223814771
2018-11-03,2018-11-02,SJC_Gold,36.6,36.6,42.11201689121255,11.149872223814771
2018-11-04,2018-11-03,SJC_Gold,36.6,36.6,42.11201689121255,11.149872223814771
2018-11-05,2018-11-04,SJC_Gold,36.59,36.6,42.11201689121255,11.149872223814771
2018-11-06,2018-11-05,SJC_Gold,36.54,36.59,42.11201689121255,11.149872223814771
2018-11-07,2018-11-06,SJC_Gold,36.57,36.54,42.11201689121255,11.149872223814771
2018-11-08,2018-11-07,SJC_Gold,36.53,36.57,42.11201689121255,11.149872223814771
2018-11-09,2018-11-08,SJC_Gold,36.51,36.53,42.11201689121255,11.149872223814771
2018-11-10,2018-11-09,SJC_Gold,36.5,36.51,42.11201689121255,11.149872223814771
2018-11-11,2018-11-10,SJC_Gold,36.5,36.5,42.11201689121255,11.149872223814771
2018-11-12,2018-11-11,SJC_Gold,36.48,36.5,42.11201689121255,11.149872223814771
2018-11-13,2018-11-12,SJC_Gold,36.48,36.48,42.11201689121255,11.149872223814771
2018-11-14,2018-11-13,SJC_Gold,36.5,36.48,42.11201689121255,11.149872223814771
2018-11-15,2018-11-14,SJC_Gold,36.58,36.5,42.11201689121255,11.149872223814771
2018-11-16,2018-11-15,SJC_Gold,36.64,36.58,42.11201689121255,11.149872223814771
2018-11-17,2018-11-16,SJC_Gold,36.68,36.64,42.11201689121255,11.149872223814771
2018-11-18,2018-11-17,SJC_Gold,36.68,36.68,42.11201689121255,11.149872223814771
2018-11-19,2018-11-18,SJC_Gold,36.65,36.68,42.11201689121255,11.149872223814771
2018-11-20,2018-11-19,SJC_Gold,36.62,36.65,42.11201689121255,11.149872223814771
2018-11-21,2018-11-20,SJC_Gold,36.59,36.62,42.11201689121255,11.149872223814771
2018-11-22,2018-11-21,SJC_Gold,36.57,36.59,42.11201689121255,11.149872223814771
2018-11-23,2018-11-22,SJC_Gold,36.54,36.57,42.11201689121255,11.149872223814771
2018-11-24,2018-11-23,SJC_Gold,36.54,36.54,42.11201689121255,11.149872223814771
2018-11-25,2018-11-24,SJC_Gold,36.54,36.54,42.11201689121255,11.149872223814771
2018-11-26,2018-11-25,SJC_Gold,36.53,36.54,42.11201689121255,11.149872223814771
2018-11-27,2018-11-26,SJC_Gold,36.48,36.53,42.11201689121255,11.149872223814771
2018-11-28,2018-11-27,SJC_Gold,36.45,36.48,42.11201689121255,11.149872223814771
2018-11-29,2018-11-28,SJC_Gold,36.5,36.45,42.11201689121255,11.149872223814771
2018-11-30,2018-11-29,SJC_Gold,36.48,36.5,42.11201689121255,11.149872223814771
2018-12-01,2018-11-30,SJC_Gold,36.48,36.48,42.11201689121255,11.149872223814771
2018-12-02,2018-12-01,SJC_Gold,36.48,36.48,42.11201689121255,11.149872223814771
2018-12-03,2018-12-02,SJC_Gold,36.5,36.48,42.11201689121255,11.149872223814771
2018-12-04,2018-12-03,SJC_Gold,36.49,36.5,42.11201689121255,11.149872223814771
2018-12-05,2018-12-04,SJC_Gold,36.46,36.49,42.11201689121255,11.149872223814771
2018-12-06,2018-12-05,SJC_Gold,36.42,36.46,42.11201689121255,11.149872223814771
2018-12-07,2018-12-06,SJC_Gold,36.43,36.42,42.11201689121255,11.149872223814771
2018-12-08,2018-12-07,SJC_Gold,36.49,36.43,42.11201689121255,11.149872223814771
2018-12-09,2018-12-08,SJC_Gold,36.49,36.49,42.11201689121255,11.149872223814771
2018-12-10,2018-12-09,SJC_Gold,36.51,36.49,42.11201689121255,11.149872223814771
2018-12-11,2018-12-10,SJC_Gold,36.47,36.51,42.11201689121255,11.149872223814771
2018-12-12,2018-12-11,SJC_Gold,36.42,36.47,42.11201689121255,11.149872223814771
2018-12-13,2018-12-12,SJC_Gold,36.38,36.42,42.11201689121255,11.149872223814771
2018-12-14,2018-12-13,SJC_Gold,36.41,36.38,42.11201689121255,11.149872223814771
2018-12-15,2018-12-14,SJC_Gold,36.44,36.41,42.11201689121255,11.149872223814771
2018-12-16,2018-12-15,SJC_Gold,36.44,36.44,42.11201689121255,11.149872223814771
2018-12-17,2018-12-16,SJC_Gold,36.43,36.44,42.11201689121255,11.149872223814771
2018-12-18,2018-12-17,SJC_Gold,36.42,36.43,42.11201689121255,11.149872223814771
2018-12-19,2018-12-18,SJC_Gold,36.41,36.42,42.11201689121255,11.149872223814771
2018-12-20,2018-12-19,SJC_Gold,36.4,36.41,42.11201689121255,11.149872223814771
2018-12-21,2018-12-20,SJC_Gold,36.43,36.4,42.11201689121255,11.149872223814771
2018-12-22,2018-12-21,SJC_Gold,36.42,36.43,42.11201689121255,11.149872223814771
2018-12-23,2018-12-22,SJC_Gold,36.42,36.42,42.11201689121255,11.149872223814771
2018-12-24,2018-12-23,SJC_Gold,36.44,36.42,42.11201689121255,11.149872223814771
2018-12-25,2018-12-24,SJC_Gold,36.41,36.44,42.11201689121255,11.149872223814771
2018-12-26,2018-12-25,SJC_Gold,36.46,36.41,42.11201689121255,11.149872223814771
2018-12-27,2018-12-26,SJC_Gold,36.45,36.46,42.11201689121255,11.149872223814771
2018-12-28,2018-12-27,SJC_Gold,36.54,36.45,42.11201689121255,11.149872223814771
2018-12-29,2018-12-28,SJC_Gold,36.55,36.54,42.11201689121255,11.149872223814771
2018-12-30,2018-12-29,SJC_Gold,36.55,36.55,42.11201689121255,11.149872223814771
2018-12-31,2018-12-30,SJC_Gold,36.57,36.55,42.11201689121255,11.149872223814771
2019-01-01,2018-12-31,SJC_Gold,36.57,36.57,42.11201689121255,11.149872223814771
2019-01-02,2019-01-01,SJC_Gold,36.67,36.57,42.11201689121255,11.149872223814771
2019-01-03,2019-01-02,SJC_Gold,36.74,36.67,42.11201689121255,11.149872223814771
2019-01-04,2019-01-03,SJC_Gold,36.79,36.74,42.11201689121255,11.149872223814771
2019-01-05,2019-01-04,SJC_Gold,36.74,36.79,42.11201689121255,11.149872223814771
2019-01-06,2019-01-05,SJC_Gold,36.74,36.74,42.11201689121255,11.149872223814771
2019-01-07,2019-01-06,SJC_Gold,36.81,36.74,42.11201689121255,11.149872223814771
2019-01-08,2019-01-07,SJC_Gold,36.72,36.81,42.11201689121255,11.149872223814771
2019-01-09,2019-01-08,SJC_Gold,36.67,36.72,42.11201689121255,11.149872223814771
2019-01-10,2019-01-09,SJC_Gold,36.76,36.67,42.11201689121255,11.149872223814771
2019-01-11,2019-01-10,SJC_Gold,36.73,36.76,42.11201689121255,11.149872223814771
2019-01-12,2019-01-11,SJC_Gold,36.72,36.73,42.11201689121255,11.149872223814771
2019-01-13,2019-01-12,SJC_Gold,36.72,36.72,42.11201689121255,11.149872223814771
2019-01-14,2019-01-13,SJC_Gold,36.71,36.72,42.11201689121255,11.149872223814771
2019-01-15,2019-01-14,SJC_Gold,36.68,36.71,42.11201689121255,11.149872223814771
2019-01-16,2019-01-15,SJC_Gold,36.65,36.68,42.11201689121255,11.149872223814771
2019-01-17,2019-01-16,SJC_Gold,36.72,36.65,42.11201689121255,11.149872223814771
2019-01-18,2019-01-17,SJC_Gold,36.74,36.72,42.11201689121255,11.149872223814771
2019-01-19,2019-01-18,SJC_Gold,36.7,36.74,42.11201689121255,11.149872223814771
2019-01-20,2019-01-19,SJC_Gold,36.7,36.7,42.11201689121255,11.149872223814771
2019-01-21,2019-01-20,SJC_Gold,36.59,36.7,42.11201689121255,11.149872223814771
2019-01-22,2019-01-21,SJC_Gold,36.53,36.59,42.11201689121255,11.149872223814771
2019-01-23,2019-01-22,SJC_Gold,36.55,36.53,42.11201689121255,11.149872223814771
2019-01-24,2019-01-23,SJC_Gold,36.54,36.55,42.11201689121255,11.149872223814771
2019-01-25,2019-01-24,SJC_Gold,36.66,36.54,42.11201689121255,11.149872223814771
2019-01-26,2019-01-25,SJC_Gold,36.83,36.66,42.11201689121255,11.149872223814771
2019-01-27,2019-01-26,SJC_Gold,36.83,36.83,42.11201689121255,11.149872223814771
2019-01-28,2019-01-27,SJC_Gold,36.78,36.83,42.11201689121255,11.149872223814771
2019-01-29,2019-01-28,SJC_Gold,36.85,36.78,42.11201689121255,11.149872223814771
2019-01-30,2019-01-29,SJC_Gold,36.92,36.85,42.11201689121255,11.149872223814771
2019-01-31,2019-01-30,SJC_Gold,37.1,36.92,42.11201689121255,11.149872223814771
2019-02-01,2019-01-31,SJC_Gold,37.1,37.1,42.11201689121255,11.149872223814771
2019-02-02,2019-02-01,SJC_Gold,37.1,37.1,42.11201689121255,11.149872223814771
2019-02-03,2019-02-02,SJC_Gold,37.1,37.1,42.11201689121255,11.149872223814771
2019-02-04,2019-02-03,SJC_Gold,37.1,37.1,42.11201689121255,11.149872223814771
2019-02-05,2019-02-04,SJC_Gold,37.1,37.1,42.11201689121255,11.149872223814771
2019-02-06,2019-02-05,SJC_Gold,37.1,37.1,42.11201689121255,11.149872223814771
2019-02-07,2019-02-06,SJC_Gold,37.1,37.1,42.11201689121255,11.149872223814771
2019-02-08,2019-02-07,SJC_Gold,37.1,37.1,42.11201689121255,11.149872223814771
2019-02-09,2019-02-08,SJC_Gold,37.1,37.1,42.11201689121255,11.149872223814771
2019-02-10,2019-02-09,SJC_Gold,37.1,37.1,42.11201689121255,11.149872223814771
2019-02-11,2019-02-10,SJC_Gold,37.13,37.1,42.11201689121255,11.149872223814771
2019-02-12,2019-02-11,SJC_Gold,37.17,37.13,42.11201689121255,11.149872223814771
2019-02-13,2019-02-12,SJC_Gold,37.02,37.17,42.11201689121255,11.149872223814771
2019-02-14,2019-02-13,SJC_Gold,37.0,37.02,42.11201689121255,11.149872223814771
2019-02-15,2019-02-14,SJC_Gold,36.88,37.0,42.11201689121255,11.149872223814771
2019-02-16,2019-02-15,SJC_Gold,36.98,36.88,42.11201689121255,11.149872223814771
2019-02-17,2019-02-16,SJC_Gold,36.98,36.98,42.11201689121255,11.149872223814771
2019-02-18,2019-02-17,SJC_Gold,37.0,36.98,42.11201689121255,11.149872223814771
2019-02-19,2019-02-18,SJC_Gold,37.0,37.0,42.11201689121255,11.149872223814771
2019-02-20,2019-02-19,SJC_Gold,37.15,37.0,42.11201689121255,11.149872223814771
2019-02-21,2019-02-20,SJC_Gold,37.13,37.15,42.11201689121255,11.149872223814771
2019-02-22,2019-02-21,SJC_Gold,37.1,37.13,42.11201689121255,11.149872223814771
2019-02-23,2019-02-22,SJC_Gold,37.1,37.1,42.11201689121255,11.149872223814771
2019-02-24,2019-02-23,SJC_Gold,37.1,37.1,42.11201689121255,11.149872223814771
2019-02-25,2019-02-24,SJC_Gold,37.07,37.1,42.11201689121255,11.149872223814771
2019-02-26,2019-02-25,SJC_Gold,37.06,37.07,42.11201689121255,11.149872223814771
2019-02-27,2019-02-26,SJC_Gold,37.05,37.06,42.11201689121255,11.149872223814771
2019-02-28,2019-02-27,SJC_Gold,37.0,37.05,42.11201689121255,11.149872223814771
2019-03-01,2019-02-28,SJC_Gold,36.86,37.0,42.11201689121255,11.149872223814771
2019-03-02,2019-03-01,SJC_Gold,36.68,36.86,42.11201689121255,11.149872223814771
2019-03-03,2019-03-02,SJC_Gold,36.68,36.68,42.11201689121255,11.149872223814771
2019-03-04,2019-03-03,SJC_Gold,36.6,36.68,42.11201689121255,11.149872223814771
2019-03-05,2019-03-04,SJC_Gold,36.6,36.6,42.11201689121255,11.149872223814771
2019-03-06,2019-03-05,SJC_Gold,36.61,36.6,42.11201689121255,11.149872223814771
2019-03-07,2019-03-06,SJC_Gold,36.62,36.61,42.11201689121255,11.149872223814771
2019-03-08,2019-03-07,SJC_Gold,36.64,36.62,42.11201689121255,11.149872223814771
2019-03-09,2019-03-08,SJC_Gold,36.68,36.64,42.11201689121255,11.149872223814771
2019-03-10,2019-03-09,SJC_Gold,36.68,36.68,42.11201689121255,11.149872223814771
2019-03-11,2019-03-10,SJC_Gold,36.65,36.68,42.11201689121255,11.149872223814771
2019-03-12,2019-03-11,SJC_Gold,36.63,36.65,42.11201689121255,11.149872223814771
2019-03-13,2019-03-12,SJC_Gold,36.73,36.63,42.11201689121255,11.149872223814771
2019-03-14,2019-03-13,SJC_Gold,36.67,36.73,42.11201689121255,11.149872223814771
2019-03-15,2019-03-14,SJC_Gold,36.65,36.67,42.11201689121255,11.149872223814771
2019-03-16,2019-03-15,SJC_Gold,36.63,36.65,42.11201689121255,11.149872223814771
2019-03-17,2019-03-16,SJC_Gold,36.63,36.63,42.11201689121255,11.149872223814771
2019-03-18,2019-03-17,SJC_Gold,36.65,36.63,42.11201689121255,11.149872223814771
2019-03-19,2019-03-18,SJC_Gold,36.67,36.65,42.11201689121255,11.149872223814771
2019-03-20,2019-03-19,SJC_Gold,36.66,36.67,42.11201689121255,11.149872223814771
2019-03-21,2019-03-20,SJC_Gold,36.8,36.66,42.11201689121255,11.149872223814771
2019-03-22,2019-03-21,SJC_Gold,36.7,36.8,42.11201689121255,11.149872223814771
2019-03-23,2019-03-22,SJC_Gold,36.74,36.7,42.11201689121255,11.149872223814771
2019-03-24,2019-03-23,SJC_Gold,36.74,36.74,42.11201689121255,11.149872223814771
2019-03-25,2019-03-24,SJC_Gold,36.78,36.74,42.11201689121255,11.149872223814771
2019-03-26,2019-03-25,SJC_Gold,36.79,36.78,42.11201689121255,11.149872223814771
2019-03-27,2019-03-26,SJC_Gold,36.77,36.79,42.11201689121255,11.149872223814771
2019-03-28,2019-03-27,SJC_Gold,36.73,36.77,42.11201689121255,11.149872223814771
2019-03-29,2019-03-28,SJC_Gold,36.52,36.73,42.11201689121255,11.149872223814771
2019-03-30,2019-03-29,SJC_Gold,36.55,36.52,42.11201689121255,11.149872223814771
2019-03-31,2019-03-30,SJC_Gold,36.55,36.55,42.11201689121255,11.149872223814771
2019-04-01,2019-03-31,SJC_Gold,36.53,36.55,42.11201689121255,11.149872223814771
2019-04-02,2019-04-01,SJC_Gold,36.49,36.53,42.11201689121255,11.149872223814771
2019-04-03,2019-04-02,SJC_Gold,36.49,36.49,42.11201689121255,11.149872223814771
2019-04-04,2019-04-03,SJC_Gold,36.5,36.49,42.11201689121255,11.149872223814771
2019-04-05,2019-04-04,SJC_Gold,36.48,36.5,42.11201689121255,11.149872223814771
2019-04-06,2019-04-05,SJC_Gold,36.48,36.48,42.11201689121255,11.149872223814771
2019-04-07,2019-04-06,SJC_Gold,36.48,36.48,42.11201689121255,11.149872223814771
2019-04-08,2019-04-07,SJC_Gold,36.52,36.48,42.11201689121255,11.149872223814771
2019-04-09,2019-04-08,SJC_Gold,36.52,36.52,42.11201689121255,11.149872223814771
2019-04-10,2019-04-09,SJC_Gold,36.56,36.52,42.11201689121255,11.149872223814771
2019-04-11,2019-04-10,SJC_Gold,36.57,36.56,42.11201689121255,11.149872223814771
2019-04-12,2019-04-11,SJC_Gold,36.49,36.57,42.11201689121255,11.149872223814771
2019-04-13,2019-04-12,SJC_Gold,36.49,36.49,42.11201689121255,11.149872223814771
2019-04-14,2019-04-13,SJC_Gold,36.49,36.49,42.11201689121255,11.149872223814771
2019-04-15,2019-04-14,SJC_Gold,36.49,36.49,42.11201689121255,11.149872223814771
2019-04-16,2019-04-15,SJC_Gold,36.44,36.49,42.11201689121255,11.149872223814771
2019-04-17,2019-04-16,SJC_Gold,36.35,36.44,42.11201689121255,11.149872223814771
2019-04-18,2019-04-17,SJC_Gold,36.36,36.35,42.11201689121255,11.149872223814771
2019-04-19,2019-04-18,SJC_Gold,36.35,36.36,42.11201689121255,11.149872223814771
2019-04-20,2019-04-19,SJC_Gold,36.38,36.35,42.11201689121255,11.149872223814771
2019-04-21,2019-04-20,SJC_Gold,36.38,36.38,42.11201689121255,11.149872223814771
2019-04-22,2019-04-21,SJC_Gold,36.35,36.38,42.11201689121255,11.149872223814771
2019-04-23,2019-04-22,SJC_Gold,36.31,36.35,42.11201689121255,11.149872223814771
2019-04-24,2019-04-23,SJC_Gold,36.3,36.31,42.11201689121255,11.149872223814771
2019-04-25,2019-04-24,SJC_Gold,36.35,36.3,42.11201689121255,11.149872223814771
2019-04-26,2019-04-25,SJC_Gold,36.42,36.35,42.11201689121255,11.149872223814771
2019-04-27,2019-04-26,SJC_Gold,36.5,36.42,42.11201689121255,11.149872223814771
2019-04-28,2019-04-27,SJC_Gold,36.5,36.5,42.11201689121255,11.149872223814771
2019-04-29,2019-04-28,SJC_Gold,36.5,36.5,42.11201689121255,11.149872223814771
2019-04-30,2019-04-29,SJC_Gold,36.5,36.5,42.11201689121255,11.149872223814771
2019-05-01,2019-04-30,SJC_Gold,36.5,36.5,42.11201689121255,11.149872223814771
2019-05-02,2019-05-01,SJC_Gold,36.27,36.5,42.11201689121255,11.149872223814771
2019-05-03,2019-05-02,SJC_Gold,36.24,36.27,42.11201689121255,11.149872223814771
2019-05-04,2019-05-03,SJC_Gold,36.35,36.24,42.11201689121255,11.149872223814771
2019-05-05,2019-05-04,SJC_Gold,36.35,36.35,42.11201689121255,11.149872223814771
2019-05-06,2019-05-05,SJC_Gold,36.37,36.35,42.11201689121255,11.149872223814771
2019-05-07,2019-05-06,SJC_Gold,36.33,36.37,42.11201689121255,11.149872223814771
2019-05-08,2019-05-07,SJC_Gold,36.37,36.33,42.11201689121255,11.149872223814771
2019-05-09,2019-05-08,SJC_Gold,36.35,36.37,42.11201689121255,11.149872223814771
2019-05-10,2019-05-09,SJC_Gold,36.41,36.35,42.11201689121255,11.149872223814771
2019-05-11,2019-05-10,SJC_Gold,36.43,36.41,42.11201689121255,11.149872223814771
2019-05-12,2019-05-11,SJC_Gold,36.43,36.43,42.11201689121255,11.149872223814771
2019-05-13,2019-05-12,SJC_Gold,36.37,36.43,42.11201689121255,11.149872223814771
2019-05-14,2019-05-13,SJC_Gold,36.55,36.37,42.11201689121255,11.149872223814771
2019-05-15,2019-05-14,SJC_Gold,36.51,36.55,42.11201689121255,11.149872223814771
2019-05-16,2019-05-15,SJC_Gold,36.51,36.51,42.11201689121255,11.149872223814771
2019-05-17,2019-05-16,SJC_Gold,36.47,36.51,42.11201689121255,11.149872223814771
2019-05-18,2019-05-17,SJC_Gold,36.43,36.47,42.11201689121255,11.149872223814771
2019-05-19,2019-05-18,SJC_Gold,36.43,36.43,42.11201689121255,11.149872223814771
2019-05-20,2019-05-19,SJC_Gold,36.37,36.43,42.11201689121255,11.149872223814771
2019-05-21,2019-05-20,SJC_Gold,36.32,36.37,42.11201689121255,11.149872223814771
2019-05-22,2019-05-21,SJC_Gold,36.3,36.32,42.11201689121255,11.149872223814771
2019-05-23,2019-05-22,SJC_Gold,36.33,36.3,42.11201689121255,11.149872223814771
2019-05-24,2019-05-23,SJC_Gold,36.42,36.33,42.11201689121255,11.149872223814771
2019-05-25,2019-05-24,SJC_Gold,36.45,36.42,42.11201689121255,11.149872223814771
2019-05-26,2019-05-25,SJC_Gold,36.45,36.45,42.11201689121255,11.149872223814771
2019-05-27,2019-05-26,SJC_Gold,36.45,36.45,42.11201689121255,11.149872223814771
2019-05-28,2019-05-27,SJC_Gold,36.4,36.45,42.11201689121255,11.149872223814771
2019-05-29,2019-05-28,SJC_Gold,36.36,36.4,42.11201689121255,11.149872223814771
2019-05-30,2019-05-29,SJC_Gold,36.34,36.36,42.11201689121255,11.149872223814771
2019-05-31,2019-05-30,SJC_Gold,36.5,36.34,42.11201689121255,11.149872223814771
2019-06-01,2019-05-31,SJC_Gold,36.7,36.5,42.11201689121255,11.149872223814771
2019-06-02,2019-06-01,SJC_Gold,36.7,36.7,42.11201689121255,11.149872223814771
2019-06-03,2019-06-02,SJC_Gold,36.81,36.7,42.11201689121255,11.149872223814771
2019-06-04,2019-06-03,SJC_Gold,37.02,36.81,42.11201689121255,11.149872223814771
2019-06-05,2019-06-04,SJC_Gold,37.15,37.02,42.11201689121255,11.149872223814771
2019-06-06,2019-06-05,SJC_Gold,37.2,37.15,42.11201689121255,11.149872223814771
2019-06-07,2019-06-06,SJC_Gold,37.2,37.2,42.11201689121255,11.149872223814771
2019-06-08,2019-06-07,SJC_Gold,37.45,37.2,42.11201689121255,11.149872223814771
2019-06-09,2019-06-08,SJC_Gold,37.45,37.45,42.11201689121255,11.149872223814771
2019-06-10,2019-06-09,SJC_Gold,37.25,37.45,42.11201689121255,11.149872223814771
2019-06-11,2019-06-10,SJC_Gold,37.11,37.25,42.11201689121255,11.149872223814771
2019-06-12,2019-06-11,SJC_Gold,37.4,37.11,42.11201689121255,11.149872223814771
2019-06-13,2019-06-12,SJC_Gold,37.4,37.4,42.11201689121255,11.149872223814771
2019-06-14,2019-06-13,SJC_Gold,37.8,37.4,42.11201689121255,11.149872223814771
2019-06-15,2019-06-14,SJC_Gold,37.6,37.8,42.11201689121255,11.149872223814771
2019-06-16,2019-06-15,SJC_Gold,37.6,37.6,42.11201689121255,11.149872223814771
2019-06-17,2019-06-16,SJC_Gold,37.5,37.6,42.11201689121255,11.149872223814771
2019-06-18,2019-06-17,SJC_Gold,37.7,37.5,42.11201689121255,11.149872223814771
2019-06-19,2019-06-18,SJC_Gold,37.6,37.7,42.11201689121255,11.149872223814771
2019-06-20,2019-06-19,SJC_Gold,38.43,37.6,42.11201689121255,11.149872223814771
2019-06-21,2019-06-20,SJC_Gold,38.65,38.43,42.11201689121255,11.149872223814771
2019-06-22,2019-06-21,SJC_Gold,38.85,38.65,42.11201689121255,11.149872223814771
2019-06-23,2019-06-22,SJC_Gold,38.85,38.85,42.11201689121255,11.149872223814771
2019-06-24,2019-06-23,SJC_Gold,38.85,38.85,42.11201689121255,11.149872223814771
2019-06-25,2019-06-24,SJC_Gold,39.4,38.85,42.11201689121255,11.149872223814771
2019-06-26,2019-06-25,SJC_Gold,39.05,39.4,42.11201689121255,11.149872223814771
2019-06-27,2019-06-26,SJC_Gold,38.7,39.05,42.11201689121255,11.149872223814771
2019-06-28,2019-06-27,SJC_Gold,38.9,38.7,42.11201689121255,11.149872223814771
2019-06-29,2019-06-28,SJC_Gold,38.9,38.9,42.11201689121255,11.149872223814771
2019-06-30,2019-06-29,SJC_Gold,38.9,38.9,42.11201689121255,11.149872223814771
2019-07-01,2019-06-30,SJC_Gold,38.35,38.9,42.11201689121255,11.149872223814771
2019-07-02,2019-07-01,SJC_Gold,38.45,38.35,42.11201689121255,11.149872223814771
2019-07-03,2019-07-02,SJC_Gold,39.15,38.45,42.11201689121255,11.149872223814771
2019-07-04,2019-07-03,SJC_Gold,39.0,39.15,42.11201689121255,11.149872223814771
2019-07-05,2019-07-04,SJC_Gold,39.1,39.0,42.11201689121255,11.149872223814771
2019-07-06,2019-07-05,SJC_Gold,38.8,39.1,42.11201689121255,11.149872223814771
2019-07-07,2019-07-06,SJC_Gold,38.8,38.8,42.11201689121255,11.149872223814771
2019-07-08,2019-07-07,SJC_Gold,39.05,38.8,42.11201689121255,11.149872223814771
2019-07-09,2019-07-08,SJC_Gold,38.75,39.05,42.11201689121255,11.149872223814771
2019-07-10,2019-07-09,SJC_Gold,38.9,38.75,42.11201689121255,11.149872223814771
2019-07-11,2019-07-10,SJC_Gold,39.35,38.9,42.11201689121255,11.149872223814771
2019-07-12,2019-07-11,SJC_Gold,39.15,39.35,42.11201689121255,11.149872223814771
2019-07-13,2019-07-12,SJC_Gold,39.25,39.15,42.11201689121255,11.149872223814771
2019-07-14,2019-07-13,SJC_Gold,39.25,39.25,42.11201689121255,11.149872223814771
2019-07-15,2019-07-14,SJC_Gold,39.3,39.25,42.11201689121255,11.149872223814771
2019-07-16,2019-07-15,SJC_Gold,39.25,39.3,42.11201689121255,11.149872223814771
2019-07-17,2019-07-16,SJC_Gold,39.15,39.25,42.11201689121255,11.149872223814771
2019-07-18,2019-07-17,SJC_Gold,39.42,39.15,42.11201689121255,11.149872223814771
2019-07-19,2019-07-18,SJC_Gold,39.9,39.42,42.11201689121255,11.149872223814771
2019-07-20,2019-07-19,SJC_Gold,39.7,39.9,42.11201689121255,11.149872223814771
2019-07-21,2019-07-20,SJC_Gold,39.7,39.7,42.11201689121255,11.149872223814771
2019-07-22,2019-07-21,SJC_Gold,39.75,39.7,42.11201689121255,11.149872223814771
2019-07-23,2019-07-22,SJC_Gold,39.6,39.75,42.11201689121255,11.149872223814771
2019-07-24,2019-07-23,SJC_Gold,39.74,39.6,42.11201689121255,11.149872223814771
2019-07-25,2019-07-24,SJC_Gold,39.8,39.74,42.11201689121255,11.149872223814771
2019-07-26,2019-07-25,SJC_Gold,39.62,39.8,42.11201689121255,11.149872223814771
2019-07-27,2019-07-26,SJC_Gold,39.67,39.62,42.11201689121255,11.149872223814771
2019-07-28,2019-07-27,SJC_Gold,39.67,39.67,42.11201689121255,11.149872223814771
2019-07-29,2019-07-28,SJC_Gold,39.62,39.67,42.11201689121255,11.149872223814771
2019-07-30,2019-07-29,SJC_Gold,39.73,39.62,42.11201689121255,11.149872223814771
2019-07-31,2019-07-30,SJC_Gold,39.8,39.73,42.11201689121255,11.149872223814771
2019-08-01,2019-07-31,SJC_Gold,39.44,39.8,42.11201689121255,11.149872223814771
2019-08-02,2019-08-01,SJC_Gold,39.9,39.44,42.11201689121255,11.149872223814771
2019-08-03,2019-08-02,SJC_Gold,39.95,39.9,42.11201689121255,11.149872223814771
2019-08-04,2019-08-03,SJC_Gold,39.95,39.95,42.11201689121255,11.149872223814771
2019-08-05,2019-08-04,SJC_Gold,40.55,39.95,42.11201689121255,11.149872223814771
2019-08-06,2019-08-05,SJC_Gold,40.8,40.55,42.11201689121255,11.149872223814771
2019-08-07,2019-08-06,SJC_Gold,41.6,40.8,42.11201689121255,11.149872223814771
2019-08-08,2019-08-07,SJC_Gold,42.25,41.6,42.11201689121255,11.149872223814771
2019-08-09,2019-08-08,SJC_Gold,42.05,42.25,42.11201689121255,11.149872223814771
2019-08-10,2019-08-09,SJC_Gold,41.85,42.05,42.11201689121255,11.149872223814771
2019-08-11,2019-08-10,SJC_Gold,41.85,41.85,42.11201689121255,11.149872223814771
2019-08-12,2019-08-11,SJC_Gold,41.7,41.85,42.11201689121255,11.149872223814771
2019-08-13,2019-08-12,SJC_Gold,42.2,41.7,42.11201689121255,11.149872223814771
2019-08-14,2019-08-13,SJC_Gold,41.65,42.2,42.11201689121255,11.149872223814771
2019-08-15,2019-08-14,SJC_Gold,42.0,41.65,42.11201689121255,11.149872223814771
2019-08-16,2019-08-15,SJC_Gold,41.85,42.0,42.11201689121255,11.149872223814771
2019-08-17,2019-08-16,SJC_Gold,41.9,41.85,42.11201689121255,11.149872223814771
2019-08-18,2019-08-17,SJC_Gold,41.9,41.9,42.11201689121255,11.149872223814771
2019-08-19,2019-08-18,SJC_Gold,41.65,41.9,42.11201689121255,11.149872223814771
2019-08-20,2019-08-19,SJC_Gold,41.75,41.65,42.11201689121255,11.149872223814771
2019-08-21,2019-08-20,SJC_Gold,41.6,41.75,42.11201689121255,11.149872223814771
2019-08-22,2019-08-21,SJC_Gold,41.73,41.6,42.11201689121255,11.149872223814771
2019-08-23,2019-08-22,SJC_Gold,41.75,41.73,42.11201689121255,11.149872223814771
2019-08-24,2019-08-23,SJC_Gold,42.4,41.75,42.11201689121255,11.149872223814771
2019-08-25,2019-08-24,SJC_Gold,42.4,42.4,42.11201689121255,11.149872223814771
2019-08-26,2019-08-25,SJC_Gold,42.8,42.4,42.11201689121255,11.149872223814771
2019-08-27,2019-08-26,SJC_Gold,42.7,42.8,42.11201689121255,11.149872223814771
2019-08-28,2019-08-27,SJC_Gold,42.8,42.7,42.11201689121255,11.149872223814771
2019-08-29,2019-08-28,SJC_Gold,42.9,42.8,42.11201689121255,11.149872223814771
2019-08-30,2019-08-29,SJC_Gold,42.65,42.9,42.11201689121255,11.149872223814771
2019-08-31,2019-08-30,SJC_Gold,42.6,42.65,42.11201689121255,11.149872223814771
2019-09-01,2019-08-31,SJC_Gold,42.6,42.6,42.11201689121255,11.149872223814771
2019-09-02,2019-09-01,SJC_Gold,42.6,42.6,42.11201689121255,11.149872223814771
2019-09-03,2019-09-02,SJC_Gold,42.65,42.6,42.11201689121255,11.149872223814771
2019-09-04,2019-09-03,SJC_Gold,42.75,42.65,42.11201689121255,11.149872223814771
2019-09-05,2019-09-04,SJC_Gold,42.9,42.75,42.11201689121255,11.149872223814771
2019-09-06,2019-09-05,SJC_Gold,42.45,42.9,42.11201689121255,11.149872223814771
2019-09-07,2019-09-06,SJC_Gold,42.45,42.45,42.11201689121255,11.149872223814771
2019-09-08,2019-09-07,SJC_Gold,42.45,42.45,42.11201689121255,11.149872223814771
2019-09-09,2019-09-08,SJC_Gold,42.1,42.45,42.11201689121255,11.149872223814771
2019-09-10,2019-09-09,SJC_Gold,41.8,42.1,42.11201689121255,11.149872223814771
2019-09-11,2019-09-10,SJC_Gold,41.7,41.8,42.11201689121255,11.149872223814771
2019-09-12,2019-09-11,SJC_Gold,41.95,41.7,42.11201689121255,11.149872223814771
2019-09-13,2019-09-12,SJC_Gold,42.15,41.95,42.11201689121255,11.149872223814771
2019-09-14,2019-09-13,SJC_Gold,41.9,42.15,42.11201689121255,11.149872223814771
2019-09-15,2019-09-14,SJC_Gold,41.9,41.9,42.11201689121255,11.149872223814771
2019-09-16,2019-09-15,SJC_Gold,41.95,41.9,42.11201689121255,11.149872223814771
2019-09-17,2019-09-16,SJC_Gold,41.85,41.95,42.11201689121255,11.149872223814771
2019-09-18,2019-09-17,SJC_Gold,41.95,41.85,42.11201689121255,11.149872223814771
2019-09-19,2019-09-18,SJC_Gold,41.95,41.95,42.11201689121255,11.149872223814771
2019-09-20,2019-09-19,SJC_Gold,41.95,41.95,42.11201689121255,11.149872223814771
2019-09-21,2019-09-20,SJC_Gold,42.2,41.95,42.11201689121255,11.149872223814771
2019-09-22,2019-09-21,SJC_Gold,42.2,42.2,42.11201689121255,11.149872223814771
2019-09-23,2019-09-22,SJC_Gold,42.28,42.2,42.11201689121255,11.149872223814771
2019-09-24,2019-09-23,SJC_Gold,42.35,42.28,42.11201689121255,11.149872223814771
2019-09-25,2019-09-24,SJC_Gold,42.6,42.35,42.11201689121255,11.149872223814771
2019-09-26,2019-09-25,SJC_Gold,42.25,42.6,42.11201689121255,11.149872223814771
2019-09-27,2019-09-26,SJC_Gold,42.0,42.25,42.11201689121255,11.149872223814771
2019-09-28,2019-09-27,SJC_Gold,42.0,42.0,42.11201689121255,11.149872223814771
2019-09-29,2019-09-28,SJC_Gold,42.0,42.0,42.11201689121255,11.149872223814771
2019-09-30,2019-09-29,SJC_Gold,41.8,42.0,42.11201689121255,11.149872223814771
2019-10-01,2019-09-30,SJC_Gold,41.25,41.8,42.11201689121255,11.149872223814771
2019-10-02,2019-10-01,SJC_Gold,41.55,41.25,42.11201689121255,11.149872223814771
2019-10-03,2019-10-02,SJC_Gold,41.95,41.55,42.11201689121255,11.149872223814771
2019-10-04,2019-10-03,SJC_Gold,42.05,41.95,42.11201689121255,11.149872223814771
2019-10-05,2019-10-04,SJC_Gold,42.05,42.05,42.11201689121255,11.149872223814771
2019-10-06,2019-10-05,SJC_Gold,42.05,42.05,42.11201689121255,11.149872223814771
2019-10-07,2019-10-06,SJC_Gold,41.95,42.05,42.11201689121255,11.149872223814771
2019-10-08,2019-10-07,SJC_Gold,41.85,41.95,42.11201689121255,11.149872223814771
2019-10-09,2019-10-08,SJC_Gold,42.04,41.85,42.11201689121255,11.149872223814771
2019-10-10,2019-10-09,SJC_Gold,42.05,42.04,42.11201689121255,11.149872223814771
2019-10-11,2019-10-10,SJC_Gold,42.02,42.05,42.11201689121255,11.149872223814771
2019-10-12,2019-10-11,SJC_Gold,41.8,42.02,42.11201689121255,11.149872223814771
2019-10-13,2019-10-12,SJC_Gold,41.8,41.8,42.11201689121255,11.149872223814771
2019-10-14,2019-10-13,SJC_Gold,41.83,41.8,42.11201689121255,11.149872223814771
2019-10-15,2019-10-14,SJC_Gold,41.74,41.83,42.11201689121255,11.149872223814771
2019-10-16,2019-10-15,SJC_Gold,41.69,41.74,42.11201689121255,11.149872223814771
2019-10-17,2019-10-16,SJC_Gold,41.7,41.69,42.11201689121255,11.149872223814771
2019-10-18,2019-10-17,SJC_Gold,41.75,41.7,42.11201689121255,11.149872223814771
2019-10-19,2019-10-18,SJC_Gold,41.75,41.75,42.11201689121255,11.149872223814771
2019-10-20,2019-10-19,SJC_Gold,41.75,41.75,42.11201689121255,11.149872223814771
2019-10-21,2019-10-20,SJC_Gold,41.77,41.75,42.11201689121255,11.149872223814771
2019-10-22,2019-10-21,SJC_Gold,41.72,41.77,42.11201689121255,11.149872223814771
2019-10-23,2019-10-22,SJC_Gold,41.82,41.72,42.11201689121255,11.149872223814771
2019-10-24,2019-10-23,SJC_Gold,41.76,41.82,42.11201689121255,11.149872223814771
2019-10-25,2019-10-24,SJC_Gold,41.93,41.76,42.11201689121255,11.149872223814771
2019-10-26,2019-10-25,SJC_Gold,41.95,41.93,42.11201689121255,11.149872223814771
2019-10-27,2019-10-26,SJC_Gold,41.95,41.95,42.11201689121255,11.149872223814771
2019-10-28,2019-10-27,SJC_Gold,41.98,41.95,42.11201689121255,11.149872223814771
2019-10-29,2019-10-28,SJC_Gold,41.91,41.98,42.11201689121255,11.149872223814771
2019-10-30,2019-10-29,SJC_Gold,41.81,41.91,42.11201689121255,11.149872223814771
2019-10-31,2019-10-30,SJC_Gold,41.96,41.81,42.11201689121255,11.149872223814771
2019-11-01,2019-10-31,SJC_Gold,42.14,41.96,42.11201689121255,11.149872223814771
2019-11-02,2019-11-01,SJC_Gold,42.16,42.14,42.11201689121255,11.149872223814771
2019-11-03,2019-11-02,SJC_Gold,42.16,42.16,42.11201689121255,11.149872223814771
2019-11-04,2019-11-03,SJC_Gold,42.05,42.16,42.11201689121255,11.149872223814771
2019-11-05,2019-11-04,SJC_Gold,41.98,42.05,42.11201689121255,11.149872223814771
2019-11-06,2019-11-05,SJC_Gold,41.84,41.98,42.11201689121255,11.149872223814771
2019-11-07,2019-11-06,SJC_Gold,41.87,41.84,42.11201689121255,11.149872223814771
2019-11-08,2019-11-07,SJC_Gold,41.65,41.87,42.11201689121255,11.149872223814771
2019-11-09,2019-11-08,SJC_Gold,41.54,41.65,42.11201689121255,11.149872223814771
2019-11-10,2019-11-09,SJC_Gold,41.54,41.54,42.11201689121255,11.149872223814771
2019-11-11,2019-11-10,SJC_Gold,41.56,41.54,42.11201689121255,11.149872223814771
2019-11-12,2019-11-11,SJC_Gold,41.34,41.56,42.11201689121255,11.149872223814771
2019-11-13,2019-11-12,SJC_Gold,41.42,41.34,42.11201689121255,11.149872223814771
2019-11-14,2019-11-13,SJC_Gold,41.5,41.42,42.11201689121255,11.149872223814771
2019-11-15,2019-11-14,SJC_Gold,41.48,41.5,42.11201689121255,11.149872223814771
2019-11-16,2019-11-15,SJC_Gold,41.52,41.48,42.11201689121255,11.149872223814771
2019-11-17,2019-11-16,SJC_Gold,41.52,41.52,42.11201689121255,11.149872223814771
2019-11-18,2019-11-17,SJC_Gold,41.41,41.52,42.11201689121255,11.149872223814771
2019-11-19,2019-11-18,SJC_Gold,41.48,41.41,42.11201689121255,11.149872223814771
2019-11-20,2019-11-19,SJC_Gold,41.64,41.48,42.11201689121255,11.149872223814771
2019-11-21,2019-11-20,SJC_Gold,41.63,41.64,42.11201689121255,11.149872223814771
2019-11-22,2019-11-21,SJC_Gold,41.62,41.63,42.11201689121255,11.149872223814771
2019-11-23,2019-11-22,SJC_Gold,41.52,41.62,42.11201689121255,11.149872223814771
2019-11-24,2019-11-23,SJC_Gold,41.52,41.52,42.11201689121255,11.149872223814771
2019-11-25,2019-11-24,SJC_Gold,41.4,41.52,42.11201689121255,11.149872223814771
2019-11-26,2019-11-25,SJC_Gold,41.4,41.4,42.11201689121255,11.149872223814771
2019-11-27,2019-11-26,SJC_Gold,41.4,41.4,42.11201689121255,11.149872223814771
2019-11-28,2019-11-27,SJC_Gold,41.33,41.4,42.11201689121255,11.149872223814771
2019-11-29,2019-11-28,SJC_Gold,41.4,41.33,42.11201689121255,11.149872223814771
2019-11-30,2019-11-29,SJC_Gold,41.47,41.4,42.11201689121255,11.149872223814771
2019-12-01,2019-11-30,SJC_Gold,41.47,41.47,42.11201689121255,11.149872223814771
2019-12-02,2019-12-01,SJC_Gold,41.35,41.47,42.11201689121255,11.149872223814771
2019-12-03,2019-12-02,SJC_Gold,41.44,41.35,42.11201689121255,11.149872223814771
2019-12-04,2019-12-03,SJC_Gold,41.58,41.44,42.11201689121255,11.149872223814771
2019-12-05,2019-12-04,SJC_Gold,41.58,41.58,42.11201689121255,11.149872223814771
2019-12-06,2019-12-05,SJC_Gold,41.55,41.58,42.11201689121255,11.149872223814771
2019-12-07,2019-12-06,SJC_Gold,41.45,41.55,42.11201689121255,11.149872223814771
2019-12-08,2019-12-07,SJC_Gold,41.45,41.45,42.11201689121255,11.149872223814771
2019-12-09,2019-12-08,SJC_Gold,41.42,41.45,42.11201689121255,11.149872223814771
2019-12-10,2019-12-09,SJC_Gold,41.45,41.42,42.11201689121255,11.149872223814771
2019-12-11,2019-12-10,SJC_Gold,41.44,41.45,42.11201689121255,11.149872223814771
2019-12-12,2019-12-11,SJC_Gold,41.53,41.44,42.11201689121255,11.149872223814771
2019-12-13,2019-12-12,SJC_Gold,41.52,41.53,42.11201689121255,11.149872223814771
2019-12-14,2019-12-13,SJC_Gold,41.53,41.52,42.11201689121255,11.149872223814771
2019-12-15,2019-12-14,SJC_Gold,41.53,41.53,42.11201689121255,11.149872223814771
2019-12-16,2019-12-15,SJC_Gold,41.6,41.53,42.11201689121255,11.149872223814771
2019-12-17,2019-12-16,SJC_Gold,41.63,41.6,42.11201689121255,11.149872223814771
2019-12-18,2019-12-17,SJC_Gold,41.64,41.63,42.11201689121255,11.149872223814771
2019-12-19,2019-12-18,SJC_Gold,41.58,41.64,42.11201689121255,11.149872223814771
2019-12-20,2019-12-19,SJC_Gold,41.63,41.58,42.11201689121255,11.149872223814771
2019-12-21,2019-12-20,SJC_Gold,41.65,41.63,42.11201689121255,11.149872223814771
2019-12-22,2019-12-21,SJC_Gold,41.65,41.65,42.11201689121255,11.149872223814771
2019-12-23,2019-12-22,SJC_Gold,41.74,41.65,42.11201689121255,11.149872223814771
2019-12-24,2019-12-23,SJC_Gold,41.89,41.74,42.11201689121255,11.149872223814771
2019-12-25,2019-12-24,SJC_Gold,42.12,41.89,42.11201689121255,11.149872223814771
2019-12-26,2019-12-25,SJC_Gold,42.2,42.12,42.11201689121255,11.149872223814771
2019-12-27,2019-12-26,SJC_Gold,42.37,42.2,42.11201689121255,11.149872223814771
2019-12-28,2019-12-27,SJC_Gold,42.45,42.37,42.11201689121255,11.149872223814771
2019-12-29,2019-12-28,SJC_Gold,42.45,42.45,42.11201689121255,11.149872223814771
2019-12-30,2019-12-29,SJC_Gold,42.53,42.45,42.11201689121255,11.149872223814771
2019-12-31,2019-12-30,SJC_Gold,42.75,42.53,42.11201689121255,11.149872223814771
2020-01-01,2019-12-31,SJC_Gold,42.75,42.75,42.11201689121255,11.149872223814771
2020-01-02,2020-01-01,SJC_Gold,42.64,42.75,42.11201689121255,11.149872223814771
2020-01-03,2020-01-02,SJC_Gold,43.03,42.64,42.11201689121255,11.149872223814771
2020-01-04,2020-01-03,SJC_Gold,43.3,43.03,42.11201689121255,11.149872223814771
2020-01-05,2020-01-04,SJC_Gold,43.3,43.3,42.11201689121255,11.149872223814771
2020-01-06,2020-01-05,SJC_Gold,44.45,43.3,42.11201689121255,11.149872223814771
2020-01-07,2020-01-06,SJC_Gold,44.0,44.45,42.11201689121255,11.149872223814771
2020-01-08,2020-01-07,SJC_Gold,44.5,44.0,42.11201689121255,11.149872223814771
2020-01-09,2020-01-08,SJC_Gold,43.45,44.5,42.11201689121255,11.149872223814771
2020-01-10,2020-01-09,SJC_Gold,43.35,43.45,42.11201689121255,11.149872223814771
2020-01-11,2020-01-10,SJC_Gold,43.65,43.35,42.11201689121255,11.149872223814771
2020-01-12,2020-01-11,SJC_Gold,43.65,43.65,42.11201689121255,11.149872223814771
2020-01-13,2020-01-12,SJC_Gold,43.3,43.65,42.11201689121255,11.149872223814771
2020-01-14,2020-01-13,SJC_Gold,43.25,43.3,42.11201689121255,11.149872223814771
2020-01-15,2020-01-14,SJC_Gold,43.3,43.25,42.11201689121255,11.149872223814771
2020-01-16,2020-01-15,SJC_Gold,43.35,43.3,42.11201689121255,11.149872223814771
2020-01-17,2020-01-16,SJC_Gold,43.45,43.35,42.11201689121255,11.149872223814771
2020-01-18,2020-01-17,SJC_Gold,43.55,43.45,42.11201689121255,11.149872223814771
2020-01-19,2020-01-18,SJC_Gold,43.55,43.55,42.11201689121255,11.149872223814771
2020-01-20,2020-01-19,SJC_Gold,43.85,43.55,42.11201689121255,11.149872223814771
2020-01-21,2020-01-20,SJC_Gold,43.85,43.85,42.11201689121255,11.149872223814771
2020-01-22,2020-01-21,SJC_Gold,43.75,43.85,42.11201689121255,11.149872223814771
2020-01-23,2020-01-22,SJC_Gold,43.75,43.75,42.11201689121255,11.149872223814771
2020-01-24,2020-01-23,SJC_Gold,43.75,43.75,42.11201689121255,11.149872223814771
2020-01-25,2020-01-24,SJC_Gold,43.75,43.75,42.11201689121255,11.149872223814771
2020-01-26,2020-01-25,SJC_Gold,43.75,43.75,42.11201689121255,11.149872223814771
2020-01-27,2020-01-26,SJC_Gold,43.75,43.75,42.11201689121255,11.149872223814771
2020-01-28,2020-01-27,SJC_Gold,43.75,43.75,42.11201689121255,11.149872223814771
2020-01-29,2020-01-28,SJC_Gold,43.75,43.75,42.11201689121255,11.149872223814771
2020-01-30,2020-01-29,SJC_Gold,44.6,43.75,42.11201689121255,11.149872223814771
2020-01-31,2020-01-30,SJC_Gold,44.65,44.6,42.11201689121255,11.149872223814771
2020-02-01,2020-01-31,SJC_Gold,44.95,44.65,42.11201689121255,11.149872223814771
2020-02-02,2020-02-01,SJC_Gold,44.85,44.95,42.11201689121255,11.149872223814771
2020-02-03,2020-02-02,SJC_Gold,44.45,44.85,42.11201689121255,11.149872223814771
2020-02-04,2020-02-03,SJC_Gold,43.95,44.45,42.11201689121255,11.149872223814771
2020-02-05,2020-02-04,SJC_Gold,43.9,43.95,42.11201689121255,11.149872223814771
2020-02-06,2020-02-05,SJC_Gold,43.95,43.9,42.11201689121255,11.149872223814771
2020-02-07,2020-02-06,SJC_Gold,44.0,43.95,42.11201689121255,11.149872223814771
2020-02-08,2020-02-07,SJC_Gold,44.2,44.0,42.11201689121255,11.149872223814771
2020-02-09,2020-02-08,SJC_Gold,44.2,44.2,42.11201689121255,11.149872223814771
2020-02-10,2020-02-09,SJC_Gold,44.35,44.2,42.11201689121255,11.149872223814771
2020-02-11,2020-02-10,SJC_Gold,44.2,44.35,42.11201689121255,11.149872223814771
2020-02-12,2020-02-11,SJC_Gold,44.2,44.2,42.11201689121255,11.149872223814771
2020-02-13,2020-02-12,SJC_Gold,44.3,44.2,42.11201689121255,11.149872223814771
2020-02-14,2020-02-13,SJC_Gold,44.25,44.3,42.11201689121255,11.149872223814771
2020-02-15,2020-02-14,SJC_Gold,44.4,44.25,42.11201689121255,11.149872223814771
2020-02-16,2020-02-15,SJC_Gold,44.4,44.4,42.11201689121255,11.149872223814771
2020-02-17,2020-02-16,SJC_Gold,44.45,44.4,42.11201689121255,11.149872223814771
2020-02-18,2020-02-17,SJC_Gold,44.63,44.45,42.11201689121255,11.149872223814771
2020-02-19,2020-02-18,SJC_Gold,45.05,44.63,42.11201689121255,11.149872223814771
2020-02-20,2020-02-19,SJC_Gold,45.0,45.05,42.11201689121255,11.149872223814771
2020-02-21,2020-02-20,SJC_Gold,45.65,45.0,42.11201689121255,11.149872223814771
2020-02-22,2020-02-21,SJC_Gold,46.05,45.65,42.11201689121255,11.149872223814771
2020-02-23,2020-02-22,SJC_Gold,46.05,46.05,42.11201689121255,11.149872223814771
2020-02-24,2020-02-23,SJC_Gold,49.0,46.05,42.11201689121255,11.149872223814771
2020-02-25,2020-02-24,SJC_Gold,47.4,49.0,42.11201689121255,11.149872223814771
2020-02-26,2020-02-25,SJC_Gold,46.95,47.4,42.11201689121255,11.149872223814771
2020-02-27,2020-02-26,SJC_Gold,46.7,46.95,42.11201689121255,11.149872223814771
2020-02-28,2020-02-27,SJC_Gold,46.5,46.7,42.11201689121255,11.149872223814771
2020-02-29,2020-02-28,SJC_Gold,45.8,46.5,42.11201689121255,11.149872223814771
2020-03-01,2020-02-29,SJC_Gold,45.8,45.8,42.11201689121255,11.149872223814771
2020-03-02,2020-03-01,SJC_Gold,46.45,45.8,42.11201689121255,11.149872223814771
2020-03-03,2020-03-02,SJC_Gold,46.4,46.45,42.11201689121255,11.149872223814771
2020-03-04,2020-03-03,SJC_Gold,47.0,46.4,42.11201689121255,11.149872223814771
2020-03-05,2020-03-04,SJC_Gold,46.95,47.0,42.11201689121255,11.149872223814771
2020-03-06,2020-03-05,SJC_Gold,47.3,46.95,42.11201689121255,11.149872223814771
2020-03-07,2020-03-06,SJC_Gold,47.3,47.3,42.11201689121255,11.149872223814771
2020-03-08,2020-03-07,SJC_Gold,47.3,47.3,42.11201689121255,11.149872223814771
2020-03-09,2020-03-08,SJC_Gold,47.85,47.3,42.11201689121255,11.149872223814771
2020-03-10,2020-03-09,SJC_Gold,47.55,47.85,42.11201689121255,11.149872223814771
2020-03-11,2020-03-10,SJC_Gold,47.45,47.55,42.11201689121255,11.149872223814771
2020-03-12,2020-03-11,SJC_Gold,47.5,47.45,42.11201689121255,11.149872223814771
2020-03-13,2020-03-12,SJC_Gold,47.15,47.5,42.11201689121255,11.149872223814771
2020-03-14,2020-03-13,SJC_Gold,46.7,47.15,42.11201689121255,11.149872223814771
2020-03-15,2020-03-14,SJC_Gold,46.7,46.7,42.11201689121255,11.149872223814771
2020-03-16,2020-03-15,SJC_Gold,46.8,46.7,42.11201689121255,11.149872223814771
2020-03-17,2020-03-16,SJC_Gold,45.9,46.8,42.11201689121255,11.149872223814771
2020-03-18,2020-03-17,SJC_Gold,46.25,45.9,42.11201689121255,11.149872223814771
2020-03-19,2020-03-18,SJC_Gold,46.6,46.25,42.11201689121255,11.149872223814771
2020-03-20,2020-03-19,SJC_Gold,46.65,46.6,42.11201689121255,11.149872223814771
2020-03-21,2020-03-20,SJC_Gold,46.55,46.65,42.11201689121255,11.149872223814771
2020-03-22,2020-03-21,SJC_Gold,46.55,46.55,42.11201689121255,11.149872223814771
2020-03-23,2020-03-22,SJC_Gold,46.5,46.55,42.11201689121255,11.149872223814771
2020-03-24,2020-03-23,SJC_Gold,47.2,46.5,42.11201689121255,11.149872223814771
2020-03-25,2020-03-24,SJC_Gold,47.35,47.2,42.11201689121255,11.149872223814771
2020-03-26,2020-03-25,SJC_Gold,47.45,47.35,42.11201689121255,11.149872223814771
2020-03-27,2020-03-26,SJC_Gold,47.75,47.45,42.11201689121255,11.149872223814771
2020-03-28,2020-03-27,SJC_Gold,47.9,47.75,42.11201689121255,11.149872223814771
2020-03-29,2020-03-28,SJC_Gold,47.9,47.9,42.11201689121255,11.149872223814771
2020-03-30,2020-03-29,SJC_Gold,48.35,47.9,42.11201689121255,11.149872223814771
2020-03-31,2020-03-30,SJC_Gold,48.2,48.35,42.11201689121255,11.149872223814771
2020-04-01,2020-03-31,SJC_Gold,48.05,48.2,42.11201689121255,11.149872223814771
2020-04-02,2020-04-01,SJC_Gold,48.05,48.05,42.11201689121255,11.149872223814771
2020-04-03,2020-04-02,SJC_Gold,48.05,48.05,42.11201689121255,11.149872223814771
2020-04-04,2020-04-03,SJC_Gold,48.05,48.05,42.11201689121255,11.149872223814771
2020-04-05,2020-04-04,SJC_Gold,48.05,48.05,42.11201689121255,11.149872223814771
2020-04-06,2020-04-05,SJC_Gold,48.1,48.05,42.11201689121255,11.149872223814771
2020-04-07,2020-04-06,SJC_Gold,48.1,48.1,42.11201689121255,11.149872223814771
2020-04-08,2020-04-07,SJC_Gold,48.0,48.1,42.11201689121255,11.149872223814771
2020-04-09,2020-04-08,SJC_Gold,48.1,48.0,42.11201689121255,11.149872223814771
2020-04-10,2020-04-09,SJC_Gold,48.25,48.1,42.11201689121255,11.149872223814771
2020-04-11,2020-04-10,SJC_Gold,48.25,48.25,42.11201689121255,11.149872223814771
2020-04-12,2020-04-11,SJC_Gold,48.25,48.25,42.11201689121255,11.149872223814771
2020-04-13,2020-04-12,SJC_Gold,48.4,48.25,42.11201689121255,11.149872223814771
2020-04-14,2020-04-13,SJC_Gold,48.55,48.4,42.11201689121255,11.149872223814771
2020-04-15,2020-04-14,SJC_Gold,48.3,48.55,42.11201689121255,11.149872223814771
2020-04-16,2020-04-15,SJC_Gold,48.35,48.3,42.11201689121255,11.149872223814771
2020-04-17,2020-04-16,SJC_Gold,48.25,48.35,42.11201689121255,11.149872223814771
2020-04-18,2020-04-17,SJC_Gold,48.25,48.25,42.11201689121255,11.149872223814771
2020-04-19,2020-04-18,SJC_Gold,48.25,48.25,42.11201689121255,11.149872223814771
2020-04-20,2020-04-19,SJC_Gold,48.0,48.25,42.11201689121255,11.149872223814771
2020-04-21,2020-04-20,SJC_Gold,48.15,48.0,42.11201689121255,11.149872223814771
2020-04-22,2020-04-21,SJC_Gold,48.15,48.15,42.11201689121255,11.149872223814771
2020-04-23,2020-04-22,SJC_Gold,48.45,48.15,42.11201689121255,11.149872223814771
2020-04-24,2020-04-23,SJC_Gold,48.5,48.45,42.11201689121255,11.149872223814771
2020-04-25,2020-04-24,SJC_Gold,48.55,48.5,42.11201689121255,11.149872223814771
2020-04-26,2020-04-25,SJC_Gold,48.55,48.55,42.11201689121255,11.149872223814771
2020-04-27,2020-04-26,SJC_Gold,48.55,48.55,42.11201689121255,11.149872223814771
2020-04-28,2020-04-27,SJC_Gold,48.6,48.55,42.11201689121255,11.149872223814771
2020-04-29,2020-04-28,SJC_Gold,48.5,48.6,42.11201689121255,11.149872223814771
2020-04-30,2020-04-29,SJC_Gold,48.5,48.5,42.11201689121255,11.149872223814771
2020-05-01,2020-04-30,SJC_Gold,48.5,48.5,42.11201689121255,11.149872223814771
2020-05-02,2020-05-01,SJC_Gold,48.5,48.5,42.11201689121255,11.149872223814771
2020-05-03,2020-05-02,SJC_Gold,48.5,48.5,42.11201689121255,11.149872223814771
2020-05-04,2020-05-03,SJC_Gold,48.5,48.5,42.11201689121255,11.149872223814771
2020-05-05,2020-05-04,SJC_Gold,48.45,48.5,42.11201689121255,11.149872223814771
2020-05-06,2020-05-05,SJC_Gold,48.45,48.45,42.11201689121255,11.149872223814771
2020-05-07,2020-05-06,SJC_Gold,48.25,48.45,42.11201689121255,11.149872223814771
2020-05-08,2020-05-07,SJC_Gold,48.4,48.25,42.11201689121255,11.149872223814771
2020-05-09,2020-05-08,SJC_Gold,48.25,48.4,42.11201689121255,11.149872223814771
2020-05-10,2020-05-09,SJC_Gold,48.25,48.25,42.11201689121255,11.149872223814771
2020-05-11,2020-05-10,SJC_Gold,48.25,48.25,42.11201689121255,11.149872223814771
2020-05-12,2020-05-11,SJC_Gold,48.35,48.25,42.11201689121255,11.149872223814771
2020-05-13,2020-05-12,SJC_Gold,48.4,48.35,42.11201689121255,11.149872223814771
2020-05-14,2020-05-13,SJC_Gold,48.55,48.4,42.11201689121255,11.149872223814771
2020-05-15,2020-05-14,SJC_Gold,48.67,48.55,42.11201689121255,11.149872223814771
2020-05-16,2020-05-15,SJC_Gold,48.75,48.67,42.11201689121255,11.149872223814771
2020-05-17,2020-05-16,SJC_Gold,48.75,48.75,42.11201689121255,11.149872223814771
2020-05-18,2020-05-17,SJC_Gold,49.4,48.75,42.11201689121255,11.149872223814771
2020-05-19,2020-05-18,SJC_Gold,49.03,49.4,42.11201689121255,11.149872223814771
2020-05-20,2020-05-19,SJC_Gold,49.1,49.03,42.11201689121255,11.149872223814771
2020-05-21,2020-05-20,SJC_Gold,48.95,49.1,42.11201689121255,11.149872223814771
2020-05-22,2020-05-21,SJC_Gold,48.95,48.95,42.11201689121255,11.149872223814771
2020-05-23,2020-05-22,SJC_Gold,48.9,48.95,42.11201689121255,11.149872223814771
2020-05-24,2020-05-23,SJC_Gold,48.9,48.9,42.11201689121255,11.149872223814771
2020-05-25,2020-05-24,SJC_Gold,48.9,48.9,42.11201689121255,11.149872223814771
2020-05-26,2020-05-25,SJC_Gold,48.85,48.9,42.11201689121255,11.149872223814771
2020-05-27,2020-05-26,SJC_Gold,48.7,48.85,42.11201689121255,11.149872223814771
2020-05-28,2020-05-27,SJC_Gold,48.8,48.7,42.11201689121255,11.149872223814771
2020-05-29,2020-05-28,SJC_Gold,48.87,48.8,42.11201689121255,11.149872223814771
2020-05-30,2020-05-29,SJC_Gold,48.9,48.87,42.11201689121255,11.149872223814771
2020-05-31,2020-05-30,SJC_Gold,48.9,48.9,42.11201689121255,11.149872223814771
2020-06-01,2020-05-31,SJC_Gold,49.0,48.9,42.11201689121255,11.149872223814771
2020-06-02,2020-06-01,SJC_Gold,48.97,49.0,42.11201689121255,11.149872223814771
2020-06-03,2020-06-02,SJC_Gold,48.83,48.97,42.11201689121255,11.149872223814771
2020-06-04,2020-06-03,SJC_Gold,48.8,48.83,42.11201689121255,11.149872223814771
2020-06-05,2020-06-04,SJC_Gold,48.82,48.8,42.11201689121255,11.149872223814771
2020-06-06,2020-06-05,SJC_Gold,48.65,48.82,42.11201689121255,11.149872223814771
2020-06-07,2020-06-06,SJC_Gold,48.65,48.65,42.11201689121255,11.149872223814771
2020-06-08,2020-06-07,SJC_Gold,48.7,48.65,42.11201689121255,11.149872223814771
2020-06-09,2020-06-08,SJC_Gold,48.72,48.7,42.11201689121255,11.149872223814771
2020-06-10,2020-06-09,SJC_Gold,48.77,48.72,42.11201689121255,11.149872223814771
2020-06-11,2020-06-10,SJC_Gold,48.8,48.77,42.11201689121255,11.149872223814771
2020-06-12,2020-06-11,SJC_Gold,48.8,48.8,42.11201689121255,11.149872223814771
2020-06-13,2020-06-12,SJC_Gold,48.77,48.8,42.11201689121255,11.149872223814771
2020-06-14,2020-06-13,SJC_Gold,48.77,48.77,42.11201689121255,11.149872223814771
2020-06-15,2020-06-14,SJC_Gold,48.72,48.77,42.11201689121255,11.149872223814771
2020-06-16,2020-06-15,SJC_Gold,48.67,48.72,42.11201689121255,11.149872223814771
2020-06-17,2020-06-16,SJC_Gold,48.6,48.67,42.11201689121255,11.149872223814771
2020-06-18,2020-06-17,SJC_Gold,48.7,48.6,42.11201689121255,11.149872223814771
2020-06-19,2020-06-18,SJC_Gold,48.72,48.7,42.11201689121255,11.149872223814771
2020-06-20,2020-06-19,SJC_Gold,48.85,48.72,42.11201689121255,11.149872223814771
2020-06-21,2020-06-20,SJC_Gold,48.85,48.85,42.11201689121255,11.149872223814771
2020-06-22,2020-06-21,SJC_Gold,48.9,48.85,42.11201689121255,11.149872223814771
2020-06-23,2020-06-22,SJC_Gold,49.03,48.9,42.11201689121255,11.149872223814771
2020-06-24,2020-06-23,SJC_Gold,49.24,49.03,42.11201689121255,11.149872223814771
2020-06-25,2020-06-24,SJC_Gold,49.2,49.24,42.11201689121255,11.149872223814771
2020-06-26,2020-06-25,SJC_Gold,49.2,49.2,42.11201689121255,11.149872223814771
2020-06-27,2020-06-26,SJC_Gold,49.27,49.2,42.11201689121255,11.149872223814771
2020-06-28,2020-06-27,SJC_Gold,49.27,49.27,42.11201689121255,11.149872223814771
2020-06-29,2020-06-28,SJC_Gold,49.32,49.27,42.11201689121255,11.149872223814771
2020-06-30,2020-06-29,SJC_Gold,49.39,49.32,42.11201689121255,11.149872223814771
2020-07-01,2020-06-30,SJC_Gold,49.85,49.39,42.11201689121255,11.149872223814771
2020-07-02,2020-07-01,SJC_Gold,49.64,49.85,42.11201689121255,11.149872223814771
2020-07-03,2020-07-02,SJC_Gold,49.85,49.64,42.11201689121255,11.149872223814771
2020-07-04,2020-07-03,SJC_Gold,49.88,49.85,42.11201689121255,11.149872223814771
2020-07-05,2020-07-04,SJC_Gold,49.88,49.88,42.11201689121255,11.149872223814771
2020-07-06,2020-07-05,SJC_Gold,50.02,49.88,42.11201689121255,11.149872223814771
2020-07-07,2020-07-06,SJC_Gold,50.15,50.02,42.11201689121255,11.149872223814771
2020-07-08,2020-07-07,SJC_Gold,50.35,50.15,42.11201689121255,11.149872223814771
2020-07-09,2020-07-08,SJC_Gold,50.8,50.35,42.11201689121255,11.149872223814771
2020-07-10,2020-07-09,SJC_Gold,50.7,50.8,42.11201689121255,11.149872223814771
2020-07-11,2020-07-10,SJC_Gold,50.6,50.7,42.11201689121255,11.149872223814771
2020-07-12,2020-07-11,SJC_Gold,50.6,50.6,42.11201689121255,11.149872223814771
2020-07-13,2020-07-12,SJC_Gold,50.6,50.6,42.11201689121255,11.149872223814771
2020-07-14,2020-07-13,SJC_Gold,50.53,50.6,42.11201689121255,11.149872223814771
2020-07-15,2020-07-14,SJC_Gold,50.67,50.53,42.11201689121255,11.149872223814771
2020-07-16,2020-07-15,SJC_Gold,50.69,50.67,42.11201689121255,11.149872223814771
2020-07-17,2020-07-16,SJC_Gold,50.69,50.69,42.11201689121255,11.149872223814771
2020-07-18,2020-07-17,SJC_Gold,50.78,50.69,42.11201689121255,11.149872223814771
2020-07-19,2020-07-18,SJC_Gold,50.78,50.78,42.11201689121255,11.149872223814771
2020-07-20,2020-07-19,SJC_Gold,50.93,50.78,42.11201689121255,11.149872223814771
2020-07-21,2020-07-20,SJC_Gold,51.5,50.93,42.11201689121255,11.149872223814771
2020-07-22,2020-07-21,SJC_Gold,53.05,51.5,42.11201689121255,11.149872223814771
2020-07-23,2020-07-22,SJC_Gold,54.8,53.05,42.11201689121255,11.149872223814771
2020-07-24,2020-07-23,SJC_Gold,55.3,54.8,42.11201689121255,11.149872223814771
2020-07-25,2020-07-24,SJC_Gold,55.0,55.3,42.11201689121255,11.149872223814771
2020-07-26,2020-07-25,SJC_Gold,55.0,55.0,42.11201689121255,11.149872223814771
2020-07-27,2020-07-26,SJC_Gold,56.9,55.0,42.11201689121255,11.149872223814771
2020-07-28,2020-07-27,SJC_Gold,57.4,56.9,42.11201689121255,11.149872223814771
2020-07-29,2020-07-28,SJC_Gold,57.7,57.4,42.11201689121255,11.149872223814771
2020-07-30,2020-07-29,SJC_Gold,57.8,57.7,42.11201689121255,11.149872223814771
2020-07-31,2020-07-30,SJC_Gold,57.98,57.8,42.11201689121255,11.149872223814771
2020-08-01,2020-07-31,SJC_Gold,57.93,57.98,42.11201689121255,11.149872223814771
2020-08-02,2020-08-01,SJC_Gold,57.93,57.93,42.11201689121255,11.149872223814771
2020-08-03,2020-08-02,SJC_Gold,57.9,57.93,42.11201689121255,11.149872223814771
2020-08-04,2020-08-03,SJC_Gold,57.98,57.9,42.11201689121255,11.149872223814771
2020-08-05,2020-08-04,SJC_Gold,59.1,57.98,42.11201689121255,11.149872223814771
2020-08-06,2020-08-05,SJC_Gold,61.4,59.1,42.11201689121255,11.149872223814771
2020-08-07,2020-08-06,SJC_Gold,62.4,61.4,42.11201689121255,11.149872223814771
2020-08-08,2020-08-07,SJC_Gold,60.3,62.4,42.11201689121255,11.149872223814771
2020-08-09,2020-08-08,SJC_Gold,60.3,60.3,42.11201689121255,11.149872223814771
2020-08-10,2020-08-09,SJC_Gold,58.28,60.3,42.11201689121255,11.149872223814771
2020-08-11,2020-08-10,SJC_Gold,55.48,58.28,42.11201689121255,11.149872223814771
2020-08-12,2020-08-11,SJC_Gold,56.38,55.48,42.11201689121255,11.149872223814771
2020-08-13,2020-08-12,SJC_Gold,55.78,56.38,42.11201689121255,11.149872223814771
2020-08-14,2020-08-13,SJC_Gold,56.17,55.78,42.11201689121255,11.149872223814771
2020-08-15,2020-08-14,SJC_Gold,56.18,56.17,42.11201689121255,11.149872223814771
2020-08-16,2020-08-15,SJC_Gold,56.18,56.18,42.11201689121255,11.149872223814771
2020-08-17,2020-08-16,SJC_Gold,56.5,56.18,42.11201689121255,11.149872223814771
2020-08-18,2020-08-17,SJC_Gold,58.15,56.5,42.11201689121255,11.149872223814771
2020-08-19,2020-08-18,SJC_Gold,56.95,58.15,42.11201689121255,11.149872223814771
2020-08-20,2020-08-19,SJC_Gold,56.45,56.95,42.11201689121255,11.149872223814771
2020-08-21,2020-08-20,SJC_Gold,56.75,56.45,42.11201689121255,11.149872223814771
2020-08-22,2020-08-21,SJC_Gold,56.75,56.75,42.11201689121255,11.149872223814771
2020-08-23,2020-08-22,SJC_Gold,56.75,56.75,42.11201689121255,11.149872223814771
2020-08-24,2020-08-23,SJC_Gold,56.55,56.75,42.11201689121255,11.149872223814771
2020-08-25,2020-08-24,SJC_Gold,56.15,56.55,42.11201689121255,11.149872223814771
2020-08-26,2020-08-25,SJC_Gold,56.0,56.15,42.11201689121255,11.149872223814771
2020-08-27,2020-08-26,SJC_Gold,56.3,56.0,42.11201689121255,11.149872223814771
2020-08-28,2020-08-27,SJC_Gold,56.75,56.3,42.11201689121255,11.149872223814771
2020-08-29,2020-08-28,SJC_Gold,56.9,56.75,42.11201689121255,11.149872223814771
2020-08-30,2020-08-29,SJC_Gold,56.9,56.9,42.11201689121255,11.149872223814771
2020-08-31,2020-08-30,SJC_Gold,57.4,56.9,42.11201689121255,11.149872223814771
2020-09-01,2020-08-31,SJC_Gold,57.7,57.4,42.11201689121255,11.149872223814771
2020-09-02,2020-09-01,SJC_Gold,57.7,57.7,42.11201689121255,11.149872223814771
2020-09-03,2020-09-02,SJC_Gold,56.8,57.7,42.11201689121255,11.149872223814771
2020-09-04,2020-09-03,SJC_Gold,56.8,56.8,42.11201689121255,11.149872223814771
2020-09-05,2020-09-04,SJC_Gold,56.7,56.8,42.11201689121255,11.149872223814771
2020-09-06,2020-09-05,SJC_Gold,56.7,56.7,42.11201689121255,11.149872223814771
2020-09-07,2020-09-06,SJC_Gold,56.5,56.7,42.11201689121255,11.149872223814771
2020-09-08,2020-09-07,SJC_Gold,56.4,56.5,42.11201689121255,11.149872223814771
2020-09-09,2020-09-08,SJC_Gold,56.45,56.4,42.11201689121255,11.149872223814771
2020-09-10,2020-09-09,SJC_Gold,56.75,56.45,42.11201689121255,11.149872223814771
2020-09-11,2020-09-10,SJC_Gold,56.65,56.75,42.11201689121255,11.149872223814771
2020-09-12,2020-09-11,SJC_Gold,56.55,56.65,42.11201689121255,11.149872223814771
2020-09-13,2020-09-12,SJC_Gold,56.55,56.55,42.11201689121255,11.149872223814771
2020-09-14,2020-09-13,SJC_Gold,56.5,56.55,42.11201689121255,11.149872223814771
2020-09-15,2020-09-14,SJC_Gold,56.7,56.5,42.11201689121255,11.149872223814771
2020-09-16,2020-09-15,SJC_Gold,56.75,56.7,42.11201689121255,11.149872223814771
2020-09-17,2020-09-16,SJC_Gold,56.5,56.75,42.11201689121255,11.149872223814771
2020-09-18,2020-09-17,SJC_Gold,56.55,56.5,42.11201689121255,11.149872223814771
2020-09-19,2020-09-18,SJC_Gold,56.5,56.55,42.11201689121255,11.149872223814771
2020-09-20,2020-09-19,SJC_Gold,56.5,56.5,42.11201689121255,11.149872223814771
2020-09-21,2020-09-20,SJC_Gold,56.55,56.5,42.11201689121255,11.149872223814771
2020-09-22,2020-09-21,SJC_Gold,56.15,56.55,42.11201689121255,11.149872223814771
2020-09-23,2020-09-22,SJC_Gold,55.85,56.15,42.11201689121255,11.149872223814771
2020-09-24,2020-09-23,SJC_Gold,55.0,55.85,42.11201689121255,11.149872223814771
2020-09-25,2020-09-24,SJC_Gold,55.65,55.0,42.11201689121255,11.149872223814771
2020-09-26,2020-09-25,SJC_Gold,55.6,55.65,42.11201689121255,11.149872223814771
2020-09-27,2020-09-26,SJC_Gold,55.6,55.6,42.11201689121255,11.149872223814771
2020-09-28,2020-09-27,SJC_Gold,55.3,55.6,42.11201689121255,11.149872223814771
2020-09-29,2020-09-28,SJC_Gold,55.55,55.3,42.11201689121255,11.149872223814771
2020-09-30,2020-09-29,SJC_Gold,55.6,55.55,42.11201689121255,11.149872223814771
2020-10-01,2020-09-30,SJC_Gold,56.05,55.6,42.11201689121255,11.149872223814771
2020-10-02,2020-10-01,SJC_Gold,56.55,56.05,42.11201689121255,11.149872223814771
2020-10-03,2020-10-02,SJC_Gold,56.45,56.55,42.11201689121255,11.149872223814771
2020-10-04,2020-10-03,SJC_Gold,56.45,56.45,42.11201689121255,11.149872223814771
2020-10-05,2020-10-04,SJC_Gold,56.35,56.45,42.11201689121255,11.149872223814771
2020-10-06,2020-10-05,SJC_Gold,56.35,56.35,42.11201689121255,11.149872223814771
2020-10-07,2020-10-06,SJC_Gold,56.2,56.35,42.11201689121255,11.149872223814771
2020-10-08,2020-10-07,SJC_Gold,56.15,56.2,42.11201689121255,11.149872223814771
2020-10-09,2020-10-08,SJC_Gold,56.3,56.15,42.11201689121255,11.149872223814771
2020-10-10,2020-10-09,SJC_Gold,56.45,56.3,42.11201689121255,11.149872223814771
2020-10-11,2020-10-10,SJC_Gold,56.45,56.45,42.11201689121255,11.149872223814771
2020-10-12,2020-10-11,SJC_Gold,56.4,56.45,42.11201689121255,11.149872223814771
2020-10-13,2020-10-12,SJC_Gold,56.5,56.4,42.11201689121255,11.149872223814771
2020-10-14,2020-10-13,SJC_Gold,56.3,56.5,42.11201689121255,11.149872223814771
2020-10-15,2020-10-14,SJC_Gold,56.2,56.3,42.11201689121255,11.149872223814771
2020-10-16,2020-10-15,SJC_Gold,56.3,56.2,42.11201689121255,11.149872223814771
2020-10-17,2020-10-16,SJC_Gold,56.27,56.3,42.11201689121255,11.149872223814771
2020-10-18,2020-10-17,SJC_Gold,56.27,56.27,42.11201689121255,11.149872223814771
2020-10-19,2020-10-18,SJC_Gold,56.4,56.27,42.11201689121255,11.149872223814771
2020-10-20,2020-10-19,SJC_Gold,56.4,56.4,42.11201689121255,11.149872223814771
2020-10-21,2020-10-20,SJC_Gold,56.45,56.4,42.11201689121255,11.149872223814771
2020-10-22,2020-10-21,SJC_Gold,56.45,56.45,42.11201689121255,11.149872223814771
2020-10-23,2020-10-22,SJC_Gold,56.4,56.45,42.11201689121255,11.149872223814771
2020-10-24,2020-10-23,SJC_Gold,56.35,56.4,42.11201689121255,11.149872223814771
2020-10-25,2020-10-24,SJC_Gold,56.35,56.35,42.11201689121255,11.149872223814771
2020-10-26,2020-10-25,SJC_Gold,56.35,56.35,42.11201689121255,11.149872223814771
2020-10-27,2020-10-26,SJC_Gold,56.35,56.35,42.11201689121255,11.149872223814771
2020-10-28,2020-10-27,SJC_Gold,56.4,56.35,42.11201689121255,11.149872223814771
2020-10-29,2020-10-28,SJC_Gold,56.3,56.4,42.11201689121255,11.149872223814771
2020-10-30,2020-10-29,SJC_Gold,56.35,56.3,42.11201689121255,11.149872223814771
2020-10-31,2020-10-30,SJC_Gold,56.45,56.35,42.11201689121255,11.149872223814771
2020-11-01,2020-10-31,SJC_Gold,56.45,56.45,42.11201689121255,11.149872223814771
2020-11-02,2020-11-01,SJC_Gold,56.6,56.45,42.11201689121255,11.149872223814771
2020-11-03,2020-11-02,SJC_Gold,56.7,56.6,42.11201689121255,11.149872223814771
2020-11-04,2020-11-03,SJC_Gold,56.35,56.7,42.11201689121255,11.149872223814771
2020-11-05,2020-11-04,SJC_Gold,56.55,56.35,42.11201689121255,11.149872223814771
2020-11-06,2020-11-05,SJC_Gold,56.75,56.55,42.11201689121255,11.149872223814771
2020-11-07,2020-11-06,SJC_Gold,56.8,56.75,42.11201689121255,11.149872223814771
2020-11-08,2020-11-07,SJC_Gold,56.8,56.8,42.11201689121255,11.149872223814771
2020-11-09,2020-11-08,SJC_Gold,57.0,56.8,42.11201689121255,11.149872223814771
2020-11-10,2020-11-09,SJC_Gold,56.35,57.0,42.11201689121255,11.149872223814771
2020-11-11,2020-11-10,SJC_Gold,56.43,56.35,42.11201689121255,11.149872223814771
2020-11-12,2020-11-11,SJC_Gold,56.35,56.43,42.11201689121255,11.149872223814771
2020-11-13,2020-11-12,SJC_Gold,56.35,56.35,42.11201689121255,11.149872223814771
2020-11-14,2020-11-13,SJC_Gold,56.4,56.35,42.11201689121255,11.149872223814771
2020-11-15,2020-11-14,SJC_Gold,56.4,56.4,42.11201689121255,11.149872223814771
2020-11-16,2020-11-15,SJC_Gold,56.4,56.4,42.11201689121255,11.149872223814771
2020-11-17,2020-11-16,SJC_Gold,56.3,56.4,42.11201689121255,11.149872223814771
2020-11-18,2020-11-17,SJC_Gold,56.3,56.3,42.11201689121255,11.149872223814771
2020-11-19,2020-11-18,SJC_Gold,56.1,56.3,42.11201689121255,11.149872223814771
2020-11-20,2020-11-19,SJC_Gold,56.15,56.1,42.11201689121255,11.149872223814771
2020-11-21,2020-11-20,SJC_Gold,56.2,56.15,42.11201689121255,11.149872223814771
2020-11-22,2020-11-21,SJC_Gold,56.2,56.2,42.11201689121255,11.149872223814771
2020-11-23,2020-11-22,SJC_Gold,56.07,56.2,42.11201689121255,11.149872223814771
2020-11-24,2020-11-23,SJC_Gold,55.45,56.07,42.11201689121255,11.149872223814771
2020-11-25,2020-11-24,SJC_Gold,54.8,55.45,42.11201689121255,11.149872223814771
2020-11-26,2020-11-25,SJC_Gold,55.0,54.8,42.11201689121255,11.149872223814771
2020-11-27,2020-11-26,SJC_Gold,54.9,55.0,42.11201689121255,11.149872223814771
2020-11-28,2020-11-27,SJC_Gold,54.55,54.9,42.11201689121255,11.149872223814771
2020-11-29,2020-11-28,SJC_Gold,54.55,54.55,42.11201689121255,11.149872223814771
2020-11-30,2020-11-29,SJC_Gold,53.75,54.55,42.11201689121255,11.149872223814771
2020-12-01,2020-11-30,SJC_Gold,54.3,53.75,42.11201689121255,11.149872223814771
2020-12-02,2020-12-01,SJC_Gold,55.1,54.3,42.11201689121255,11.149872223814771
2020-12-03,2020-12-02,SJC_Gold,55.5,55.1,42.11201689121255,11.149872223814771
2020-12-04,2020-12-03,SJC_Gold,55.35,55.5,42.11201689121255,11.149872223814771
2020-12-05,2020-12-04,SJC_Gold,55.25,55.35,42.11201689121255,11.149872223814771
2020-12-06,2020-12-05,SJC_Gold,55.25,55.25,42.11201689121255,11.149872223814771
2020-12-07,2020-12-06,SJC_Gold,55.2,55.25,42.11201689121255,11.149872223814771
2020-12-08,2020-12-07,SJC_Gold,55.5,55.2,42.11201689121255,11.149872223814771
2020-12-09,2020-12-08,SJC_Gold,55.3,55.5,42.11201689121255,11.149872223814771
2020-12-10,2020-12-09,SJC_Gold,55.05,55.3,42.11201689121255,11.149872223814771
2020-12-11,2020-12-10,SJC_Gold,55.25,55.05,42.11201689121255,11.149872223814771
2020-12-12,2020-12-11,SJC_Gold,55.25,55.25,42.11201689121255,11.149872223814771
2020-12-13,2020-12-12,SJC_Gold,55.25,55.25,42.11201689121255,11.149872223814771
2020-12-14,2020-12-13,SJC_Gold,55.1,55.25,42.11201689121255,11.149872223814771
2020-12-15,2020-12-14,SJC_Gold,55.25,55.1,42.11201689121255,11.149872223814771
2020-12-16,2020-12-15,SJC_Gold,55.4,55.25,42.11201689121255,11.149872223814771
2020-12-17,2020-12-16,SJC_Gold,55.55,55.4,42.11201689121255,11.149872223814771
2020-12-18,2020-12-17,SJC_Gold,55.5,55.55,42.11201689121255,11.149872223814771
2020-12-19,2020-12-18,SJC_Gold,55.5,55.5,42.11201689121255,11.149872223814771
2020-12-20,2020-12-19,SJC_Gold,55.5,55.5,42.11201689121255,11.149872223814771
2020-12-21,2020-12-20,SJC_Gold,55.8,55.5,42.11201689121255,11.149872223814771
2020-12-22,2020-12-21,SJC_Gold,55.55,55.8,42.11201689121255,11.149872223814771
2020-12-23,2020-12-22,SJC_Gold,55.6,55.55,42.11201689121255,11.149872223814771
2020-12-24,2020-12-23,SJC_Gold,55.8,55.6,42.11201689121255,11.149872223814771
2020-12-25,2020-12-24,SJC_Gold,55.8,55.8,42.11201689121255,11.149872223814771
2020-12-26,2020-12-25,SJC_Gold,55.8,55.8,42.11201689121255,11.149872223814771
2020-12-27,2020-12-26,SJC_Gold,55.8,55.8,42.11201689121255,11.149872223814771
2020-12-28,2020-12-27,SJC_Gold,55.75,55.8,42.11201689121255,11.149872223814771
2020-12-29,2020-12-28,SJC_Gold,55.9,55.75,42.11201689121255,11.149872223814771
2020-12-30,2020-12-29,SJC_Gold,55.9,55.9,42.11201689121255,11.149872223814771
2020-12-31,2020-12-30,SJC_Gold,56.1,55.9,42.11201689121255,11.149872223814771
2021-01-01,2020-12-31,SJC_Gold,56.1,56.1,42.11201689121255,11.149872223814771
2021-01-02,2021-01-01,SJC_Gold,56.15,56.1,42.11201689121255,11.149872223814771
2021-01-03,2021-01-02,SJC_Gold,56.15,56.15,42.11201689121255,11.149872223814771
2021-01-04,2021-01-03,SJC_Gold,56.8,56.15,42.11201689121255,11.149872223814771
2021-01-05,2021-01-04,SJC_Gold,57.15,56.8,42.11201689121255,11.149872223814771
2021-01-06,2021-01-05,SJC_Gold,57.3,57.15,42.11201689121255,11.149872223814771
2021-01-07,2021-01-06,SJC_Gold,56.8,57.3,42.11201689121255,11.149872223814771
2021-01-08,2021-01-07,SJC_Gold,56.35,56.8,42.11201689121255,11.149872223814771
2021-01-09,2021-01-08,SJC_Gold,56.0,56.35,42.11201689121255,11.149872223814771
2021-01-10,2021-01-09,SJC_Gold,56.0,56.0,42.11201689121255,11.149872223814771
2021-01-11,2021-01-10,SJC_Gold,56.45,56.0,42.11201689121255,11.149872223814771
2021-01-12,2021-01-11,SJC_Gold,56.65,56.45,42.11201689121255,11.149872223814771
2021-01-13,2021-01-12,SJC_Gold,56.5,56.65,42.11201689121255,11.149872223814771
2021-01-14,2021-01-13,SJC_Gold,56.45,56.5,42.11201689121255,11.149872223814771
2021-01-15,2021-01-14,SJC_Gold,56.6,56.45,42.11201689121255,11.149872223814771
2021-01-16,2021-01-15,SJC_Gold,56.4,56.6,42.11201689121255,11.149872223814771
2021-01-17,2021-01-16,SJC_Gold,56.4,56.4,42.11201689121255,11.149872223814771
2021-01-18,2021-01-17,SJC_Gold,56.45,56.4,42.11201689121255,11.149872223814771
2021-01-19,2021-01-18,SJC_Gold,56.4,56.45,42.11201689121255,11.149872223814771
2021-01-20,2021-01-19,SJC_Gold,56.6,56.4,42.11201689121255,11.149872223814771
2021-01-21,2021-01-20,SJC_Gold,56.55,56.6,42.11201689121255,11.149872223814771
2021-01-22,2021-01-21,SJC_Gold,56.45,56.55,42.11201689121255,11.149872223814771
2021-01-23,2021-01-22,SJC_Gold,56.4,56.45,42.11201689121255,11.149872223814771
2021-01-24,2021-01-23,SJC_Gold,56.4,56.4,42.11201689121255,11.149872223814771
2021-01-25,2021-01-24,SJC_Gold,56.55,56.4,42.11201689121255,11.149872223814771
2021-01-26,2021-01-25,SJC_Gold,56.6,56.55,42.11201689121255,11.149872223814771
2021-01-27,2021-01-26,SJC_Gold,56.65,56.6,42.11201689121255,11.149872223814771
2021-01-28,2021-01-27,SJC_Gold,56.65,56.65,42.11201689121255,11.149872223814771
2021-01-29,2021-01-28,SJC_Gold,56.75,56.65,42.11201689121255,11.149872223814771
2021-01-30,2021-01-29,SJC_Gold,56.75,56.75,42.11201689121255,11.149872223814771
2021-01-31,2021-01-30,SJC_Gold,56.75,56.75,42.11201689121255,11.149872223814771
2021-02-01,2021-01-31,SJC_Gold,57.1,56.75,42.11201689121255,11.149872223814771
2021-02-02,2021-02-01,SJC_Gold,56.85,57.1,42.11201689121255,11.149872223814771
2021-02-03,2021-02-02,SJC_Gold,56.85,56.85,42.11201689121255,11.149872223814771
2021-02-04,2021-02-03,SJC_Gold,56.75,56.85,42.11201689121255,11.149872223814771
2021-02-05,2021-02-04,SJC_Gold,56.9,56.75,42.11201689121255,11.149872223814771
2021-02-06,2021-02-05,SJC_Gold,56.9,56.9,42.11201689121255,11.149872223814771
2021-02-07,2021-02-06,SJC_Gold,56.9,56.9,42.11201689121255,11.149872223814771
2021-02-08,2021-02-07,SJC_Gold,57.05,56.9,42.11201689121255,11.149872223814771
2021-02-09,2021-02-08,SJC_Gold,57.35,57.05,42.11201689121255,11.149872223814771
2021-02-10,2021-02-09,SJC_Gold,57.35,57.35,42.11201689121255,11.149872223814771
2021-02-11,2021-02-10,SJC_Gold,57.35,57.35,42.11201689121255,11.149872223814771
2021-02-12,2021-02-11,SJC_Gold,57.35,57.35,42.11201689121255,11.149872223814771
2021-02-13,2021-02-12,SJC_Gold,57.35,57.35,42.11201689121255,11.149872223814771
2021-02-14,2021-02-13,SJC_Gold,57.35,57.35,42.11201689121255,11.149872223814771
2021-02-15,2021-02-14,SJC_Gold,57.35,57.35,42.11201689121255,11.149872223814771
2021-02-16,2021-02-15,SJC_Gold,57.35,57.35,42.11201689121255,11.149872223814771
2021-02-17,2021-02-16,SJC_Gold,56.9,57.35,42.11201689121255,11.149872223814771
2021-02-18,2021-02-17,SJC_Gold,56.5,56.9,42.11201689121255,11.149872223814771
2021-02-19,2021-02-18,SJC_Gold,56.3,56.5,42.11201689121255,11.149872223814771
2021-02-20,2021-02-19,SJC_Gold,56.3,56.3,42.11201689121255,11.149872223814771
2021-02-21,2021-02-20,SJC_Gold,56.3,56.3,42.11201689121255,11.149872223814771
2021-02-22,2021-02-21,SJC_Gold,56.3,56.3,42.11201689121255,11.149872223814771
2021-02-23,2021-02-22,SJC_Gold,56.6,56.3,42.11201689121255,11.149872223814771
2021-02-24,2021-02-23,SJC_Gold,56.5,56.6,42.11201689121255,11.149872223814771
2021-02-25,2021-02-24,SJC_Gold,56.45,56.5,42.11201689121255,11.149872223814771
2021-02-26,2021-02-25,SJC_Gold,56.35,56.45,42.11201689121255,11.149872223814771
2021-02-27,2021-02-26,SJC_Gold,56.2,56.35,42.11201689121255,11.149872223814771
2021-02-28,2021-02-27,SJC_Gold,56.2,56.2,42.11201689121255,11.149872223814771
2021-03-01,2021-02-28,SJC_Gold,56.25,56.2,42.11201689121255,11.149872223814771
2021-03-02,2021-03-01,SJC_Gold,56.1,56.25,42.11201689121255,11.149872223814771
2021-03-03,2021-03-02,SJC_Gold,56.0,56.1,42.11201689121255,11.149872223814771
2021-03-04,2021-03-03,SJC_Gold,56.0,56.0,42.11201689121255,11.149872223814771
2021-03-05,2021-03-04,SJC_Gold,55.5,56.0,42.11201689121255,11.149872223814771
2021-03-06,2021-03-05,SJC_Gold,55.6,55.5,42.11201689121255,11.149872223814771
2021-03-07,2021-03-06,SJC_Gold,55.6,55.6,42.11201689121255,11.149872223814771
2021-03-08,2021-03-07,SJC_Gold,55.5,55.6,42.11201689121255,11.149872223814771
2021-03-09,2021-03-08,SJC_Gold,55.15,55.5,42.11201689121255,11.149872223814771
2021-03-10,2021-03-09,SJC_Gold,55.38,55.15,42.11201689121255,11.149872223814771
2021-03-11,2021-03-10,SJC_Gold,55.8,55.38,42.11201689121255,11.149872223814771
2021-03-12,2021-03-11,SJC_Gold,55.6,55.8,42.11201689121255,11.149872223814771
2021-03-13,2021-03-12,SJC_Gold,55.85,55.6,42.11201689121255,11.149872223814771
2021-03-14,2021-03-13,SJC_Gold,55.85,55.85,42.11201689121255,11.149872223814771
2021-03-15,2021-03-14,SJC_Gold,55.7,55.85,42.11201689121255,11.149872223814771
2021-03-16,2021-03-15,SJC_Gold,55.65,55.7,42.11201689121255,11.149872223814771
2021-03-17,2021-03-16,SJC_Gold,55.65,55.65,42.11201689121255,11.149872223814771
2021-03-18,2021-03-17,SJC_Gold,55.5,55.65,42.11201689121255,11.149872223814771
2021-03-19,2021-03-18,SJC_Gold,55.5,55.5,42.11201689121255,11.149872223814771
2021-03-20,2021-03-19,SJC_Gold,55.65,55.5,42.11201689121255,11.149872223814771
2021-03-21,2021-03-20,SJC_Gold,55.65,55.65,42.11201689121255,11.149872223814771
2021-03-22,2021-03-21,SJC_Gold,55.45,55.65,42.11201689121255,11.149872223814771
2021-03-23,2021-03-22,SJC_Gold,55.6,55.45,42.11201689121255,11.149872223814771
2021-03-24,2021-03-23,SJC_Gold,55.5,55.6,42.11201689121255,11.149872223814771
2021-03-25,2021-03-24,SJC_Gold,55.48,55.5,42.11201689121255,11.149872223814771
2021-03-26,2021-03-25,SJC_Gold,55.3,55.48,42.11201689121255,11.149872223814771
2021-03-27,2021-03-26,SJC_Gold,55.4,55.3,42.11201689121255,11.149872223814771
2021-03-28,2021-03-27,SJC_Gold,55.4,55.4,42.11201689121255,11.149872223814771
2021-03-29,2021-03-28,SJC_Gold,55.17,55.4,42.11201689121255,11.149872223814771
2021-03-30,2021-03-29,SJC_Gold,54.85,55.17,42.11201689121255,11.149872223814771
2021-03-31,2021-03-30,SJC_Gold,54.5,54.85,42.11201689121255,11.149872223814771
2021-04-01,2021-03-31,SJC_Gold,54.9,54.5,42.11201689121255,11.149872223814771
2021-04-02,2021-04-01,SJC_Gold,55.35,54.9,42.11201689121255,11.149872223814771
2021-04-03,2021-04-02,SJC_Gold,55.42,55.35,42.11201689121255,11.149872223814771
2021-04-04,2021-04-03,SJC_Gold,55.42,55.42,42.11201689121255,11.149872223814771
2021-04-05,2021-04-04,SJC_Gold,55.1,55.42,42.11201689121255,11.149872223814771
2021-04-06,2021-04-05,SJC_Gold,55.25,55.1,42.11201689121255,11.149872223814771
2021-04-07,2021-04-06,SJC_Gold,55.25,55.25,42.11201689121255,11.149872223814771
2021-04-08,2021-04-07,SJC_Gold,55.25,55.25,42.11201689121255,11.149872223814771
2021-04-09,2021-04-08,SJC_Gold,55.25,55.25,42.11201689121255,11.149872223814771
2021-04-10,2021-04-09,SJC_Gold,55.25,55.25,42.11201689121255,11.149872223814771
2021-04-11,2021-04-10,SJC_Gold,55.25,55.25,42.11201689121255,11.149872223814771
2021-04-12,2021-04-11,SJC_Gold,55.25,55.25,42.11201689121255,11.149872223814771
2021-04-13,2021-04-12,SJC_Gold,55.2,55.25,42.11201689121255,11.149872223814771
2021-04-14,2021-04-13,SJC_Gold,55.3,55.2,42.11201689121255,11.149872223814771
2021-04-15,2021-04-14,SJC_Gold,55.3,55.3,42.11201689121255,11.149872223814771
2021-04-16,2021-04-15,SJC_Gold,55.45,55.3,42.11201689121255,11.149872223814771
2021-04-17,2021-04-16,SJC_Gold,55.48,55.45,42.11201689121255,11.149872223814771
2021-04-18,2021-04-17,SJC_Gold,55.45,55.48,42.11201689121255,11.149872223814771
2021-04-19,2021-04-18,SJC_Gold,55.98,55.45,42.11201689121255,11.149872223814771
2021-04-20,2021-04-19,SJC_Gold,55.8,55.98,42.11201689121255,11.149872223814771
2021-04-21,2021-04-20,SJC_Gold,55.8,55.8,42.11201689121255,11.149872223814771
2021-04-22,2021-04-21,SJC_Gold,55.83,55.8,42.11201689121255,11.149872223814771
2021-04-23,2021-04-22,SJC_Gold,55.75,55.83,42.11201689121255,11.149872223814771
2021-04-24,2021-04-23,SJC_Gold,55.6,55.75,42.11201689121255,11.149872223814771
2021-04-25,2021-04-24,SJC_Gold,55.6,55.6,42.11201689121255,11.149872223814771
2021-04-26,2021-04-25,SJC_Gold,55.5,55.6,42.11201689121255,11.149872223814771
2021-04-27,2021-04-26,SJC_Gold,55.65,55.5,42.11201689121255,11.149872223814771
2021-04-28,2021-04-27,SJC_Gold,55.65,55.65,42.11201689121255,11.149872223814771
2021-04-29,2021-04-28,SJC_Gold,55.65,55.65,42.11201689121255,11.149872223814771
2021-04-30,2021-04-29,SJC_Gold,55.65,55.65,42.11201689121255,11.149872223814771
2021-05-01,2021-04-30,SJC_Gold,55.65,55.65,42.11201689121255,11.149872223814771
2021-05-02,2021-05-01,SJC_Gold,55.65,55.65,42.11201689121255,11.149872223814771
2021-05-03,2021-05-02,SJC_Gold,55.75,55.65,42.11201689121255,11.149872223814771
2021-05-04,2021-05-03,SJC_Gold,55.65,55.75,42.11201689121255,11.149872223814771
2021-05-05,2021-05-04,SJC_Gold,55.66,55.65,42.11201689121255,11.149872223814771
2021-05-06,2021-05-05,SJC_Gold,55.7,55.66,42.11201689121255,11.149872223814771
2021-05-07,2021-05-06,SJC_Gold,55.97,55.7,42.11201689121255,11.149872223814771
2021-05-08,2021-05-07,SJC_Gold,56.18,55.97,42.11201689121255,11.149872223814771
2021-05-09,2021-05-08,SJC_Gold,56.18,56.18,42.11201689121255,11.149872223814771
2021-05-10,2021-05-09,SJC_Gold,56.3,56.18,42.11201689121255,11.149872223814771
2021-05-11,2021-05-10,SJC_Gold,56.23,56.3,42.11201689121255,11.149872223814771
2021-05-12,2021-05-11,SJC_Gold,56.13,56.23,42.11201689121255,11.149872223814771
2021-05-13,2021-05-12,SJC_Gold,56.07,56.13,42.11201689121255,11.149872223814771
2021-05-14,2021-05-13,SJC_Gold,56.25,56.07,42.11201689121255,11.149872223814771
2021-05-15,2021-05-14,SJC_Gold,56.37,56.25,42.11201689121255,11.149872223814771
2021-05-16,2021-05-15,SJC_Gold,56.37,56.37,42.11201689121255,11.149872223814771
2021-05-17,2021-05-16,SJC_Gold,56.37,56.37,42.11201689121255,11.149872223814771
2021-05-18,2021-05-17,SJC_Gold,56.43,56.37,42.11201689121255,11.149872223814771
2021-05-19,2021-05-18,SJC_Gold,56.25,56.43,42.11201689121255,11.149872223814771
2021-05-20,2021-05-19,SJC_Gold,56.33,56.25,42.11201689121255,11.149872223814771
2021-05-21,2021-05-20,SJC_Gold,56.43,56.33,42.11201689121255,11.149872223814771
2021-05-22,2021-05-21,SJC_Gold,56.48,56.43,42.11201689121255,11.149872223814771
2021-05-23,2021-05-22,SJC_Gold,56.48,56.48,42.11201689121255,11.149872223814771
2021-05-24,2021-05-23,SJC_Gold,56.4,56.48,42.11201689121255,11.149872223814771
2021-05-25,2021-05-24,SJC_Gold,56.42,56.4,42.11201689121255,11.149872223814771
2021-05-26,2021-05-25,SJC_Gold,56.55,56.42,42.11201689121255,11.149872223814771
2021-05-27,2021-05-26,SJC_Gold,56.54,56.55,42.11201689121255,11.149872223814771
2021-05-28,2021-05-27,SJC_Gold,56.7,56.54,42.11201689121255,11.149872223814771
2021-05-29,2021-05-28,SJC_Gold,56.87,56.7,42.11201689121255,11.149872223814771
2021-05-30,2021-05-29,SJC_Gold,56.87,56.87,42.11201689121255,11.149872223814771
2021-05-31,2021-05-30,SJC_Gold,57.4,56.87,42.11201689121255,11.149872223814771
2021-06-01,2021-05-31,SJC_Gold,57.65,57.4,42.11201689121255,11.149872223814771
2021-06-02,2021-06-01,SJC_Gold,57.55,57.65,42.11201689121255,11.149872223814771
2021-06-03,2021-06-02,SJC_Gold,57.35,57.55,42.11201689121255,11.149872223814771
2021-06-04,2021-06-03,SJC_Gold,57.25,57.35,42.11201689121255,11.149872223814771
2021-06-05,2021-06-04,SJC_Gold,57.45,57.25,42.11201689121255,11.149872223814771
2021-06-06,2021-06-05,SJC_Gold,57.45,57.45,42.11201689121255,11.149872223814771
2021-06-07,2021-06-06,SJC_Gold,57.2,57.45,42.11201689121255,11.149872223814771
2021-06-08,2021-06-07,SJC_Gold,57.35,57.2,42.11201689121255,11.149872223814771
2021-06-09,2021-06-08,SJC_Gold,57.25,57.35,42.11201689121255,11.149872223814771
2021-06-10,2021-06-09,SJC_Gold,57.3,57.25,42.11201689121255,11.149872223814771
2021-06-11,2021-06-10,SJC_Gold,57.5,57.3,42.11201689121255,11.149872223814771
2021-06-12,2021-06-11,SJC_Gold,57.3,57.5,42.11201689121255,11.149872223814771
2021-06-13,2021-06-12,SJC_Gold,57.3,57.3,42.11201689121255,11.149872223814771
2021-06-14,2021-06-13,SJC_Gold,57.15,57.3,42.11201689121255,11.149872223814771
2021-06-15,2021-06-14,SJC_Gold,57.2,57.15,42.11201689121255,11.149872223814771
2021-06-16,2021-06-15,SJC_Gold,57.25,57.2,42.11201689121255,11.149872223814771
2021-06-17,2021-06-16,SJC_Gold,56.85,57.25,42.11201689121255,11.149872223814771
2021-06-18,2021-06-17,SJC_Gold,56.8,56.85,42.11201689121255,11.149872223814771
2021-06-19,2021-06-18,SJC_Gold,56.8,56.8,42.11201689121255,11.149872223814771
2021-06-20,2021-06-19,SJC_Gold,56.8,56.8,42.11201689121255,11.149872223814771
2021-06-21,2021-06-20,SJC_Gold,56.95,56.8,42.11201689121255,11.149872223814771
2021-06-22,2021-06-21,SJC_Gold,57.0,56.95,42.11201689121255,11.149872223814771
2021-06-23,2021-06-22,SJC_Gold,57.1,57.0,42.11201689121255,11.149872223814771
2021-06-24,2021-06-23,SJC_Gold,57.05,57.1,42.11201689121255,11.149872223814771
2021-06-25,2021-06-24,SJC_Gold,57.05,57.05,42.11201689121255,11.149872223814771
2021-06-26,2021-06-25,SJC_Gold,57.1,57.05,42.11201689121255,11.149872223814771
2021-06-27,2021-06-26,SJC_Gold,57.1,57.1,42.11201689121255,11.149872223814771
2021-06-28,2021-06-27,SJC_Gold,57.0,57.1,42.11201689121255,11.149872223814771
2021-06-29,2021-06-28,SJC_Gold,56.9,57.0,42.11201689121255,11.149872223814771
2021-06-30,2021-06-29,SJC_Gold,56.85,56.9,42.11201689121255,11.149872223814771
2021-07-01,2021-06-30,SJC_Gold,56.9,56.85,42.11201689121255,11.149872223814771
2021-07-02,2021-07-01,SJC_Gold,57.15,56.9,42.11201689121255,11.149872223814771
2021-07-03,2021-07-02,SJC_Gold,57.2,57.15,42.11201689121255,11.149872223814771
2021-07-04,2021-07-03,SJC_Gold,57.2,57.2,42.11201689121255,11.149872223814771
2021-07-05,2021-07-04,SJC_Gold,57.35,57.2,42.11201689121255,11.149872223814771
2021-07-06,2021-07-05,SJC_Gold,57.4,57.35,42.11201689121255,11.149872223814771
2021-07-07,2021-07-06,SJC_Gold,57.45,57.4,42.11201689121255,11.149872223814771
2021-07-08,2021-07-07,SJC_Gold,57.55,57.45,42.11201689121255,11.149872223814771
2021-07-09,2021-07-08,SJC_Gold,57.5,57.55,42.11201689121255,11.149872223814771
2021-07-10,2021-07-09,SJC_Gold,57.5,57.5,42.11201689121255,11.149872223814771
2021-07-11,2021-07-10,SJC_Gold,57.5,57.5,42.11201689121255,11.149872223814771
2021-07-12,2021-07-11,SJC_Gold,57.35,57.5,42.11201689121255,11.149872223814771
2021-07-13,2021-07-12,SJC_Gold,57.35,57.35,42.11201689121255,11.149872223814771
2021-07-14,2021-07-13,SJC_Gold,57.4,57.35,42.11201689121255,11.149872223814771
2021-07-15,2021-07-14,SJC_Gold,57.6,57.4,42.11201689121255,11.149872223814771
2021-07-16,2021-07-15,SJC_Gold,57.5,57.6,42.11201689121255,11.149872223814771
2021-07-17,2021-07-16,SJC_Gold,57.5,57.5,42.11201689121255,11.149872223814771
2021-07-18,2021-07-17,SJC_Gold,57.5,57.5,42.11201689121255,11.149872223814771
2021-07-19,2021-07-18,SJC_Gold,57.55,57.5,42.11201689121255,11.149872223814771
2021-07-20,2021-07-19,SJC_Gold,57.55,57.55,42.11201689121255,11.149872223814771
2021-07-21,2021-07-20,SJC_Gold,57.45,57.55,42.11201689121255,11.149872223814771
2021-07-22,2021-07-21,SJC_Gold,57.45,57.45,42.11201689121255,11.149872223814771
2021-07-23,2021-07-22,SJC_Gold,57.5,57.45,42.11201689121255,11.149872223814771
2021-07-24,2021-07-23,SJC_Gold,57.45,57.5,42.11201689121255,11.149872223814771
2021-07-25,2021-07-24,SJC_Gold,57.45,57.45,42.11201689121255,11.149872223814771
2021-07-26,2021-07-25,SJC_Gold,57.45,57.45,42.11201689121255,11.149872223814771
2021-07-27,2021-07-26,SJC_Gold,57.3,57.45,42.11201689121255,11.149872223814771
2021-07-28,2021-07-27,SJC_Gold,57.2,57.3,42.11201689121255,11.149872223814771
2021-07-29,2021-07-28,SJC_Gold,57.35,57.2,42.11201689121255,11.149872223814771
2021-07-30,2021-07-29,SJC_Gold,57.4,57.35,42.11201689121255,11.149872223814771
2021-07-31,2021-07-30,SJC_Gold,57.25,57.4,42.11201689121255,11.149872223814771
2021-08-01,2021-07-31,SJC_Gold,57.25,57.25,42.11201689121255,11.149872223814771
2021-08-02,2021-08-01,SJC_Gold,57.2,57.25,42.11201689121255,11.149872223814771
2021-08-03,2021-08-02,SJC_Gold,57.3,57.2,42.11201689121255,11.149872223814771
2021-08-04,2021-08-03,SJC_Gold,57.35,57.3,42.11201689121255,11.149872223814771
2021-08-05,2021-08-04,SJC_Gold,57.25,57.35,42.11201689121255,11.149872223814771
2021-08-06,2021-08-05,SJC_Gold,57.25,57.25,42.11201689121255,11.149872223814771
2021-08-07,2021-08-06,SJC_Gold,57.0,57.25,42.11201689121255,11.149872223814771
2021-08-08,2021-08-07,SJC_Gold,57.0,57.0,42.11201689121255,11.149872223814771
2021-08-09,2021-08-08,SJC_Gold,56.9,57.0,42.11201689121255,11.149872223814771
2021-08-10,2021-08-09,SJC_Gold,56.95,56.9,42.11201689121255,11.149872223814771
2021-08-11,2021-08-10,SJC_Gold,56.9,56.95,42.11201689121255,11.149872223814771
2021-08-12,2021-08-11,SJC_Gold,57.1,56.9,42.11201689121255,11.149872223814771
2021-08-13,2021-08-12,SJC_Gold,57.1,57.1,42.11201689121255,11.149872223814771
2021-08-14,2021-08-13,SJC_Gold,57.25,57.1,42.11201689121255,11.149872223814771
2021-08-15,2021-08-14,SJC_Gold,57.25,57.25,42.11201689121255,11.149872223814771
2021-08-16,2021-08-15,SJC_Gold,57.25,57.25,42.11201689121255,11.149872223814771
2021-08-17,2021-08-16,SJC_Gold,57.35,57.25,42.11201689121255,11.149872223814771
2021-08-18,2021-08-17,SJC_Gold,57.35,57.35,42.11201689121255,11.149872223814771
2021-08-19,2021-08-18,SJC_Gold,57.25,57.35,42.11201689121255,11.149872223814771
2021-08-20,2021-08-19,SJC_Gold,57.15,57.25,42.11201689121255,11.149872223814771
2021-08-21,2021-08-20,SJC_Gold,57.15,57.15,42.11201689121255,11.149872223814771
2021-08-22,2021-08-21,SJC_Gold,57.15,57.15,42.11201689121255,11.149872223814771
2021-08-23,2021-08-22,SJC_Gold,57.1,57.15,42.11201689121255,11.149872223814771
2021-08-24,2021-08-23,SJC_Gold,57.2,57.1,42.11201689121255,11.149872223814771
2021-08-25,2021-08-24,SJC_Gold,57.15,57.2,42.11201689121255,11.149872223814771
2021-08-26,2021-08-25,SJC_Gold,57.0,57.15,42.11201689121255,11.149872223814771
2021-08-27,2021-08-26,SJC_Gold,57.1,57.0,42.11201689121255,11.149872223814771
2021-08-28,2021-08-27,SJC_Gold,57.15,57.1,42.11201689121255,11.149872223814771
2021-08-29,2021-08-28,SJC_Gold,57.15,57.15,42.11201689121255,11.149872223814771
2021-08-30,2021-08-29,SJC_Gold,57.3,57.15,42.11201689121255,11.149872223814771
2021-08-31,2021-08-30,SJC_Gold,57.4,57.3,42.11201689121255,11.149872223814771
2021-09-01,2021-08-31,SJC_Gold,57.4,57.4,42.11201689121255,11.149872223814771
2021-09-02,2021-09-01,SJC_Gold,57.4,57.4,42.11201689121255,11.149872223814771
2021-09-03,2021-09-02,SJC_Gold,57.35,57.4,42.11201689121255,11.149872223814771
2021-09-04,2021-09-03,SJC_Gold,57.45,57.35,42.11201689121255,11.149872223814771
2021-09-05,2021-09-04,SJC_Gold,57.45,57.45,42.11201689121255,11.149872223814771
2021-09-06,2021-09-05,SJC_Gold,57.45,57.45,42.11201689121255,11.149872223814771
2021-09-07,2021-09-06,SJC_Gold,57.45,57.45,42.11201689121255,11.149872223814771
2021-09-08,2021-09-07,SJC_Gold,57.2,57.45,42.11201689121255,11.149872223814771
2021-09-09,2021-09-08,SJC_Gold,57.25,57.2,42.11201689121255,11.149872223814771
2021-09-10,2021-09-09,SJC_Gold,57.3,57.25,42.11201689121255,11.149872223814771
2021-09-11,2021-09-10,SJC_Gold,57.3,57.3,42.11201689121255,11.149872223814771
2021-09-12,2021-09-11,SJC_Gold,57.3,57.3,42.11201689121255,11.149872223814771
2021-09-13,2021-09-12,SJC_Gold,57.3,57.3,42.11201689121255,11.149872223814771
2021-09-14,2021-09-13,SJC_Gold,57.25,57.3,42.11201689121255,11.149872223814771
2021-09-15,2021-09-14,SJC_Gold,57.35,57.25,42.11201689121255,11.149872223814771
2021-09-16,2021-09-15,SJC_Gold,57.2,57.35,42.11201689121255,11.149872223814771
2021-09-17,2021-09-16,SJC_Gold,56.65,57.2,42.11201689121255,11.149872223814771
2021-09-18,2021-09-17,SJC_Gold,56.65,56.65,42.11201689121255,11.149872223814771
2021-09-19,2021-09-18,SJC_Gold,56.65,56.65,42.11201689121255,11.149872223814771
2021-09-20,2021-09-19,SJC_Gold,56.8,56.65,42.11201689121255,11.149872223814771
2021-09-21,2021-09-20,SJC_Gold,57.1,56.8,42.11201689121255,11.149872223814771
2021-09-22,2021-09-21,SJC_Gold,57.15,57.1,42.11201689121255,11.149872223814771
2021-09-23,2021-09-22,SJC_Gold,57.35,57.15,42.11201689121255,11.149872223814771
2021-09-24,2021-09-23,SJC_Gold,57.05,57.35,42.11201689121255,11.149872223814771
2021-09-25,2021-09-24,SJC_Gold,57.0,57.05,42.11201689121255,11.149872223814771
2021-09-26,2021-09-25,SJC_Gold,57.0,57.0,42.11201689121255,11.149872223814771
2021-09-27,2021-09-26,SJC_Gold,57.0,57.0,42.11201689121255,11.149872223814771
2021-09-28,2021-09-27,SJC_Gold,57.1,57.0,42.11201689121255,11.149872223814771
2021-09-29,2021-09-28,SJC_Gold,56.95,57.1,42.11201689121255,11.149872223814771
2021-09-30,2021-09-29,SJC_Gold,56.85,56.95,42.11201689121255,11.149872223814771
2021-10-01,2021-09-30,SJC_Gold,57.2,56.85,42.11201689121255,11.149872223814771
2021-10-02,2021-10-01,SJC_Gold,57.15,57.2,42.11201689121255,11.149872223814771
2021-10-03,2021-10-02,SJC_Gold,57.15,57.15,42.11201689121255,11.149872223814771
2021-10-04,2021-10-03,SJC_Gold,57.4,57.15,42.11201689121255,11.149872223814771
2021-10-05,2021-10-04,SJC_Gold,57.45,57.4,42.11201689121255,11.149872223814771
2021-10-06,2021-10-05,SJC_Gold,57.45,57.45,42.11201689121255,11.149872223814771
2021-10-07,2021-10-06,SJC_Gold,57.85,57.45,42.11201689121255,11.149872223814771
2021-10-08,2021-10-07,SJC_Gold,57.85,57.85,42.11201689121255,11.149872223814771
2021-10-09,2021-10-08,SJC_Gold,57.95,57.85,42.11201689121255,11.149872223814771
2021-10-10,2021-10-09,SJC_Gold,57.95,57.95,42.11201689121255,11.149872223814771
2021-10-11,2021-10-10,SJC_Gold,57.95,57.95,42.11201689121255,11.149872223814771
2021-10-12,2021-10-11,SJC_Gold,58.05,57.95,42.11201689121255,11.149872223814771
2021-10-13,2021-10-12,SJC_Gold,58.05,58.05,42.11201689121255,11.149872223814771
2021-10-14,2021-10-13,SJC_Gold,58.0,58.05,42.11201689121255,11.149872223814771
2021-10-15,2021-10-14,SJC_Gold,57.8,58.0,42.11201689121255,11.149872223814771
2021-10-16,2021-10-15,SJC_Gold,57.7,57.8,42.11201689121255,11.149872223814771
2021-10-17,2021-10-16,SJC_Gold,57.7,57.7,42.11201689121255,11.149872223814771
2021-10-18,2021-10-17,SJC_Gold,57.8,57.7,42.11201689121255,11.149872223814771
2021-10-19,2021-10-18,SJC_Gold,58.0,57.8,42.11201689121255,11.149872223814771
2021-10-20,2021-10-19,SJC_Gold,58.05,58.0,42.11201689121255,11.149872223814771
2021-10-21,2021-10-20,SJC_Gold,58.1,58.05,42.11201689121255,11.149872223814771
2021-10-22,2021-10-21,SJC_Gold,58.2,58.1,42.11201689121255,11.149872223814771
2021-10-23,2021-10-22,SJC_Gold,58.25,58.2,42.11201689121255,11.149872223814771
2021-10-24,2021-10-23,SJC_Gold,58.25,58.25,42.11201689121255,11.149872223814771
2021-10-25,2021-10-24,SJC_Gold,58.25,58.25,42.11201689121255,11.149872223814771
2021-10-26,2021-10-25,SJC_Gold,58.6,58.25,42.11201689121255,11.149872223814771
2021-10-27,2021-10-26,SJC_Gold,58.7,58.6,42.11201689121255,11.149872223814771
2021-10-28,2021-10-27,SJC_Gold,58.5,58.7,42.11201689121255,11.149872223814771
2021-10-29,2021-10-28,SJC_Gold,58.5,58.5,42.11201689121255,11.149872223814771
2021-10-30,2021-10-29,SJC_Gold,58.45,58.5,42.11201689121255,11.149872223814771
2021-10-31,2021-10-30,SJC_Gold,58.45,58.45,42.11201689121255,11.149872223814771
2021-11-01,2021-10-31,SJC_Gold,58.3,58.45,42.11201689121255,11.149872223814771
2021-11-02,2021-11-01,SJC_Gold,58.55,58.3,42.11201689121255,11.149872223814771
2021-11-03,2021-11-02,SJC_Gold,58.6,58.55,42.11201689121255,11.149872223814771
2021-11-04,2021-11-03,SJC_Gold,58.5,58.6,42.11201689121255,11.149872223814771
2021-11-05,2021-11-04,SJC_Gold,58.75,58.5,42.11201689121255,11.149872223814771
2021-11-06,2021-11-05,SJC_Gold,58.75,58.75,42.11201689121255,11.149872223814771
2021-11-07,2021-11-06,SJC_Gold,58.75,58.75,42.11201689121255,11.149872223814771
2021-11-08,2021-11-07,SJC_Gold,59.0,58.75,42.11201689121255,11.149872223814771
2021-11-09,2021-11-08,SJC_Gold,59.3,59.0,42.11201689121255,11.149872223814771
2021-11-10,2021-11-09,SJC_Gold,59.4,59.3,42.11201689121255,11.149872223814771
2021-11-11,2021-11-10,SJC_Gold,60.0,59.4,42.11201689121255,11.149872223814771
2021-11-12,2021-11-11,SJC_Gold,60.7,60.0,42.11201689121255,11.149872223814771
2021-11-13,2021-11-12,SJC_Gold,60.85,60.7,42.11201689121255,11.149872223814771
2021-11-14,2021-11-13,SJC_Gold,60.85,60.85,42.11201689121255,11.149872223814771
2021-11-15,2021-11-14,SJC_Gold,60.8,60.85,42.11201689121255,11.149872223814771
2021-11-16,2021-11-15,SJC_Gold,61.8,60.8,42.11201689121255,11.149872223814771
2021-11-17,2021-11-16,SJC_Gold,61.8,61.8,42.11201689121255,11.149872223814771
2021-11-18,2021-11-17,SJC_Gold,61.75,61.8,42.11201689121255,11.149872223814771
2021-11-19,2021-11-18,SJC_Gold,60.8,61.75,42.11201689121255,11.149872223814771
2021-11-20,2021-11-19,SJC_Gold,60.5,60.8,42.11201689121255,11.149872223814771
2021-11-21,2021-11-20,SJC_Gold,60.5,60.5,42.11201689121255,11.149872223814771
2021-11-22,2021-11-21,SJC_Gold,60.0,60.5,42.11201689121255,11.149872223814771
2021-11-23,2021-11-22,SJC_Gold,60.05,60.0,42.11201689121255,11.149872223814771
2021-11-24,2021-11-23,SJC_Gold,60.1,60.05,42.11201689121255,11.149872223814771
2021-11-25,2021-11-24,SJC_Gold,60.15,60.1,42.11201689121255,11.149872223814771
2021-11-26,2021-11-25,SJC_Gold,61.05,60.15,42.11201689121255,11.149872223814771
2021-11-27,2021-11-26,SJC_Gold,60.85,61.05,42.11201689121255,11.149872223814771
2021-11-28,2021-11-27,SJC_Gold,60.85,60.85,42.11201689121255,11.149872223814771
2021-11-29,2021-11-28,SJC_Gold,60.65,60.85,42.11201689121255,11.149872223814771
2021-11-30,2021-11-29,SJC_Gold,60.7,60.65,42.11201689121255,11.149872223814771
2021-12-01,2021-11-30,SJC_Gold,60.65,60.7,42.11201689121255,11.149872223814771
2021-12-02,2021-12-01,SJC_Gold,60.7,60.65,42.11201689121255,11.149872223814771
2021-12-03,2021-12-02,SJC_Gold,60.85,60.7,42.11201689121255,11.149872223814771
2021-12-04,2021-12-03,SJC_Gold,61.1,60.85,42.11201689121255,11.149872223814771
2021-12-05,2021-12-04,SJC_Gold,61.1,61.1,42.11201689121255,11.149872223814771
2021-12-06,2021-12-05,SJC_Gold,61.5,61.1,42.11201689121255,11.149872223814771
2021-12-07,2021-12-06,SJC_Gold,61.35,61.5,42.11201689121255,11.149872223814771
2021-12-08,2021-12-07,SJC_Gold,61.1,61.35,42.11201689121255,11.149872223814771
2021-12-09,2021-12-08,SJC_Gold,61.25,61.1,42.11201689121255,11.149872223814771
2021-12-10,2021-12-09,SJC_Gold,61.25,61.25,42.11201689121255,11.149872223814771
2021-12-11,2021-12-10,SJC_Gold,61.4,61.25,42.11201689121255,11.149872223814771
2021-12-12,2021-12-11,SJC_Gold,61.4,61.4,42.11201689121255,11.149872223814771
2021-12-13,2021-12-12,SJC_Gold,61.55,61.4,42.11201689121255,11.149872223814771
2021-12-14,2021-12-13,SJC_Gold,61.6,61.55,42.11201689121255,11.149872223814771
2021-12-15,2021-12-14,SJC_Gold,61.4,61.6,42.11201689121255,11.149872223814771
2021-12-16,2021-12-15,SJC_Gold,61.55,61.4,42.11201689121255,11.149872223814771
2021-12-17,2021-12-16,SJC_Gold,61.75,61.55,42.11201689121255,11.149872223814771
2021-12-18,2021-12-17,SJC_Gold,61.6,61.75,42.11201689121255,11.149872223814771
2021-12-19,2021-12-18,SJC_Gold,61.6,61.6,42.11201689121255,11.149872223814771
2021-12-20,2021-12-19,SJC_Gold,61.7,61.6,42.11201689121255,11.149872223814771
2021-12-21,2021-12-20,SJC_Gold,61.55,61.7,42.11201689121255,11.149872223814771
2021-12-22,2021-12-21,SJC_Gold,61.55,61.55,42.11201689121255,11.149872223814771
2021-12-23,2021-12-22,SJC_Gold,61.6,61.55,42.11201689121255,11.149872223814771
2021-12-24,2021-12-23,SJC_Gold,61.55,61.6,42.11201689121255,11.149872223814771
2021-12-25,2021-12-24,SJC_Gold,61.6,61.55,42.11201689121255,11.149872223814771
2021-12-26,2021-12-25,SJC_Gold,61.6,61.6,42.11201689121255,11.149872223814771
2021-12-27,2021-12-26,SJC_Gold,61.55,61.6,42.11201689121255,11.149872223814771
2021-12-28,2021-12-27,SJC_Gold,61.5,61.55,42.11201689121255,11.149872223814771
2021-12-29,2021-12-28,SJC_Gold,61.3,61.5,42.11201689121255,11.149872223814771
2021-12-30,2021-12-29,SJC_Gold,61.3,61.3,42.11201689121255,11.149872223814771
2021-12-31,2021-12-30,SJC_Gold,61.65,61.3,42.11201689121255,11.149872223814771
2022-01-01,2021-12-31,SJC_Gold,61.65,61.65,42.11201689121255,11.149872223814771
2022-01-02,2022-01-01,SJC_Gold,61.65,61.65,42.11201689121255,11.149872223814771
2022-01-03,2022-01-02,SJC_Gold,61.6,61.65,42.11201689121255,11.149872223814771
2022-01-04,2022-01-03,SJC_Gold,61.6,61.6,42.11201689121255,11.149872223814771
2022-01-05,2022-01-04,SJC_Gold,61.7,61.6,42.11201689121255,11.149872223814771
2022-01-06,2022-01-05,SJC_Gold,61.45,61.7,42.11201689121255,11.149872223814771
2022-01-07,2022-01-06,SJC_Gold,61.6,61.45,42.11201689121255,11.149872223814771
2022-01-08,2022-01-07,SJC_Gold,61.75,61.6,42.11201689121255,11.149872223814771
2022-01-09,2022-01-08,SJC_Gold,61.75,61.75,42.11201689121255,11.149872223814771
2022-01-10,2022-01-09,SJC_Gold,61.5,61.75,42.11201689121255,11.149872223814771
2022-01-11,2022-01-10,SJC_Gold,61.65,61.5,42.11201689121255,11.149872223814771
2022-01-12,2022-01-11,SJC_Gold,61.6,61.65,42.11201689121255,11.149872223814771
2022-01-13,2022-01-12,SJC_Gold,61.7,61.6,42.11201689121255,11.149872223814771
2022-01-14,2022-01-13,SJC_Gold,61.7,61.7,42.11201689121255,11.149872223814771
2022-01-15,2022-01-14,SJC_Gold,61.7,61.7,42.11201689121255,11.149872223814771
2022-01-16,2022-01-15,SJC_Gold,61.7,61.7,42.11201689121255,11.149872223814771
2022-01-17,2022-01-16,SJC_Gold,61.7,61.7,42.11201689121255,11.149872223814771
2022-01-18,2022-01-17,SJC_Gold,61.7,61.7,42.11201689121255,11.149872223814771
2022-01-19,2022-01-18,SJC_Gold,61.75,61.7,42.11201689121255,11.149872223814771
2022-01-20,2022-01-19,SJC_Gold,61.7,61.75,42.11201689121255,11.149872223814771
2022-01-21,2022-01-20,SJC_Gold,61.75,61.7,42.11201689121255,11.149872223814771
2022-01-22,2022-01-21,SJC_Gold,61.93,61.75,42.11201689121255,11.149872223814771
2022-01-23,2022-01-22,SJC_Gold,61.93,61.93,42.11201689121255,11.149872223814771
2022-01-24,2022-01-23,SJC_Gold,62.1,61.93,42.11201689121255,11.149872223814771
2022-01-25,2022-01-24,SJC_Gold,62.55,62.1,42.11201689121255,11.149872223814771
2022-01-26,2022-01-25,SJC_Gold,62.45,62.55,42.11201689121255,11.149872223814771
2022-01-27,2022-01-26,SJC_Gold,62.55,62.45,42.11201689121255,11.149872223814771
2022-01-28,2022-01-27,SJC_Gold,62.5,62.55,42.11201689121255,11.149872223814771
2022-01-29,2022-01-28,SJC_Gold,62.5,62.5,42.11201689121255,11.149872223814771
2022-01-30,2022-01-29,SJC_Gold,62.5,62.5,42.11201689121255,11.149872223814771
2022-01-31,2022-01-30,SJC_Gold,62.5,62.5,42.11201689121255,11.149872223814771
2022-02-01,2022-01-31,SJC_Gold,62.5,62.5,42.11201689121255,11.149872223814771
2022-02-02,2022-02-01,SJC_Gold,62.5,62.5,42.11201689121255,11.149872223814771
2022-02-03,2022-02-02,SJC_Gold,62.5,62.5,42.11201689121255,11.149872223814771
2022-02-04,2022-02-03,SJC_Gold,62.5,62.5,42.11201689121255,11.149872223814771
2022-02-05,2022-02-04,SJC_Gold,62.5,62.5,42.11201689121255,11.149872223814771
2022-02-06,2022-02-05,SJC_Gold,62.5,62.5,42.11201689121255,11.149872223814771
2022-02-07,2022-02-06,SJC_Gold,63.45,62.5,42.11201689121255,11.149872223814771
2022-02-08,2022-02-07,SJC_Gold,62.5,63.45,42.11201689121255,11.149872223814771
2022-02-09,2022-02-08,SJC_Gold,62.15,62.5,42.11201689121255,11.149872223814771
2022-02-10,2022-02-09,SJC_Gold,62.2,62.15,42.11201689121255,11.149872223814771
2022-02-11,2022-02-10,SJC_Gold,62.35,62.2,42.11201689121255,11.149872223814771
2022-02-12,2022-02-11,SJC_Gold,62.7,62.35,42.11201689121255,11.149872223814771
2022-02-13,2022-02-12,SJC_Gold,62.7,62.7,42.11201689121255,11.149872223814771
2022-02-14,2022-02-13,SJC_Gold,62.95,62.7,42.11201689121255,11.149872223814771
2022-02-15,2022-02-14,SJC_Gold,62.95,62.95,42.11201689121255,11.149872223814771
2022-02-16,2022-02-15,SJC_Gold,62.9,62.95,42.11201689121255,11.149872223814771
2022-02-17,2022-02-16,SJC_Gold,63.15,62.9,42.11201689121255,11.149872223814771
2022-02-18,2022-02-17,SJC_Gold,63.2,63.15,42.11201689121255,11.149872223814771
2022-02-19,2022-02-18,SJC_Gold,63.25,63.2,42.11201689121255,11.149872223814771
2022-02-20,2022-02-19,SJC_Gold,63.25,63.25,42.11201689121255,11.149872223814771
2022-02-21,2022-02-20,SJC_Gold,63.4,63.25,42.11201689121255,11.149872223814771
2022-02-22,2022-02-21,SJC_Gold,63.6,63.4,42.11201689121255,11.149872223814771
2022-02-23,2022-02-22,SJC_Gold,63.9,63.6,42.11201689121255,11.149872223814771
2022-02-24,2022-02-23,SJC_Gold,65.65,63.9,42.11201689121255,11.149872223814771
2022-02-25,2022-02-24,SJC_Gold,65.8,65.65,42.11201689121255,11.149872223814771
2022-02-26,2022-02-25,SJC_Gold,65.75,65.8,42.11201689121255,11.149872223814771
2022-02-27,2022-02-26,SJC_Gold,65.75,65.75,42.11201689121255,11.149872223814771
2022-02-28,2022-02-27,SJC_Gold,65.95,65.75,42.11201689121255,11.149872223814771
2022-03-01,2022-02-28,SJC_Gold,66.4,65.95,42.11201689121255,11.149872223814771
2022-03-02,2022-03-01,SJC_Gold,67.4,66.4,42.11201689121255,11.149872223814771
2022-03-03,2022-03-02,SJC_Gold,67.35,67.4,42.11201689121255,11.149872223814771
2022-03-04,2022-03-03,SJC_Gold,67.7,67.35,42.11201689121255,11.149872223814771
2022-03-05,2022-03-04,SJC_Gold,69.3,67.7,42.11201689121255,11.149872223814771
2022-03-06,2022-03-05,SJC_Gold,69.0,69.3,42.11201689121255,11.149872223814771
2022-03-07,2022-03-06,SJC_Gold,73.5,69.0,42.11201689121255,11.149872223814771
2022-03-08,2022-03-07,SJC_Gold,72.0,73.5,42.11201689121255,11.149872223814771
2022-03-09,2022-03-08,SJC_Gold,70.2,72.0,42.11201689121255,11.149872223814771
2022-03-10,2022-03-09,SJC_Gold,69.6,70.2,42.11201689121255,11.149872223814771
2022-03-11,2022-03-10,SJC_Gold,70.2,69.6,42.11201689121255,11.149872223814771
2022-03-12,2022-03-11,SJC_Gold,69.8,70.2,42.11201689121255,11.149872223814771
2022-03-13,2022-03-12,SJC_Gold,69.8,69.8,42.11201689121255,11.149872223814771
2022-03-14,2022-03-13,SJC_Gold,69.0,69.8,42.11201689121255,11.149872223814771
2022-03-15,2022-03-14,SJC_Gold,68.7,69.0,42.11201689121255,11.149872223814771
2022-03-16,2022-03-15,SJC_Gold,68.2,68.7,42.11201689121255,11.149872223814771
2022-03-17,2022-03-16,SJC_Gold,68.7,68.2,42.11201689121255,11.149872223814771
2022-03-18,2022-03-17,SJC_Gold,69.1,68.7,42.11201689121255,11.149872223814771
2022-03-19,2022-03-18,SJC_Gold,68.9,69.1,42.11201689121255,11.149872223814771
2022-03-20,2022-03-19,SJC_Gold,68.9,68.9,42.11201689121255,11.149872223814771
2022-03-21,2022-03-20,SJC_Gold,68.7,68.9,42.11201689121255,11.149872223814771
2022-03-22,2022-03-21,SJC_Gold,68.75,68.7,42.11201689121255,11.149872223814771
2022-03-23,2022-03-22,SJC_Gold,68.8,68.75,42.11201689121255,11.149872223814771
2022-03-24,2022-03-23,SJC_Gold,68.9,68.8,42.11201689121255,11.149872223814771
2022-03-25,2022-03-24,SJC_Gold,69.25,68.9,42.11201689121255,11.149872223814771
2022-03-26,2022-03-25,SJC_Gold,69.45,69.25,42.11201689121255,11.149872223814771
2022-03-27,2022-03-26,SJC_Gold,69.45,69.45,42.11201689121255,11.149872223814771
2022-03-28,2022-03-27,SJC_Gold,69.3,69.45,42.11201689121255,11.149872223814771
2022-03-29,2022-03-28,SJC_Gold,69.1,69.3,42.11201689121255,11.149872223814771
2022-03-30,2022-03-29,SJC_Gold,68.7,69.1,42.11201689121255,11.149872223814771
2022-03-31,2022-03-30,SJC_Gold,68.85,68.7,42.11201689121255,11.149872223814771
2022-04-01,2022-03-31,SJC_Gold,69.1,68.85,42.11201689121255,11.149872223814771
2022-04-02,2022-04-01,SJC_Gold,69.05,69.1,42.11201689121255,11.149872223814771
2022-04-03,2022-04-02,SJC_Gold,69.05,69.05,42.11201689121255,11.149872223814771
2022-04-04,2022-04-03,SJC_Gold,69.0,69.05,42.11201689121255,11.149872223814771
2022-04-05,2022-04-04,SJC_Gold,68.85,69.0,42.11201689121255,11.149872223814771
2022-04-06,2022-04-05,SJC_Gold,68.8,68.85,42.11201689121255,11.149872223814771
2022-04-07,2022-04-06,SJC_Gold,68.85,68.8,42.11201689121255,11.149872223814771
2022-04-08,2022-04-07,SJC_Gold,69.05,68.85,42.11201689121255,11.149872223814771
2022-04-09,2022-04-08,SJC_Gold,69.45,69.05,42.11201689121255,11.149872223814771
2022-04-10,2022-04-09,SJC_Gold,69.45,69.45,42.11201689121255,11.149872223814771
2022-04-11,2022-04-10,SJC_Gold,69.45,69.45,42.11201689121255,11.149872223814771
2022-04-12,2022-04-11,SJC_Gold,69.5,69.45,42.11201689121255,11.149872223814771
2022-04-13,2022-04-12,SJC_Gold,69.8,69.5,42.11201689121255,11.149872223814771
2022-04-14,2022-04-13,SJC_Gold,69.55,69.8,42.11201689121255,11.149872223814771
2022-04-15,2022-04-14,SJC_Gold,69.7,69.55,42.11201689121255,11.149872223814771
2022-04-16,2022-04-15,SJC_Gold,69.85,69.7,42.11201689121255,11.149872223814771
2022-04-17,2022-04-16,SJC_Gold,69.85,69.85,42.11201689121255,11.149872223814771
2022-04-18,2022-04-17,SJC_Gold,71.0,69.85,42.11201689121255,11.149872223814771
2022-04-19,2022-04-18,SJC_Gold,70.75,71.0,42.11201689121255,11.149872223814771
2022-04-20,2022-04-19,SJC_Gold,70.2,70.75,42.11201689121255,11.149872223814771
2022-04-21,2022-04-20,SJC_Gold,70.4,70.2,42.11201689121255,11.149872223814771
2022-04-22,2022-04-21,SJC_Gold,70.5,70.4,42.11201689121255,11.149872223814771
2022-04-23,2022-04-22,SJC_Gold,70.35,70.5,42.11201689121255,11.149872223814771
2022-04-24,2022-04-23,SJC_Gold,70.35,70.35,42.11201689121255,11.149872223814771
2022-04-25,2022-04-24,SJC_Gold,70.25,70.35,42.11201689121255,11.149872223814771
2022-04-26,2022-04-25,SJC_Gold,70.15,70.25,42.11201689121255,11.149872223814771
2022-04-27,2022-04-26,SJC_Gold,70.05,70.15,42.11201689121255,11.149872223814771
2022-04-28,2022-04-27,SJC_Gold,69.95,70.05,42.11201689121255,11.149872223814771
2022-04-29,2022-04-28,SJC_Gold,70.35,69.95,42.11201689121255,11.149872223814771
2022-04-30,2022-04-29,SJC_Gold,70.35,70.35,42.11201689121255,11.149872223814771
2022-05-01,2022-04-30,SJC_Gold,70.35,70.35,42.11201689121255,11.149872223814771
2022-05-02,2022-05-01,SJC_Gold,70.35,70.35,42.11201689121255,11.149872223814771
2022-05-03,2022-05-02,SJC_Gold,69.95,70.35,42.11201689121255,11.149872223814771
2022-05-04,2022-05-03,SJC_Gold,70.1,69.95,42.11201689121255,11.149872223814771
2022-05-05,2022-05-04,SJC_Gold,70.35,70.1,42.11201689121255,11.149872223814771
2022-05-06,2022-05-05,SJC_Gold,70.45,70.35,42.11201689121255,11.149872223814771
2022-05-07,2022-05-06,SJC_Gold,70.45,70.45,42.11201689121255,11.149872223814771
2022-05-08,2022-05-07,SJC_Gold,70.45,70.45,42.11201689121255,11.149872223814771
2022-05-09,2022-05-08,SJC_Gold,70.3,70.45,42.11201689121255,11.149872223814771
2022-05-10,2022-05-09,SJC_Gold,70.15,70.3,42.11201689121255,11.149872223814771
2022-05-11,2022-05-10,SJC_Gold,70.2,70.15,42.11201689121255,11.149872223814771
2022-05-12,2022-05-11,SJC_Gold,70.3,70.2,42.11201689121255,11.149872223814771
2022-05-13,2022-05-12,SJC_Gold,69.8,70.3,42.11201689121255,11.149872223814771
2022-05-14,2022-05-13,SJC_Gold,69.5,69.8,42.11201689121255,11.149872223814771
2022-05-15,2022-05-14,SJC_Gold,69.5,69.5,42.11201689121255,11.149872223814771
2022-05-16,2022-05-15,SJC_Gold,69.25,69.5,42.11201689121255,11.149872223814771
2022-05-17,2022-05-16,SJC_Gold,69.25,69.25,42.11201689121255,11.149872223814771
2022-05-18,2022-05-17,SJC_Gold,69.25,69.25,42.11201689121255,11.149872223814771
2022-05-19,2022-05-18,SJC_Gold,69.25,69.25,42.11201689121255,11.149872223814771
2022-05-20,2022-05-19,SJC_Gold,69.8,69.25,42.11201689121255,11.149872223814771
2022-05-21,2022-05-20,SJC_Gold,69.85,69.8,42.11201689121255,11.149872223814771
2022-05-22,2022-05-21,SJC_Gold,69.85,69.85,42.11201689121255,11.149872223814771
2022-05-23,2022-05-22,SJC_Gold,69.95,69.85,42.11201689121255,11.149872223814771
2022-05-24,2022-05-23,SJC_Gold,69.9,69.95,42.11201689121255,11.149872223814771
2022-05-25,2022-05-24,SJC_Gold,69.1,69.9,42.11201689121255,11.149872223814771
2022-05-26,2022-05-25,SJC_Gold,69.3,69.1,42.11201689121255,11.149872223814771
2022-05-27,2022-05-26,SJC_Gold,69.55,69.3,42.11201689121255,11.149872223814771
2022-05-28,2022-05-27,SJC_Gold,69.5,69.55,42.11201689121255,11.149872223814771
2022-05-29,2022-05-28,SJC_Gold,69.5,69.5,42.11201689121255,11.149872223814771
2022-05-30,2022-05-29,SJC_Gold,69.3,69.5,42.11201689121255,11.149872223814771
2022-05-31,2022-05-30,SJC_Gold,69.3,69.3,42.11201689121255,11.149872223814771
2022-06-01,2022-05-31,SJC_Gold,69.3,69.3,42.11201689121255,11.149872223814771
2022-06-02,2022-06-01,SJC_Gold,69.45,69.3,42.11201689121255,11.149872223814771
2022-06-03,2022-06-02,SJC_Gold,69.7,69.45,42.11201689121255,11.149872223814771
2022-06-04,2022-06-03,SJC_Gold,69.65,69.7,42.11201689121255,11.149872223814771
2022-06-05,2022-06-04,SJC_Gold,69.65,69.65,42.11201689121255,11.149872223814771
2022-06-06,2022-06-05,SJC_Gold,69.5,69.65,42.11201689121255,11.149872223814771
2022-06-07,2022-06-06,SJC_Gold,69.6,69.5,42.11201689121255,11.149872223814771
2022-06-08,2022-06-07,SJC_Gold,69.6,69.6,42.11201689121255,11.149872223814771
2022-06-09,2022-06-08,SJC_Gold,69.7,69.6,42.11201689121255,11.149872223814771
2022-06-10,2022-06-09,SJC_Gold,69.45,69.7,42.11201689121255,11.149872223814771
2022-06-11,2022-06-10,SJC_Gold,69.65,69.45,42.11201689121255,11.149872223814771
2022-06-12,2022-06-11,SJC_Gold,69.65,69.65,42.11201689121255,11.149872223814771
2022-06-13,2022-06-12,SJC_Gold,68.65,69.65,42.11201689121255,11.149872223814771
2022-06-14,2022-06-13,SJC_Gold,68.4,68.65,42.11201689121255,11.149872223814771
2022-06-15,2022-06-14,SJC_Gold,68.45,68.4,42.11201689121255,11.149872223814771
2022-06-16,2022-06-15,SJC_Gold,68.6,68.45,42.11201689121255,11.149872223814771
2022-06-17,2022-06-16,SJC_Gold,68.75,68.6,42.11201689121255,11.149872223814771
2022-06-18,2022-06-17,SJC_Gold,68.65,68.75,42.11201689121255,11.149872223814771
2022-06-19,2022-06-18,SJC_Gold,68.65,68.65,42.11201689121255,11.149872223814771
2022-06-20,2022-06-19,SJC_Gold,68.65,68.65,42.11201689121255,11.149872223814771
2022-06-21,2022-06-20,SJC_Gold,68.65,68.65,42.11201689121255,11.149872223814771
2022-06-22,2022-06-21,SJC_Gold,68.55,68.65,42.11201689121255,11.149872223814771
2022-06-23,2022-06-22,SJC_Gold,68.7,68.55,42.11201689121255,11.149872223814771
2022-06-24,2022-06-23,SJC_Gold,68.6,68.7,42.11201689121255,11.149872223814771
2022-06-25,2022-06-24,SJC_Gold,68.65,68.6,42.11201689121255,11.149872223814771
2022-06-26,2022-06-25,SJC_Gold,68.65,68.65,42.11201689121255,11.149872223814771
2022-06-27,2022-06-26,SJC_Gold,68.6,68.65,42.11201689121255,11.149872223814771
2022-06-28,2022-06-27,SJC_Gold,68.75,68.6,42.11201689121255,11.149872223814771
2022-06-29,2022-06-28,SJC_Gold,68.9,68.75,42.11201689121255,11.149872223814771
2022-06-30,2022-06-29,SJC_Gold,68.9,68.9,42.11201689121255,11.149872223814771
2022-07-01,2022-06-30,SJC_Gold,68.75,68.9,42.11201689121255,11.149872223814771
2022-07-02,2022-07-01,SJC_Gold,68.8,68.75,42.11201689121255,11.149872223814771
2022-07-03,2022-07-02,SJC_Gold,68.8,68.8,42.11201689121255,11.149872223814771
2022-07-04,2022-07-03,SJC_Gold,68.7,68.8,42.11201689121255,11.149872223814771
2022-07-05,2022-07-04,SJC_Gold,68.8,68.7,42.11201689121255,11.149872223814771
2022-07-06,2022-07-05,SJC_Gold,68.45,68.8,42.11201689121255,11.149872223814771
2022-07-07,2022-07-06,SJC_Gold,68.45,68.45,42.11201689121255,11.149872223814771
2022-07-08,2022-07-07,SJC_Gold,68.6,68.45,42.11201689121255,11.149872223814771
2022-07-09,2022-07-08,SJC_Gold,68.55,68.6,42.11201689121255,11.149872223814771
2022-07-10,2022-07-09,SJC_Gold,68.55,68.55,42.11201689121255,11.149872223814771
2022-07-11,2022-07-10,SJC_Gold,68.2,68.55,42.11201689121255,11.149872223814771
2022-07-12,2022-07-11,SJC_Gold,68.25,68.2,42.11201689121255,11.149872223814771
2022-07-13,2022-07-12,SJC_Gold,68.2,68.25,42.11201689121255,11.149872223814771
2022-07-14,2022-07-13,SJC_Gold,68.2,68.2,42.11201689121255,11.149872223814771
2022-07-15,2022-07-14,SJC_Gold,67.95,68.2,42.11201689121255,11.149872223814771
2022-07-16,2022-07-15,SJC_Gold,67.95,67.95,42.11201689121255,11.149872223814771
2022-07-17,2022-07-16,SJC_Gold,67.95,67.95,42.11201689121255,11.149872223814771
2022-07-18,2022-07-17,SJC_Gold,64.5,67.95,42.11201689121255,11.149872223814771
2022-07-19,2022-07-18,SJC_Gold,65.3,64.5,42.11201689121255,11.149872223814771
2022-07-20,2022-07-19,SJC_Gold,66.5,65.3,42.11201689121255,11.149872223814771
2022-07-21,2022-07-20,SJC_Gold,65.2,66.5,42.11201689121255,11.149872223814771
2022-07-22,2022-07-21,SJC_Gold,66.4,65.2,42.11201689121255,11.149872223814771
2022-07-23,2022-07-22,SJC_Gold,66.2,66.4,42.11201689121255,11.149872223814771
2022-07-24,2022-07-23,SJC_Gold,66.2,66.2,42.11201689121255,11.149872223814771
2022-07-25,2022-07-24,SJC_Gold,66.5,66.2,42.11201689121255,11.149872223814771
2022-07-26,2022-07-25,SJC_Gold,66.0,66.5,42.11201689121255,11.149872223814771
2022-07-27,2022-07-26,SJC_Gold,66.1,66.0,42.11201689121255,11.149872223814771
2022-07-28,2022-07-27,SJC_Gold,66.0,66.1,42.11201689121255,11.149872223814771
2022-07-29,2022-07-28,SJC_Gold,66.7,66.0,42.11201689121255,11.149872223814771
2022-07-30,2022-07-29,SJC_Gold,67.1,66.7,42.11201689121255,11.149872223814771
2022-07-31,2022-07-30,SJC_Gold,67.1,67.1,42.11201689121255,11.149872223814771
2022-08-01,2022-07-31,SJC_Gold,67.8,67.1,42.11201689121255,11.149872223814771
2022-08-02,2022-08-01,SJC_Gold,68.4,67.8,42.11201689121255,11.149872223814771
2022-08-03,2022-08-02,SJC_Gold,67.0,68.4,42.11201689121255,11.149872223814771
2022-08-04,2022-08-03,SJC_Gold,67.4,67.0,42.11201689121255,11.149872223814771
2022-08-05,2022-08-04,SJC_Gold,67.6,67.4,42.11201689121255,11.149872223814771
2022-08-06,2022-08-05,SJC_Gold,67.3,67.6,42.11201689121255,11.149872223814771
2022-08-07,2022-08-06,SJC_Gold,67.3,67.3,42.11201689121255,11.149872223814771
2022-08-08,2022-08-07,SJC_Gold,67.3,67.3,42.11201689121255,11.149872223814771
2022-08-09,2022-08-08,SJC_Gold,67.2,67.3,42.11201689121255,11.149872223814771
2022-08-10,2022-08-09,SJC_Gold,67.0,67.2,42.11201689121255,11.149872223814771
2022-08-11,2022-08-10,SJC_Gold,67.2,67.0,42.11201689121255,11.149872223814771
2022-08-12,2022-08-11,SJC_Gold,67.3,67.2,42.11201689121255,11.149872223814771
2022-08-13,2022-08-12,SJC_Gold,67.6,67.3,42.11201689121255,11.149872223814771
2022-08-14,2022-08-13,SJC_Gold,67.6,67.6,42.11201689121255,11.149872223814771
2022-08-15,2022-08-14,SJC_Gold,67.1,67.6,42.11201689121255,11.149872223814771
2022-08-16,2022-08-15,SJC_Gold,67.0,67.1,42.11201689121255,11.149872223814771
2022-08-17,2022-08-16,SJC_Gold,67.2,67.0,42.11201689121255,11.149872223814771
2022-08-18,2022-08-17,SJC_Gold,67.2,67.2,42.11201689121255,11.149872223814771
2022-08-19,2022-08-18,SJC_Gold,67.2,67.2,42.11201689121255,11.149872223814771
2022-08-20,2022-08-19,SJC_Gold,67.2,67.2,42.11201689121255,11.149872223814771
2022-08-21,2022-08-20,SJC_Gold,67.2,67.2,42.11201689121255,11.149872223814771
2022-08-22,2022-08-21,SJC_Gold,67.0,67.2,42.11201689121255,11.149872223814771
2022-08-23,2022-08-22,SJC_Gold,67.05,67.0,42.11201689121255,11.149872223814771
2022-08-24,2022-08-23,SJC_Gold,67.1,67.05,42.11201689121255,11.149872223814771
2022-08-25,2022-08-24,SJC_Gold,66.85,67.1,42.11201689121255,11.149872223814771
2022-08-26,2022-08-25,SJC_Gold,66.9,66.85,42.11201689121255,11.149872223814771
2022-08-27,2022-08-26,SJC_Gold,66.8,66.9,42.11201689121255,11.149872223814771
2022-08-28,2022-08-27,SJC_Gold,66.8,66.8,42.11201689121255,11.149872223814771
2022-08-29,2022-08-28,SJC_Gold,66.55,66.8,42.11201689121255,11.149872223814771
2022-08-30,2022-08-29,SJC_Gold,66.7,66.55,42.11201689121255,11.149872223814771
2022-08-31,2022-08-30,SJC_Gold,66.65,66.7,42.11201689121255,11.149872223814771
2022-09-01,2022-08-31,SJC_Gold,66.65,66.65,42.11201689121255,11.149872223814771
2022-09-02,2022-09-01,SJC_Gold,66.65,66.65,42.11201689121255,11.149872223814771
2022-09-03,2022-09-02,SJC_Gold,66.7,66.65,42.11201689121255,11.149872223814771
2022-09-04,2022-09-03,SJC_Gold,66.7,66.7,42.11201689121255,11.149872223814771
2022-09-05,2022-09-04,SJC_Gold,66.7,66.7,42.11201689121255,11.149872223814771
2022-09-06,2022-09-05,SJC_Gold,66.8,66.7,42.11201689121255,11.149872223814771
2022-09-07,2022-09-06,SJC_Gold,66.8,66.8,42.11201689121255,11.149872223814771
2022-09-08,2022-09-07,SJC_Gold,66.95,66.8,42.11201689121255,11.149872223814771
2022-09-09,2022-09-08,SJC_Gold,67.0,66.95,42.11201689121255,11.149872223814771
2022-09-10,2022-09-09,SJC_Gold,66.95,67.0,42.11201689121255,11.149872223814771
2022-09-11,2022-09-10,SJC_Gold,66.95,66.95,42.11201689121255,11.149872223814771
2022-09-12,2022-09-11,SJC_Gold,67.0,66.95,42.11201689121255,11.149872223814771
2022-09-13,2022-09-12,SJC_Gold,67.05,67.0,42.11201689121255,11.149872223814771
2022-09-14,2022-09-13,SJC_Gold,66.9,67.05,42.11201689121255,11.149872223814771
2022-09-15,2022-09-14,SJC_Gold,66.75,66.9,42.11201689121255,11.149872223814771
2022-09-16,2022-09-15,SJC_Gold,66.55,66.75,42.11201689121255,11.149872223814771
2022-09-17,2022-09-16,SJC_Gold,66.65,66.55,42.11201689121255,11.149872223814771
2022-09-18,2022-09-17,SJC_Gold,66.65,66.65,42.11201689121255,11.149872223814771
2022-09-19,2022-09-18,SJC_Gold,66.55,66.65,42.11201689121255,11.149872223814771
2022-09-20,2022-09-19,SJC_Gold,66.65,66.55,42.11201689121255,11.149872223814771
2022-09-21,2022-09-20,SJC_Gold,66.75,66.65,42.11201689121255,11.149872223814771
2022-09-22,2022-09-21,SJC_Gold,66.6,66.75,42.11201689121255,11.149872223814771
2022-09-23,2022-09-22,SJC_Gold,66.6,66.6,42.11201689121255,11.149872223814771
2022-09-24,2022-09-23,SJC_Gold,66.6,66.6,42.11201689121255,11.149872223814771
2022-09-25,2022-09-24,SJC_Gold,66.6,66.6,42.11201689121255,11.149872223814771
2022-09-26,2022-09-25,SJC_Gold,66.4,66.6,42.11201689121255,11.149872223814771
2022-09-27,2022-09-26,SJC_Gold,65.6,66.4,42.11201689121255,11.149872223814771
2022-09-28,2022-09-27,SJC_Gold,65.2,65.6,42.11201689121255,11.149872223814771
2022-09-29,2022-09-28,SJC_Gold,65.55,65.2,42.11201689121255,11.149872223814771
2022-09-30,2022-09-29,SJC_Gold,66.4,65.55,42.11201689121255,11.149872223814771
2022-10-01,2022-09-30,SJC_Gold,66.4,66.4,42.11201689121255,11.149872223814771
2022-10-02,2022-10-01,SJC_Gold,66.4,66.4,42.11201689121255,11.149872223814771
2022-10-03,2022-10-02,SJC_Gold,66.2,66.4,42.11201689121255,11.149872223814771
2022-10-04,2022-10-03,SJC_Gold,66.4,66.2,42.11201689121255,11.149872223814771
2022-10-05,2022-10-04,SJC_Gold,66.4,66.4,42.11201689121255,11.149872223814771
2022-10-06,2022-10-05,SJC_Gold,65.7,66.4,42.11201689121255,11.149872223814771
2022-10-07,2022-10-06,SJC_Gold,65.9,65.7,42.11201689121255,11.149872223814771
2022-10-08,2022-10-07,SJC_Gold,66.5,65.9,42.11201689121255,11.149872223814771
2022-10-09,2022-10-08,SJC_Gold,66.5,66.5,42.11201689121255,11.149872223814771
2022-10-10,2022-10-09,SJC_Gold,67.2,66.5,42.11201689121255,11.149872223814771
2022-10-11,2022-10-10,SJC_Gold,66.9,67.2,42.11201689121255,11.149872223814771
2022-10-12,2022-10-11,SJC_Gold,66.9,66.9,42.11201689121255,11.149872223814771
2022-10-13,2022-10-12,SJC_Gold,67.0,66.9,42.11201689121255,11.149872223814771
2022-10-14,2022-10-13,SJC_Gold,67.2,67.0,42.11201689121255,11.149872223814771
2022-10-15,2022-10-14,SJC_Gold,66.9,67.2,42.11201689121255,11.149872223814771
2022-10-16,2022-10-15,SJC_Gold,66.9,66.9,42.11201689121255,11.149872223814771
2022-10-17,2022-10-16,SJC_Gold,67.0,66.9,42.11201689121255,11.149872223814771
2022-10-18,2022-10-17,SJC_Gold,67.1,67.0,42.11201689121255,11.149872223814771
2022-10-19,2022-10-18,SJC_Gold,67.0,67.1,42.11201689121255,11.149872223814771
2022-10-20,2022-10-19,SJC_Gold,67.2,67.0,42.11201689121255,11.149872223814771
2022-10-21,2022-10-20,SJC_Gold,67.3,67.2,42.11201689121255,11.149872223814771
2022-10-22,2022-10-21,SJC_Gold,67.5,67.3,42.11201689121255,11.149872223814771
2022-10-23,2022-10-22,SJC_Gold,67.5,67.5,42.11201689121255,11.149872223814771
2022-10-24,2022-10-23,SJC_Gold,67.3,67.5,42.11201689121255,11.149872223814771
2022-10-25,2022-10-24,SJC_Gold,67.2,67.3,42.11201689121255,11.149872223814771
2022-10-26,2022-10-25,SJC_Gold,67.4,67.2,42.11201689121255,11.149872223814771
2022-10-27,2022-10-26,SJC_Gold,67.2,67.4,42.11201689121255,11.149872223814771
2022-10-28,2022-10-27,SJC_Gold,67.1,67.2,42.11201689121255,11.149872223814771
2022-10-29,2022-10-28,SJC_Gold,67.1,67.1,42.11201689121255,11.149872223814771
2022-10-30,2022-10-29,SJC_Gold,67.1,67.1,42.11201689121255,11.149872223814771
2022-10-31,2022-10-30,SJC_Gold,67.0,67.1,42.11201689121255,11.149872223814771
2022-11-01,2022-10-31,SJC_Gold,67.1,67.0,42.11201689121255,11.149872223814771
2022-11-02,2022-11-01,SJC_Gold,67.2,67.1,42.11201689121255,11.149872223814771
2022-11-03,2022-11-02,SJC_Gold,67.0,67.2,42.11201689121255,11.149872223814771
2022-11-04,2022-11-03,SJC_Gold,67.3,67.0,42.11201689121255,11.149872223814771
2022-11-05,2022-11-04,SJC_Gold,67.7,67.3,42.11201689121255,11.149872223814771
2022-11-06,2022-11-05,SJC_Gold,67.7,67.7,42.11201689121255,11.149872223814771
2022-11-07,2022-11-06,SJC_Gold,67.3,67.7,42.11201689121255,11.149872223814771
2022-11-08,2022-11-07,SJC_Gold,67.2,67.3,42.11201689121255,11.149872223814771
2022-11-09,2022-11-08,SJC_Gold,67.5,67.2,42.11201689121255,11.149872223814771
2022-11-10,2022-11-09,SJC_Gold,67.3,67.5,42.11201689121255,11.149872223814771
2022-11-11,2022-11-10,SJC_Gold,67.6,67.3,42.11201689121255,11.149872223814771
2022-11-12,2022-11-11,SJC_Gold,67.6,67.6,42.11201689121255,11.149872223814771
2022-11-13,2022-11-12,SJC_Gold,67.6,67.6,42.11201689121255,11.149872223814771
2022-11-14,2022-11-13,SJC_Gold,67.5,67.6,42.11201689121255,11.149872223814771
2022-11-15,2022-11-14,SJC_Gold,67.7,67.5,42.11201689121255,11.149872223814771
2022-11-16,2022-11-15,SJC_Gold,67.7,67.7,42.11201689121255,11.149872223814771
2022-11-17,2022-11-16,SJC_Gold,67.7,67.7,42.11201689121255,11.149872223814771
2022-11-18,2022-11-17,SJC_Gold,67.6,67.7,42.11201689121255,11.149872223814771
2022-11-19,2022-11-18,SJC_Gold,67.6,67.6,42.11201689121255,11.149872223814771
2022-11-20,2022-11-19,SJC_Gold,67.6,67.6,42.11201689121255,11.149872223814771
2022-11-21,2022-11-20,SJC_Gold,67.5,67.6,42.11201689121255,11.149872223814771
2022-11-22,2022-11-21,SJC_Gold,67.5,67.5,42.11201689121255,11.149872223814771
2022-11-23,2022-11-22,SJC_Gold,67.5,67.5,42.11201689121255,11.149872223814771
2022-11-24,2022-11-23,SJC_Gold,67.6,67.5,42.11201689121255,11.149872223814771
2022-11-25,2022-11-24,SJC_Gold,67.7,67.6,42.11201689121255,11.149872223814771
2022-11-26,2022-11-25,SJC_Gold,67.6,67.7,42.11201689121255,11.149872223814771
2022-11-27,2022-11-26,SJC_Gold,67.6,67.6,42.11201689121255,11.149872223814771
2022-11-28,2022-11-27,SJC_Gold,67.45,67.6,42.11201689121255,11.149872223814771
2022-11-29,2022-11-28,SJC_Gold,67.3,67.45,42.11201689121255,11.149872223814771
2022-11-30,2022-11-29,SJC_Gold,67.3,67.3,42.11201689121255,11.149872223814771
2022-12-01,2022-11-30,SJC_Gold,67.15,67.3,42.11201689121255,11.149872223814771
2022-12-02,2022-12-01,SJC_Gold,67.0,67.15,42.11201689121255,11.149872223814771
2022-12-03,2022-12-02,SJC_Gold,66.95,67.0,42.11201689121255,11.149872223814771
2022-12-04,2022-12-03,SJC_Gold,66.95,66.95,42.11201689121255,11.149872223814771
2022-12-05,2022-12-04,SJC_Gold,67.05,66.95,42.11201689121255,11.149872223814771
2022-12-06,2022-12-05,SJC_Gold,67.15,67.05,42.11201689121255,11.149872223814771
2022-12-07,2022-12-06,SJC_Gold,66.9,67.15,42.11201689121255,11.149872223814771
2022-12-08,2022-12-07,SJC_Gold,67.15,66.9,42.11201689121255,11.149872223814771
2022-12-09,2022-12-08,SJC_Gold,67.1,67.15,42.11201689121255,11.149872223814771
2022-12-10,2022-12-09,SJC_Gold,67.25,67.1,42.11201689121255,11.149872223814771
2022-12-11,2022-12-10,SJC_Gold,67.25,67.25,42.11201689121255,11.149872223814771
2022-12-12,2022-12-11,SJC_Gold,67.2,67.25,42.11201689121255,11.149872223814771
2022-12-13,2022-12-12,SJC_Gold,66.9,67.2,42.11201689121255,11.149872223814771
2022-12-14,2022-12-13,SJC_Gold,67.0,66.9,42.11201689121255,11.149872223814771
2022-12-15,2022-12-14,SJC_Gold,66.8,67.0,42.11201689121255,11.149872223814771
2022-12-16,2022-12-15,SJC_Gold,66.9,66.8,42.11201689121255,11.149872223814771
2022-12-17,2022-12-16,SJC_Gold,67.0,66.9,42.11201689121255,11.149872223814771
2022-12-18,2022-12-17,SJC_Gold,67.0,67.0,42.11201689121255,11.149872223814771
2022-12-19,2022-12-18,SJC_Gold,67.0,67.0,42.11201689121255,11.149872223814771
2022-12-20,2022-12-19,SJC_Gold,67.2,67.0,42.11201689121255,11.149872223814771
2022-12-21,2022-12-20,SJC_Gold,66.8,67.2,42.11201689121255,11.149872223814771
2022-12-22,2022-12-21,SJC_Gold,66.9,66.8,42.11201689121255,11.149872223814771
2022-12-23,2022-12-22,SJC_Gold,66.9,66.9,42.11201689121255,11.149872223814771
2022-12-24,2022-12-23,SJC_Gold,66.95,66.9,42.11201689121255,11.149872223814771
2022-12-25,2022-12-24,SJC_Gold,66.95,66.95,42.11201689121255,11.149872223814771
2022-12-26,2022-12-25,SJC_Gold,66.9,66.95,42.11201689121255,11.149872223814771
2022-12-27,2022-12-26,SJC_Gold,66.6,66.9,42.11201689121255,11.149872223814771
2022-12-28,2022-12-27,SJC_Gold,66.7,66.6,42.11201689121255,11.149872223814771
2022-12-29,2022-12-28,SJC_Gold,66.7,66.7,42.11201689121255,11.149872223814771
2022-12-30,2022-12-29,SJC_Gold,66.7,66.7,42.11201689121255,11.149872223814771
2022-12-31,2022-12-30,SJC_Gold,67.0,66.7,42.11201689121255,11.149872223814771
2023-01-01,2022-12-31,SJC_Gold,67.0,67.0,42.11201689121255,11.149872223814771
2023-01-02,2023-01-01,SJC_Gold,67.0,67.0,42.11201689121255,11.149872223814771
2023-01-03,2023-01-02,SJC_Gold,67.1,67.0,42.11201689121255,11.149872223814771
2023-01-04,2023-01-03,SJC_Gold,67.3,67.1,42.11201689121255,11.149872223814771
2023-01-05,2023-01-04,SJC_Gold,67.0,67.3,42.11201689121255,11.149872223814771
2023-01-06,2023-01-05,SJC_Gold,67.1,67.0,42.11201689121255,11.149872223814771
2023-01-07,2023-01-06,SJC_Gold,67.25,67.1,42.11201689121255,11.149872223814771
2023-01-08,2023-01-07,SJC_Gold,67.25,67.25,42.11201689121255,11.149872223814771
2023-01-09,2023-01-08,SJC_Gold,66.8,67.25,42.11201689121255,11.149872223814771
2023-01-10,2023-01-09,SJC_Gold,66.9,66.8,42.11201689121255,11.149872223814771
2023-01-11,2023-01-10,SJC_Gold,66.95,66.9,42.11201689121255,11.149872223814771
2023-01-12,2023-01-11,SJC_Gold,67.0,66.95,42.11201689121255,11.149872223814771
2023-01-13,2023-01-12,SJC_Gold,67.3,67.0,42.11201689121255,11.149872223814771
2023-01-14,2023-01-13,SJC_Gold,67.4,67.3,42.11201689121255,11.149872223814771
2023-01-15,2023-01-14,SJC_Gold,67.4,67.4,42.11201689121255,11.149872223814771
2023-01-16,2023-01-15,SJC_Gold,67.2,67.4,42.11201689121255,11.149872223814771
2023-01-17,2023-01-16,SJC_Gold,67.5,67.2,42.11201689121255,11.149872223814771
2023-01-18,2023-01-17,SJC_Gold,67.6,67.5,42.11201689121255,11.149872223814771
2023-01-19,2023-01-18,SJC_Gold,67.9,67.6,42.11201689121255,11.149872223814771
2023-01-20,2023-01-19,SJC_Gold,67.9,67.9,42.11201689121255,11.149872223814771
2023-01-21,2023-01-20,SJC_Gold,67.9,67.9,42.11201689121255,11.149872223814771
2023-01-22,2023-01-21,SJC_Gold,67.9,67.9,42.11201689121255,11.149872223814771
2023-01-23,2023-01-22,SJC_Gold,67.9,67.9,42.11201689121255,11.149872223814771
2023-01-24,2023-01-23,SJC_Gold,67.9,67.9,42.11201689121255,11.149872223814771
2023-01-25,2023-01-24,SJC_Gold,67.9,67.9,42.11201689121255,11.149872223814771
2023-01-26,2023-01-25,SJC_Gold,67.9,67.9,42.11201689121255,11.149872223814771
2023-01-27,2023-01-26,SJC_Gold,68.5,67.9,42.11201689121255,11.149872223814771
2023-01-28,2023-01-27,SJC_Gold,68.4,68.5,42.11201689121255,11.149872223814771
2023-01-29,2023-01-28,SJC_Gold,68.2,68.4,42.11201689121255,11.149872223814771
2023-01-30,2023-01-29,SJC_Gold,67.4,68.2,42.11201689121255,11.149872223814771
2023-01-31,2023-01-30,SJC_Gold,67.6,67.4,42.11201689121255,11.149872223814771
2023-02-01,2023-01-31,SJC_Gold,67.4,67.6,42.11201689121255,11.149872223814771
2023-02-02,2023-02-01,SJC_Gold,67.8,67.4,42.11201689121255,11.149872223814771
2023-02-03,2023-02-02,SJC_Gold,67.5,67.8,42.11201689121255,11.149872223814771
2023-02-04,2023-02-03,SJC_Gold,67.4,67.5,42.11201689121255,11.149872223814771
2023-02-05,2023-02-04,SJC_Gold,67.4,67.4,42.11201689121255,11.149872223814771
2023-02-06,2023-02-05,SJC_Gold,67.2,67.4,42.11201689121255,11.149872223814771
2023-02-07,2023-02-06,SJC_Gold,67.35,67.2,42.11201689121255,11.149872223814771
2023-02-08,2023-02-07,SJC_Gold,67.5,67.35,42.11201689121255,11.149872223814771
2023-02-09,2023-02-08,SJC_Gold,67.35,67.5,42.11201689121255,11.149872223814771
2023-02-10,2023-02-09,SJC_Gold,67.3,67.35,42.11201689121255,11.149872223814771
2023-02-11,2023-02-10,SJC_Gold,67.4,67.3,42.11201689121255,11.149872223814771
2023-02-12,2023-02-11,SJC_Gold,67.4,67.4,42.11201689121255,11.149872223814771
2023-02-13,2023-02-12,SJC_Gold,67.25,67.4,42.11201689121255,11.149872223814771
2023-02-14,2023-02-13,SJC_Gold,67.4,67.25,42.11201689121255,11.149872223814771
2023-02-15,2023-02-14,SJC_Gold,67.2,67.4,42.11201689121255,11.149872223814771
2023-02-16,2023-02-15,SJC_Gold,67.15,67.2,42.11201689121255,11.149872223814771
2023-02-17,2023-02-16,SJC_Gold,67.05,67.15,42.11201689121255,11.149872223814771
2023-02-18,2023-02-17,SJC_Gold,67.1,67.05,42.11201689121255,11.149872223814771
2023-02-19,2023-02-18,SJC_Gold,67.1,67.1,42.11201689121255,11.149872223814771
2023-02-20,2023-02-19,SJC_Gold,67.1,67.1,42.11201689121255,11.149872223814771
2023-02-21,2023-02-20,SJC_Gold,67.0,67.1,42.11201689121255,11.149872223814771
2023-02-22,2023-02-21,SJC_Gold,67.1,67.0,42.11201689121255,11.149872223814771
2023-02-23,2023-02-22,SJC_Gold,67.0,67.1,42.11201689121255,11.149872223814771
2023-02-24,2023-02-23,SJC_Gold,67.0,67.0,42.11201689121255,11.149872223814771
2023-02-25,2023-02-24,SJC_Gold,66.9,67.0,42.11201689121255,11.149872223814771
2023-02-26,2023-02-25,SJC_Gold,66.9,66.9,42.11201689121255,11.149872223814771
2023-02-27,2023-02-26,SJC_Gold,66.75,66.9,42.11201689121255,11.149872223814771
2023-02-28,2023-02-27,SJC_Gold,66.8,66.75,42.11201689121255,11.149872223814771
2023-03-01,2023-02-28,SJC_Gold,66.95,66.8,42.11201689121255,11.149872223814771
2023-03-02,2023-03-01,SJC_Gold,66.85,66.95,42.11201689121255,11.149872223814771
2023-03-03,2023-03-02,SJC_Gold,66.8,66.85,42.11201689121255,11.149872223814771
2023-03-04,2023-03-03,SJC_Gold,66.9,66.8,42.11201689121255,11.149872223814771
2023-03-05,2023-03-04,SJC_Gold,66.9,66.9,42.11201689121255,11.149872223814771
2023-03-06,2023-03-05,SJC_Gold,66.85,66.9,42.11201689121255,11.149872223814771
2023-03-07,2023-03-06,SJC_Gold,66.7,66.85,42.11201689121255,11.149872223814771
2023-03-08,2023-03-07,SJC_Gold,66.55,66.7,42.11201689121255,11.149872223814771
2023-03-09,2023-03-08,SJC_Gold,66.55,66.55,42.11201689121255,11.149872223814771
2023-03-10,2023-03-09,SJC_Gold,66.55,66.55,42.11201689121255,11.149872223814771
2023-03-11,2023-03-10,SJC_Gold,66.8,66.55,42.11201689121255,11.149872223814771
2023-03-12,2023-03-11,SJC_Gold,66.8,66.8,42.11201689121255,11.149872223814771
2023-03-13,2023-03-12,SJC_Gold,67.0,66.8,42.11201689121255,11.149872223814771
2023-03-14,2023-03-13,SJC_Gold,66.85,67.0,42.11201689121255,11.149872223814771
2023-03-15,2023-03-14,SJC_Gold,66.65,66.85,42.11201689121255,11.149872223814771
2023-03-16,2023-03-15,SJC_Gold,67.0,66.65,42.11201689121255,11.149872223814771
2023-03-17,2023-03-16,SJC_Gold,67.15,67.0,42.11201689121255,11.149872223814771
2023-03-18,2023-03-17,SJC_Gold,67.5,67.15,42.11201689121255,11.149872223814771
2023-03-19,2023-03-18,SJC_Gold,67.5,67.5,42.11201689121255,11.149872223814771
2023-03-20,2023-03-19,SJC_Gold,67.6,67.5,42.11201689121255,11.149872223814771
2023-03-21,2023-03-20,SJC_Gold,67.3,67.6,42.11201689121255,11.149872223814771
2023-03-22,2023-03-21,SJC_Gold,67.15,67.3,42.11201689121255,11.149872223814771
2023-03-23,2023-03-22,SJC_Gold,67.25,67.15,42.11201689121255,11.149872223814771
2023-03-24,2023-03-23,SJC_Gold,67.35,67.25,42.11201689121255,11.149872223814771
2023-03-25,2023-03-24,SJC_Gold,67.3,67.35,42.11201689121255,11.149872223814771
2023-03-26,2023-03-25,SJC_Gold,67.3,67.3,42.11201689121255,11.149872223814771
2023-03-27,2023-03-26,SJC_Gold,67.35,67.3,42.11201689121255,11.149872223814771
2023-03-28,2023-03-27,SJC_Gold,67.15,67.35,42.11201689121255,11.149872223814771
