Date,input_end_date,group,actual,baseline,actual_log_return,mean,scale
2009-10-15,2009-10-14,SJC_Gold,23.64,23.84,-0.008424649659251493,0.00023264450203764795,0.005663282588812312
2009-10-16,2009-10-15,SJC_Gold,23.52,23.64,-0.005089069507471233,0.00023264450203764795,0.005663282588812312
2009-10-17,2009-10-16,SJC_Gold,23.62,23.52,0.004242687738789996,0.00023264450203764795,0.005663282588812312
2009-10-18,2009-10-17,SJC_Gold,23.62,23.62,0.0,0.00023264450203764795,0.005663282588812312
2009-10-19,2009-10-18,SJC_Gold,23.7,23.62,0.00338123737186935,0.00023264450203764795,0.005663282588812312
2009-10-20,2009-10-19,SJC_Gold,23.89,23.7,0.007984913196632526,0.00023264450203764795,0.005663282588812312
2009-10-21,2009-10-20,SJC_Gold,23.79,23.89,-0.004194637022851833,0.00023264450203764795,0.005663282588812312
2009-10-22,2009-10-21,SJC_Gold,23.85,23.79,0.0025188930194839365,0.00023264450203764795,0.005663282588812312
2009-10-23,2009-10-22,SJC_Gold,23.94,23.85,0.0037664827954770885,0.00023264450203764795,0.005663282588812312
2009-10-24,2009-10-23,SJC_Gold,23.94,23.94,0.0,0.00023264450203764795,0.005663282588812312
2009-10-25,2009-10-24,SJC_Gold,23.94,23.94,0.0,0.00023264450203764795,0.005663282588812312
2009-10-26,2009-10-25,SJC_Gold,23.95,23.94,0.0004176237270967498,0.00023264450203764795,0.005663282588812312
2009-10-27,2009-10-26,SJC_Gold,23.86,23.95,-0.003764907187154165,0.00023264450203764795,0.005663282588812312
2009-10-28,2009-10-27,SJC_Gold,23.85,23.86,-0.00041919933541967325,0.00023264450203764795,0.005663282588812312
2009-10-29,2009-10-28,SJC_Gold,23.78,23.85,-0.002939326071714543,0.00023264450203764795,0.005663282588812312
2009-10-30,2009-10-29,SJC_Gold,23.85,23.78,0.002939326071714543,0.00023264450203764795,0.005663282588812312
2009-10-31,2009-10-30,SJC_Gold,23.88,23.85,0.001257071190051029,0.00023264450203764795,0.005663282588812312
2009-11-01,2009-10-31,SJC_Gold,23.88,23.88,0.0,0.00023264450203764795,0.005663282588812312
2009-11-02,2009-11-01,SJC_Gold,23.95,23.88,0.0029270353325228093,0.00023264450203764795,0.005663282588812312
2009-11-03,2009-11-02,SJC_Gold,24.06,23.95,0.004582386689608864,0.00023264450203764795,0.005663282588812312
2009-11-04,2009-11-03,SJC_Gold,24.75,24.06,0.028274778468166506,0.00023264450203764795,0.005663282588812312
2009-11-05,2009-11-04,SJC_Gold,24.75,24.75,0.0,0.00023264450203764795,0.005663282588812312
2009-11-06,2009-11-05,SJC_Gold,25.36,24.75,0.0243476405543257,0.00023264450203764795,0.005663282588812312
2009-11-07,2009-11-06,SJC_Gold,25.4,25.36,0.0015760444554655528,0.00023264450203764795,0.005663282588812312
2009-11-08,2009-11-07,SJC_Gold,25.4,25.4,0.0,0.00023264450203764795,0.005663282588812312
2009-11-09,2009-11-08,SJC_Gold,26.5,25.4,0.042395558967685876,0.00023264450203764795,0.005663282588812312
2009-11-10,2009-11-09,SJC_Gold,26.75,26.5,0.00938974034983886,0.00023264450203764795,0.005663282588812312
2009-11-11,2009-11-10,SJC_Gold,27.5,26.75,0.02765153133051035,0.00023264450203764795,0.005663282588812312
2009-11-12,2009-11-11,SJC_Gold,26.0,27.5,-0.05608946665104364,0.00023264450203764795,0.005663282588812312
2009-11-13,2009-11-12,SJC_Gold,26.3,26.0,0.01147240116223669,0.00023264450203764795,0.005663282588812312
2009-11-14,2009-11-13,SJC_Gold,26.8,26.3,0.018832948333092236,0.00023264450203764795,0.005663282588812312
2009-11-15,2009-11-14,SJC_Gold,26.8,26.8,0.0,0.00023264450203764795,0.005663282588812312
2009-11-16,2009-11-15,SJC_Gold,26.8,26.8,0.0,0.00023264450203764795,0.005663282588812312
2009-11-17,2009-11-16,SJC_Gold,26.9,26.8,0.0037243990909821,0.00023264450203764795,0.005663282588812312
2009-11-18,2009-11-17,SJC_Gold,27.17,26.9,0.00998713683046315,0.00023264450203764795,0.005663282588812312
2009-11-19,2009-11-18,SJC_Gold,27.1,27.17,-0.00257969555260118,0.00023264450203764795,0.005663282588812312
2009-11-20,2009-11-19,SJC_Gold,27.36,27.1,0.009548364868694481,0.00023264450203764795,0.005663282588812312
2009-11-21,2009-11-20,SJC_Gold,27.58,27.36,0.008008779610805927,0.00023264450203764795,0.005663282588812312
2009-11-22,2009-11-21,SJC_Gold,27.58,27.58,0.0,0.00023264450203764795,0.005663282588812312
2009-11-23,2009-11-22,SJC_Gold,28.45,27.58,0.031057288207184452,0.00023264450203764795,0.005663282588812312
2009-11-24,2009-11-23,SJC_Gold,28.57,28.45,0.004209055670341577,0.00023264450203764795,0.005663282588812312
2009-11-25,2009-11-24,SJC_Gold,28.6,28.57,0.001049501583125334,0.00023264450203764795,0.005663282588812312
2009-11-26,2009-11-25,SJC_Gold,28.68,28.6,0.0027932979056126683,0.00023264450203764795,0.005663282588812312
2009-11-27,2009-11-26,SJC_Gold,28.2,28.68,-0.01687803778735164,0.00023264450203764795,0.005663282588812312
2009-11-28,2009-11-27,SJC_Gold,28.25,28.2,0.0017714796483820905,0.00023264450203764795,0.005663282588812312
2009-11-29,2009-11-28,SJC_Gold,28.25,28.25,0.0,0.00023264450203764795,0.005663282588812312
2009-11-30,2009-11-29,SJC_Gold,28.0,28.25,-0.008888947417246218,0.00023264450203764795,0.005663282588812312
2009-12-01,2009-11-30,SJC_Gold,28.42,28.0,0.014888612493750841,0.00023264450203764795,0.005663282588812312
2009-12-02,2009-12-01,SJC_Gold,28.7,28.42,0.009804000096620857,0.00023264450203764795,0.005663282588812312
2009-12-03,2009-12-02,SJC_Gold,28.6,28.7,-0.0034904049397685988,0.00023264450203764795,0.005663282588812312
2009-12-04,2009-12-03,SJC_Gold,28.53,28.6,-0.0024505526003983924,0.00023264450203764795,0.005663282588812312
2009-12-05,2009-12-04,SJC_Gold,28.15,28.53,-0.013408810639709223,0.00023264450203764795,0.005663282588812312
2009-12-06,2009-12-05,SJC_Gold,28.15,28.15,0.0,0.00023264450203764795,0.005663282588812312
2009-12-07,2009-12-06,SJC_Gold,27.9,28.15,-0.008920665758379354,0.00023264450203764795,0.005663282588812312
2009-12-08,2009-12-07,SJC_Gold,28.06,27.9,0.005718385846994689,0.00023264450203764795,0.005663282588812312
2009-12-09,2009-12-08,SJC_Gold,27.68,28.06,-0.013634943924845988,0.00023264450203764795,0.005663282588812312
2009-12-10,2009-12-09,SJC_Gold,27.37,27.68,-0.0112626076968807,0.00023264450203764795,0.005663282588812312
2009-12-11,2009-12-10,SJC_Gold,27.3,27.37,-0.0025608208616736405,0.00023264450203764795,0.005663282588812312
2009-12-12,2009-12-11,SJC_Gold,26.9,27.3,-0.014760415583121134,0.00023264450203764795,0.005663282588812312
2009-12-13,2009-12-12,SJC_Gold,26.9,26.9,0.0,0.00023264450203764795,0.005663282588812312
2009-12-14,2009-12-13,SJC_Gold,26.92,26.9,0.0007432181687341277,0.00023264450203764795,0.005663282588812312
2009-12-15,2009-12-14,SJC_Gold,27.0,26.92,0.0029673612278018346,0.00023264450203764795,0.005663282588812312
2009-12-16,2009-12-15,SJC_Gold,27.13,27.0,0.0048032606665113775,0.00023264450203764795,0.005663282588812312
2009-12-17,2009-12-16,SJC_Gold,27.22,27.13,0.003311870552479501,0.00023264450203764795,0.005663282588812312
2009-12-18,2009-12-17,SJC_Gold,26.86,27.22,-0.0133138061282283,0.00023264450203764795,0.005663282588812312
2009-12-19,2009-12-18,SJC_Gold,27.1,26.86,0.00889553679056343,0.00023264450203764795,0.005663282588812312
2009-12-20,2009-12-19,SJC_Gold,27.1,27.1,0.0,0.00023264450203764795,0.005663282588812312
2009-12-21,2009-12-20,SJC_Gold,27.02,27.1,-0.002956395353602481,0.00023264450203764795,0.005663282588812312
2009-12-22,2009-12-21,SJC_Gold,26.68,27.02,-0.012663111484629841,0.00023264450203764795,0.005663282588812312
2009-12-23,2009-12-22,SJC_Gold,26.23,26.68,-0.01701042716864043,0.00023264450203764795,0.005663282588812312
2009-12-24,2009-12-23,SJC_Gold,26.5,26.23,0.010240939113394187,0.00023264450203764795,0.005663282588812312
2009-12-25,2009-12-24,SJC_Gold,26.56,26.5,0.0022615916160564353,0.00023264450203764795,0.005663282588812312
2009-12-26,2009-12-25,SJC_Gold,26.6,26.56,0.0015048911794206532,0.00023264450203764795,0.005663282588812312
2009-12-27,2009-12-26,SJC_Gold,26.6,26.6,0.0,0.00023264450203764795,0.005663282588812312
2009-12-28,2009-12-27,SJC_Gold,26.88,26.6,0.010471299867294892,0.00023264450203764795,0.005663282588812312
2009-12-29,2009-12-28,SJC_Gold,26.65,26.88,-0.008593365043095158,0.00023264450203764795,0.005663282588812312
2009-12-30,2009-12-29,SJC_Gold,26.48,26.65,-0.006399419543046125,0.00023264450203764795,0.005663282588812312
2009-12-31,2009-12-30,SJC_Gold,26.74,26.48,0.009770840604989672,0.00023264450203764795,0.005663282588812312
2010-01-01,2009-12-31,SJC_Gold,26.74,26.74,0.0,0.00023264450203764795,0.005663282588812312
2010-01-02,2010-01-01,SJC_Gold,26.7,26.74,-0.0014970062675931928,0.00023264450203764795,0.005663282588812312
2010-01-03,2010-01-02,SJC_Gold,26.7,26.7,0.0,0.00023264450203764795,0.005663282588812312
2010-01-04,2010-01-03,SJC_Gold,26.76,26.7,0.0022446698538240994,0.00023264450203764795,0.005663282588812312
2010-01-05,2010-01-04,SJC_Gold,26.96,26.76,0.007446050784078562,0.00023264450203764795,0.005663282588812312
2010-01-06,2010-01-05,SJC_Gold,26.88,26.96,-0.0029717703891578573,0.00023264450203764795,0.005663282588812312
2010-01-07,2010-01-06,SJC_Gold,26.98,26.88,0.00371333512466121,0.00023264450203764795,0.005663282588812312
2010-01-08,2010-01-07,SJC_Gold,26.83,26.98,-0.00557518634207721,0.00023264450203764795,0.005663282588812312
2010-01-09,2010-01-08,SJC_Gold,26.93,26.83,0.0037202423859747924,0.00023264450203764795,0.005663282588812312
2010-01-10,2010-01-09,SJC_Gold,26.93,26.93,0.0,0.00023264450203764795,0.005663282588812312
2010-01-11,2010-01-10,SJC_Gold,27.18,26.93,0.009240501899490106,0.00023264450203764795,0.005663282588812312
2010-01-12,2010-01-11,SJC_Gold,27.19,27.18,0.0003678499213819464,0.00023264450203764795,0.005663282588812312
2010-01-13,2010-01-12,SJC_Gold,26.93,27.19,-0.009608351820872052,0.00023264450203764795,0.005663282588812312
2010-01-14,2010-01-13,SJC_Gold,26.93,26.93,0.0,0.00023264450203764795,0.005663282588812312
2010-01-15,2010-01-14,SJC_Gold,26.88,26.93,-0.0018583911685587928,0.00023264450203764795,0.005663282588812312
2010-01-16,2010-01-15,SJC_Gold,26.84,26.88,-0.0014892035514675328,0.00023264450203764795,0.005663282588812312
2010-01-17,2010-01-16,SJC_Gold,26.84,26.84,0.0,0.00023264450203764795,0.005663282588812312
2010-01-18,2010-01-17,SJC_Gold,26.86,26.84,0.0007448789916106868,0.00023264450203764795,0.005663282588812312
2010-01-19,2010-01-18,SJC_Gold,26.87,26.86,0.00037223153230803163,0.00023264450203764795,0.005663282588812312
2010-01-20,2010-01-19,SJC_Gold,26.82,26.87,-0.0018625447738673806,0.00023264450203764795,0.005663282588812312
2010-01-21,2010-01-20,SJC_Gold,26.6,26.82,-0.008236662065878697,0.00023264450203764795,0.005663282588812312
2010-01-22,2010-01-21,SJC_Gold,26.38,26.6,-0.008305068498485113,0.00023264450203764795,0.005663282588812312
2010-01-23,2010-01-22,SJC_Gold,26.42,26.38,0.0015151518050107171,0.00023264450203764795,0.005663282588812312
2010-01-24,2010-01-23,SJC_Gold,26.42,26.42,0.0,0.00023264450203764795,0.005663282588812312
2010-01-25,2010-01-24,SJC_Gold,26.5,26.42,0.0030234338979973074,0.00023264450203764795,0.005663282588812312
2010-01-26,2010-01-25,SJC_Gold,26.45,26.5,-0.001888574687868072,0.00023264450203764795,0.005663282588812312
2010-01-27,2010-01-26,SJC_Gold,26.44,26.45,-0.0003781433208227547,0.00023264450203764795,0.005663282588812312
2010-01-28,2010-01-27,SJC_Gold,26.5,26.44,0.0022667180086908267,0.00023264450203764795,0.005663282588812312
2010-01-29,2010-01-28,SJC_Gold,26.43,26.5,-0.002645004375978921,0.00023264450203764795,0.005663282588812312
2010-01-30,2010-01-29,SJC_Gold,26.42,26.43,-0.0003784295220183864,0.00023264450203764795,0.005663282588812312
2010-01-31,2010-01-30,SJC_Gold,26.42,26.42,0.0,0.00023264450203764795,0.005663282588812312
2010-02-01,2010-01-31,SJC_Gold,26.38,26.42,-0.0015151518050107171,0.00023264450203764795,0.005663282588812312
2010-02-02,2010-02-01,SJC_Gold,26.45,26.38,0.0026500110151399525,0.00023264450203764795,0.005663282588812312
2010-02-03,2010-02-02,SJC_Gold,26.54,26.45,0.0033968705997531323,0.00023264450203764795,0.005663282588812312
2010-02-04,2010-02-03,SJC_Gold,26.43,26.54,-0.004153300287863981,0.00023264450203764795,0.005663282588812312
2010-02-05,2010-02-04,SJC_Gold,25.0,26.43,-0.05562390374799708,0.00023264450203764795,0.005663282588812312
2010-02-06,2010-02-05,SJC_Gold,25.3,25.0,0.01192857086527388,0.00023264450203764795,0.005663282588812312
2010-02-07,2010-02-06,SJC_Gold,25.3,25.3,0.0,0.00023264450203764795,0.005663282588812312
2010-02-08,2010-02-07,SJC_Gold,25.18,25.3,-0.004754367117273173,0.00023264450203764795,0.005663282588812312
2010-02-09,2010-02-08,SJC_Gold,25.26,25.18,0.0031720883061439054,0.00023264450203764795,0.005663282588812312
2010-02-10,2010-02-09,SJC_Gold,25.76,25.26,0.01960078431380774,0.00023264450203764795,0.005663282588812312
2010-02-11,2010-02-10,SJC_Gold,26.25,25.76,0.018843087801479808,0.00023264450203764795,0.005663282588812312
2010-02-12,2010-02-11,SJC_Gold,26.42,26.25,0.006455310056546537,0.00023264450203764795,0.005663282588812312
2010-02-13,2010-02-12,SJC_Gold,26.42,26.42,0.0,0.00023264450203764795,0.005663282588812312
2010-02-14,2010-02-13,SJC_Gold,26.42,26.42,0.0,0.00023264450203764795,0.005663282588812312
2010-02-15,2010-02-14,SJC_Gold,26.42,26.42,0.0,0.00023264450203764795,0.005663282588812312
2010-02-16,2010-02-15,SJC_Gold,26.42,26.42,0.0,0.00023264450203764795,0.005663282588812312
2010-02-17,2010-02-16,SJC_Gold,26.42,26.42,0.0,0.00023264450203764795,0.005663282588812312
2010-02-18,2010-02-17,SJC_Gold,26.65,26.42,0.00866785151767413,0.00023264450203764795,0.005663282588812312
2010-02-19,2010-02-18,SJC_Gold,26.6,26.65,-0.001877934824199734,0.00023264450203764795,0.005663282588812312
2010-02-20,2010-02-19,SJC_Gold,26.75,26.6,0.005623257554361771,0.00023264450203764795,0.005663282588812312
2010-02-21,2010-02-20,SJC_Gold,26.75,26.75,0.0,0.00023264450203764795,0.005663282588812312
2010-02-22,2010-02-21,SJC_Gold,26.68,26.75,-0.0026202522945926177,0.00023264450203764795,0.005663282588812312
2010-02-23,2010-02-22,SJC_Gold,26.62,26.68,-0.0022514080804572068,0.00023264450203764795,0.005663282588812312
2010-02-24,2010-02-23,SJC_Gold,26.45,26.62,-0.0064066546626571075,0.00023264450203764795,0.005663282588812312
2010-02-25,2010-02-24,SJC_Gold,26.32,26.45,-0.004927051847192221,0.00023264450203764795,0.005663282588812312
2010-02-26,2010-02-25,SJC_Gold,26.47,26.32,0.005682909781893564,0.00023264450203764795,0.005663282588812312
2010-02-27,2010-02-26,SJC_Gold,26.6,26.47,0.004899199548643818,0.00023264450203764795,0.005663282588812312
2010-02-28,2010-02-27,SJC_Gold,26.6,26.6,0.0,0.00023264450203764795,0.005663282588812312
2010-03-01,2010-02-28,SJC_Gold,26.61,26.6,0.00037586920194421225,0.00023264450203764795,0.005663282588812312
2010-03-02,2010-03-01,SJC_Gold,26.58,26.61,-0.0011280317044986,0.00023264450203764795,0.005663282588812312
2010-03-03,2010-03-02,SJC_Gold,26.69,26.58,0.004129910131333681,0.00023264450203764795,0.005663282588812312
2010-03-04,2010-03-03,SJC_Gold,26.76,26.69,0.0026192718435948947,0.00023264450203764795,0.005663282588812312
2010-03-05,2010-03-04,SJC_Gold,26.78,26.76,0.0007471050029987936,0.00023264450203764795,0.005663282588812312
2010-03-06,2010-03-05,SJC_Gold,26.78,26.78,0.0,0.00023264450203764795,0.005663282588812312
2010-03-07,2010-03-06,SJC_Gold,26.78,26.78,0.0,0.00023264450203764795,0.005663282588812312
2010-03-08,2010-03-07,SJC_Gold,26.82,26.78,0.0014925375905057159,0.00023264450203764795,0.005663282588812312
2010-03-09,2010-03-08,SJC_Gold,26.69,26.82,-0.004858914437099404,0.00023264450203764795,0.005663282588812312
2010-03-10,2010-03-09,SJC_Gold,26.67,26.69,-0.0007496252225100974,0.00023264450203764795,0.005663282588812312
2010-03-11,2010-03-10,SJC_Gold,26.43,26.67,-0.009039609577725205,0.00023264450203764795,0.005663282588812312
2010-03-12,2010-03-11,SJC_Gold,26.57,26.43,0.005283031155524309,0.00023264450203764795,0.005663282588812312
2010-03-13,2010-03-12,SJC_Gold,26.45,26.57,-0.00452660146741346,0.00023264450203764795,0.005663282588812312
2010-03-14,2010-03-13,SJC_Gold,26.45,26.45,0.0,0.00023264450203764795,0.005663282588812312
2010-03-15,2010-03-14,SJC_Gold,26.45,26.45,0.0,0.00023264450203764795,0.005663282588812312
2010-03-16,2010-03-15,SJC_Gold,26.49,26.45,0.001511144979669865,0.00023264450203764795,0.005663282588812312
2010-03-17,2010-03-16,SJC_Gold,26.63,26.49,0.00527109654186253,0.00023264450203764795,0.005663282588812312
2010-03-18,2010-03-17,SJC_Gold,26.51,26.63,-0.0045163795249067995,0.00023264450203764795,0.005663282588812312
2010-03-19,2010-03-18,SJC_Gold,26.51,26.51,0.0,0.00023264450203764795,0.005663282588812312
2010-03-20,2010-03-19,SJC_Gold,26.4,26.51,-0.004158010148663571,0.00023264450203764795,0.005663282588812312
2010-03-21,2010-03-20,SJC_Gold,26.4,26.4,0.0,0.00023264450203764795,0.005663282588812312
2010-03-22,2010-03-21,SJC_Gold,26.4,26.4,0.0,0.00023264450203764795,0.005663282588812312
2010-03-23,2010-03-22,SJC_Gold,26.32,26.4,-0.003034903695154245,0.00023264450203764795,0.005663282588812312
2010-03-24,2010-03-23,SJC_Gold,26.1,26.32,-0.008393792128468469,0.00023264450203764795,0.005663282588812312
2010-03-25,2010-03-24,SJC_Gold,25.96,26.1,-0.005378422492758439,0.00023264450203764795,0.005663282588812312
2010-03-26,2010-03-25,SJC_Gold,26.17,25.96,0.008056824706164978,0.00023264450203764795,0.005663282588812312
2010-03-27,2010-03-26,SJC_Gold,26.3,26.17,0.004955222641664481,0.00023264450203764795,0.005663282588812312
2010-03-28,2010-03-27,SJC_Gold,26.3,26.3,0.0,0.00023264450203764795,0.005663282588812312
2010-03-29,2010-03-28,SJC_Gold,26.25,26.3,-0.001902950146086102,0.00023264450203764795,0.005663282588812312
2010-03-30,2010-03-29,SJC_Gold,26.24,26.25,-0.00038102496174463596,0.00023264450203764795,0.005663282588812312
2010-03-31,2010-03-30,SJC_Gold,26.13,26.24,-0.004200884543366978,0.00023264450203764795,0.005663282588812312
2010-04-01,2010-03-31,SJC_Gold,26.13,26.13,0.0,0.00023264450203764795,0.005663282588812312
2010-04-02,2010-04-01,SJC_Gold,26.15,26.13,0.0007651109784108101,0.00023264450203764795,0.005663282588812312
2010-04-03,2010-04-02,SJC_Gold,26.16,26.15,0.00038233607806592573,0.00023264450203764795,0.005663282588812312
2010-04-04,2010-04-03,SJC_Gold,26.16,26.16,0.0,0.00023264450203764795,0.005663282588812312
2010-04-05,2010-04-04,SJC_Gold,26.17,26.16,0.00038218995305649983,0.00023264450203764795,0.005663282588812312
2010-04-06,2010-04-05,SJC_Gold,26.09,26.17,-0.0030616173934174817,0.00023264450203764795,0.005663282588812312
2010-04-07,2010-04-06,SJC_Gold,26.15,26.09,0.002297091362295056,0.00023264450203764795,0.005663282588812312
2010-04-08,2010-04-07,SJC_Gold,26.36,26.15,0.007998519123374681,0.00023264450203764795,0.005663282588812312
2010-04-09,2010-04-08,SJC_Gold,26.53,26.36,0.006428458515341795,0.00023264450203764795,0.005663282588812312
2010-04-10,2010-04-09,SJC_Gold,26.57,26.53,0.001506591622073561,0.00023264450203764795,0.005663282588812312
2010-04-11,2010-04-10,SJC_Gold,26.57,26.57,0.0,0.00023264450203764795,0.005663282588812312
2010-04-12,2010-04-11,SJC_Gold,26.67,26.57,0.0037565784222008958,0.00023264450203764795,0.005663282588812312
2010-04-13,2010-04-12,SJC_Gold,26.42,26.67,-0.009418039099743591,0.00023264450203764795,0.005663282588812312
2010-04-14,2010-04-13,SJC_Gold,26.49,26.42,0.0026460041897991005,0.00023264450203764795,0.005663282588812312
2010-04-15,2010-04-14,SJC_Gold,26.47,26.49,-0.0007552870449685223,0.00023264450203764795,0.005663282588812312
2010-04-16,2010-04-15,SJC_Gold,26.48,26.47,0.00037771482979742643,0.00023264450203764795,0.005663282588812312
2010-04-17,2010-04-16,SJC_Gold,26.33,26.48,-0.005680757560589278,0.00023264450203764795,0.005663282588812312
2010-04-18,2010-04-17,SJC_Gold,26.33,26.33,0.0,0.00023264450203764795,0.005663282588812312
2010-04-19,2010-04-18,SJC_Gold,26.21,26.33,-0.004567956172902843,0.00023264450203764795,0.005663282588812312
2010-04-20,2010-04-19,SJC_Gold,26.33,26.21,0.004567956172902843,0.00023264450203764795,0.005663282588812312
2010-04-21,2010-04-20,SJC_Gold,26.36,26.33,0.001138736126088613,0.00023264450203764795,0.005663282588812312
2010-04-22,2010-04-21,SJC_Gold,26.35,26.36,-0.0003794346469350174,0.00023264450203764795,0.005663282588812312
2010-04-23,2010-04-22,SJC_Gold,26.31,26.35,-0.0015191799351703672,0.00023264450203764795,0.005663282588812312
2010-04-24,2010-04-23,SJC_Gold,26.45,26.31,0.00530706325210728,0.00023264450203764795,0.005663282588812312
2010-04-25,2010-04-24,SJC_Gold,26.45,26.45,0.0,0.00023264450203764795,0.005663282588812312
2010-04-26,2010-04-25,SJC_Gold,26.45,26.45,0.0,0.00023264450203764795,0.005663282588812312
2010-04-27,2010-04-26,SJC_Gold,26.41,26.45,-0.0015134319952676556,0.00023264450203764795,0.005663282588812312
2010-04-28,2010-04-27,SJC_Gold,26.5,26.41,0.0034020066831357276,0.00023264450203764795,0.005663282588812312
2010-04-29,2010-04-28,SJC_Gold,26.56,26.5,0.0022615916160564353,0.00023264450203764795,0.005663282588812312
2010-04-30,2010-04-29,SJC_Gold,26.56,26.56,0.0,0.00023264450203764795,0.005663282588812312
2010-05-01,2010-04-30,SJC_Gold,26.56,26.56,0.0,0.00023264450203764795,0.005663282588812312
2010-05-02,2010-05-01,SJC_Gold,26.56,26.56,0.0,0.00023264450203764795,0.005663282588812312
2010-05-03,2010-05-02,SJC_Gold,26.56,26.56,0.0,0.00023264450203764795,0.005663282588812312
2010-05-04,2010-05-03,SJC_Gold,26.81,26.56,0.009368627639634752,0.00023264450203764795,0.005663282588812312
2010-05-05,2010-05-04,SJC_Gold,26.69,26.81,-0.004485988831434806,0.00023264450203764795,0.005663282588812312
2010-05-06,2010-05-05,SJC_Gold,26.78,26.69,0.0033663768465936883,0.00023264450203764795,0.005663282588812312
2010-05-07,2010-05-06,SJC_Gold,27.3,26.78,0.019231361927887658,0.00023264450203764795,0.005663282588812312
2010-05-08,2010-05-07,SJC_Gold,27.4,27.3,0.003656311203110274,0.00023264450203764795,0.005663282588812312
2010-05-09,2010-05-08,SJC_Gold,27.4,27.4,0.0,0.00023264450203764795,0.005663282588812312
2010-05-10,2010-05-09,SJC_Gold,27.21,27.4,-0.006958460598869731,0.00023264450203764795,0.005663282588812312
2010-05-11,2010-05-10,SJC_Gold,27.54,27.21,0.01205494050535405,0.00023264450203764795,0.005663282588812312
2010-05-12,2010-05-11,SJC_Gold,28.2,27.54,0.023682484643559043,0.00023264450203764795,0.005663282588812312
2010-05-13,2010-05-12,SJC_Gold,28.17,28.2,-0.001064396055786787,0.00023264450203764795,0.005663282588812312
2010-05-14,2010-05-13,SJC_Gold,28.22,28.17,0.0017733645363868789,0.00023264450203764795,0.005663282588812312
2010-05-15,2010-05-14,SJC_Gold,28.15,28.22,-0.002483591838968735,0.00023264450203764795,0.005663282588812312
2010-05-16,2010-05-15,SJC_Gold,28.15,28.15,0.0,0.00023264450203764795,0.005663282588812312
2010-05-17,2010-05-16,SJC_Gold,28.17,28.15,0.0007102273025818562,0.00023264450203764795,0.005663282588812312
2010-05-18,2010-05-17,SJC_Gold,27.93,28.17,-0.008556201931195773,0.00023264450203764795,0.005663282588812312
2010-05-19,2010-05-18,SJC_Gold,27.77,27.93,-0.0057450786383772545,0.00023264450203764795,0.005663282588812312
2010-05-20,2010-05-19,SJC_Gold,27.49,27.77,-0.010133999141553662,0.00023264450203764795,0.005663282588812312
2010-05-21,2010-05-20,SJC_Gold,27.43,27.49,-0.0021849972276424268,0.00023264450203764795,0.005663282588812312
2010-05-22,2010-05-21,SJC_Gold,27.37,27.43,-0.0021897818969240923,0.00023264450203764795,0.005663282588812312
2010-05-23,2010-05-22,SJC_Gold,27.37,27.37,0.0,0.00023264450203764795,0.005663282588812312
2010-05-24,2010-05-23,SJC_Gold,27.48,27.37,0.004010944301560571,0.00023264450203764795,0.005663282588812312
2010-05-25,2010-05-24,SJC_Gold,27.6,27.48,0.004357305368956066,0.00023264450203764795,0.005663282588812312
2010-05-26,2010-05-25,SJC_Gold,27.97,27.6,0.01331673449076387,0.00023264450203764795,0.005663282588812312
2010-05-27,2010-05-26,SJC_Gold,27.82,27.97,-0.005377320718571443,0.00023264450203764795,0.005663282588812312
2010-05-28,2010-05-27,SJC_Gold,27.73,27.82,-0.0032403268676102215,0.00023264450203764795,0.005663282588812312
2010-05-29,2010-05-28,SJC_Gold,27.74,27.73,0.00036055525899847396,0.00023264450203764795,0.005663282588812312
2010-05-30,2010-05-29,SJC_Gold,27.74,27.74,0.0,0.00023264450203764795,0.005663282588812312
2010-05-31,2010-05-30,SJC_Gold,27.72,27.74,-0.0007212405649830167,0.00023264450203764795,0.005663282588812312
2010-06-01,2010-05-31,SJC_Gold,27.88,27.72,0.005755411570620872,0.00023264450203764795,0.005663282588812312
2010-06-02,2010-06-01,SJC_Gold,27.88,27.88,0.0,0.00023264450203764795,0.005663282588812312
2010-06-03,2010-06-02,SJC_Gold,27.85,27.88,-0.001076619519030153,0.00023264450203764795,0.005663282588812312
2010-06-04,2010-06-03,SJC_Gold,27.69,27.85,-0.005761629190422557,0.00023264450203764795,0.005663282588812312
2010-06-05,2010-06-04,SJC_Gold,27.82,27.69,0.004683849312426602,0.00023264450203764795,0.005663282588812312
2010-06-06,2010-06-05,SJC_Gold,27.82,27.82,0.0,0.00023264450203764795,0.005663282588812312
2010-06-07,2010-06-06,SJC_Gold,27.77,27.82,-0.0017988851765888825,0.00023264450203764795,0.005663282588812312
2010-06-08,2010-06-07,SJC_Gold,28.35,27.77,0.020670728855053166,0.00023264450203764795,0.005663282588812312
2010-06-09,2010-06-08,SJC_Gold,28.17,28.35,-0.006369448285480139,0.00023264450203764795,0.005663282588812312
2010-06-10,2010-06-09,SJC_Gold,27.97,28.17,-0.007125074674412701,0.00023264450203764795,0.005663282588812312
2010-06-11,2010-06-10,SJC_Gold,27.93,27.97,-0.0014311272567830713,0.00023264450203764795,0.005663282588812312
2010-06-12,2010-06-11,SJC_Gold,28.01,27.93,0.0028602093149316943,0.00023264450203764795,0.005663282588812312
2010-06-13,2010-06-12,SJC_Gold,28.01,28.01,0.0,0.00023264450203764795,0.005663282588812312
2010-06-14,2010-06-13,SJC_Gold,28.09,28.01,0.0028520518441350617,0.00023264450203764795,0.005663282588812312
2010-06-15,2010-06-14,SJC_Gold,27.99,28.09,-0.0035663375887899917,0.00023264450203764795,0.005663282588812312
2010-06-16,2010-06-15,SJC_Gold,28.16,27.99,0.006055227762479465,0.00023264450203764795,0.005663282588812312
2010-06-17,2010-06-16,SJC_Gold,28.13,28.16,-0.0010659087880759976,0.00023264450203764795,0.005663282588812312
2010-06-18,2010-06-17,SJC_Gold,28.33,28.13,0.007084691340659699,0.00023264450203764795,0.005663282588812312
2010-06-19,2010-06-18,SJC_Gold,28.52,28.33,0.006684281703670081,0.00023264450203764795,0.005663282588812312
2010-06-20,2010-06-19,SJC_Gold,28.52,28.52,0.0,0.00023264450203764795,0.005663282588812312
2010-06-21,2010-06-20,SJC_Gold,28.67,28.52,0.005245684349183044,0.00023264450203764795,0.005663282588812312
2010-06-22,2010-06-21,SJC_Gold,28.32,28.67,-0.012283011069759375,0.00023264450203764795,0.005663282588812312
2010-06-23,2010-06-22,SJC_Gold,28.45,28.32,0.004579891746820941,0.00023264450203764795,0.005663282588812312
2010-06-24,2010-06-23,SJC_Gold,28.4,28.45,-0.0017590154051796425,0.00023264450203764795,0.005663282588812312
2010-06-25,2010-06-24,SJC_Gold,28.53,28.4,0.004567020058248161,0.00023264450203764795,0.005663282588812312
2010-06-26,2010-06-25,SJC_Gold,28.66,28.53,0.0045462571746170966,0.00023264450203764795,0.005663282588812312
2010-06-27,2010-06-26,SJC_Gold,28.66,28.66,0.0,0.00023264450203764795,0.005663282588812312
2010-06-28,2010-06-27,SJC_Gold,28.68,28.66,0.0006975933313939642,0.00023264450203764795,0.005663282588812312
2010-06-29,2010-06-28,SJC_Gold,28.5,28.68,-0.006295928456814703,0.00023264450203764795,0.005663282588812312
2010-06-30,2010-06-29,SJC_Gold,28.6,28.5,0.003502630551202035,0.00023264450203764795,0.005663282588812312
2010-07-01,2010-06-30,SJC_Gold,28.58,28.6,-0.0006995453240854488,0.00023264450203764795,0.005663282588812312
2010-07-02,2010-07-01,SJC_Gold,28.36,28.58,-0.00772747083779457,0.00023264450203764795,0.005663282588812312
2010-07-03,2010-07-02,SJC_Gold,28.35,28.36,-0.0003526714901656014,0.00023264450203764795,0.005663282588812312
2010-07-04,2010-07-03,SJC_Gold,28.35,28.35,0.0,0.00023264450203764795,0.005663282588812312
2010-07-05,2010-07-04,SJC_Gold,28.34,28.35,-0.0003527959112270551,0.00023264450203764795,0.005663282588812312
2010-07-06,2010-07-05,SJC_Gold,28.35,28.34,0.0003527959112270551,0.00023264450203764795,0.005663282588812312
2010-07-07,2010-07-06,SJC_Gold,28.18,28.35,-0.0060145237032269705,0.00023264450203764795,0.005663282588812312
2010-07-08,2010-07-07,SJC_Gold,28.29,28.18,0.0038958788429415137,0.00023264450203764795,0.005663282588812312
2010-07-09,2010-07-08,SJC_Gold,28.22,28.29,-0.0024774388888078036,0.00023264450203764795,0.005663282588812312
2010-07-10,2010-07-09,SJC_Gold,28.33,28.22,0.003890367417757279,0.00023264450203764795,0.005663282588812312
2010-07-11,2010-07-10,SJC_Gold,28.33,28.33,0.0,0.00023264450203764795,0.005663282588812312
2010-07-12,2010-07-11,SJC_Gold,28.24,28.33,-0.003181901217383931,0.00023264450203764795,0.005663282588812312
2010-07-13,2010-07-12,SJC_Gold,28.25,28.24,0.000354044967408651,0.00023264450203764795,0.005663282588812312
2010-07-14,2010-07-13,SJC_Gold,28.26,28.25,0.00035391966393127916,0.00023264450203764795,0.005663282588812312
2010-07-15,2010-07-14,SJC_Gold,28.26,28.26,0.0,0.00023264450203764795,0.005663282588812312
2010-07-16,2010-07-15,SJC_Gold,28.22,28.26,-0.0014164308317132779,0.00023264450203764795,0.005663282588812312
2010-07-17,2010-07-16,SJC_Gold,28.13,28.22,-0.00319432392290242,0.00023264450203764795,0.005663282588812312
2010-07-18,2010-07-17,SJC_Gold,28.13,28.13,0.0,0.00023264450203764795,0.005663282588812312
2010-07-19,2010-07-18,SJC_Gold,28.11,28.13,-0.0007112375833249196,0.00023264450203764795,0.005663282588812312
2010-07-20,2010-07-19,SJC_Gold,27.98,28.11,-0.004635415681105481,0.00023264450203764795,0.005663282588812312
2010-07-21,2010-07-20,SJC_Gold,28.04,27.98,0.002142092929054318,0.00023264450203764795,0.005663282588812312
2010-07-22,2010-07-21,SJC_Gold,28.01,28.04,-0.001070472894372454,0.00023264450203764795,0.005663282588812312
2010-07-23,2010-07-22,SJC_Gold,28.11,28.01,0.0035637956464236176,0.00023264450203764795,0.005663282588812312
2010-07-24,2010-07-23,SJC_Gold,28.04,28.11,-0.0024933227520511636,0.00023264450203764795,0.005663282588812312
2010-07-25,2010-07-24,SJC_Gold,28.04,28.04,0.0,0.00023264450203764795,0.005663282588812312
2010-07-26,2010-07-25,SJC_Gold,28.03,28.04,-0.00035669698969265085,0.00023264450203764795,0.005663282588812312
2010-07-27,2010-07-26,SJC_Gold,27.99,28.03,-0.0014280616493347331,0.00023264450203764795,0.005663282588812312
2010-07-28,2010-07-27,SJC_Gold,27.72,27.99,-0.0096931292056599,0.00023264450203764795,0.005663282588812312
2010-07-29,2010-07-28,SJC_Gold,27.68,27.72,-0.0014440435722335998,0.00023264450203764795,0.005663282588812312
2010-07-30,2010-07-29,SJC_Gold,27.68,27.68,0.0,0.00023264450203764795,0.005663282588812312
2010-07-31,2010-07-30,SJC_Gold,27.77,27.68,0.0032461705692394816,0.00023264450203764795,0.005663282588812312
2010-08-01,2010-07-31,SJC_Gold,27.77,27.77,0.0,0.00023264450203764795,0.005663282588812312
2010-08-02,2010-08-01,SJC_Gold,27.78,27.77,0.00036003600748957254,0.00023264450203764795,0.005663282588812312
2010-08-03,2010-08-02,SJC_Gold,27.79,27.78,0.00035990642821470686,0.00023264450203764795,0.005663282588812312
2010-08-04,2010-08-03,SJC_Gold,27.97,27.79,0.006456263459456046,0.00023264450203764795,0.005663282588812312
2010-08-05,2010-08-04,SJC_Gold,28.02,27.97,0.0017860336949926392,0.00023264450203764795,0.005663282588812312
2010-08-06,2010-08-05,SJC_Gold,28.03,28.02,0.0003568242678357869,0.00023264450203764795,0.005663282588812312
2010-08-07,2010-08-06,SJC_Gold,28.15,28.03,0.004271989409002419,0.00023264450203764795,0.005663282588812312
2010-08-08,2010-08-07,SJC_Gold,28.15,28.15,0.0,0.00023264450203764795,0.005663282588812312
2010-08-09,2010-08-08,SJC_Gold,28.17,28.15,0.0007102273025818562,0.00023264450203764795,0.005663282588812312
2010-08-10,2010-08-09,SJC_Gold,28.08,28.17,-0.0032000027306708922,0.00023264450203764795,0.005663282588812312
2010-08-11,2010-08-10,SJC_Gold,28.06,28.08,-0.0007125044832956284,0.00023264450203764795,0.005663282588812312
2010-08-12,2010-08-11,SJC_Gold,28.04,28.06,-0.0007130125079251037,0.00023264450203764795,0.005663282588812312
2010-08-13,2010-08-12,SJC_Gold,28.19,28.04,0.005335242959631614,0.00023264450203764795,0.005663282588812312
2010-08-14,2010-08-13,SJC_Gold,28.17,28.19,-0.0007097232377399898,0.00023264450203764795,0.005663282588812312
2010-08-15,2010-08-14,SJC_Gold,28.17,28.17,0.0,0.00023264450203764795,0.005663282588812312
2010-08-16,2010-08-15,SJC_Gold,28.29,28.17,0.0042508034251946825,0.00023264450203764795,0.005663282588812312
2010-08-17,2010-08-16,SJC_Gold,28.46,28.29,0.005991207348230443,0.00023264450203764795,0.005663282588812312
2010-08-18,2010-08-17,SJC_Gold,28.56,28.46,0.0035075448096772988,0.00023264450203764795,0.005663282588812312
2010-08-19,2010-08-18,SJC_Gold,28.77,28.56,0.0073260400920731605,0.00023264450203764795,0.005663282588812312
2010-08-20,2010-08-19,SJC_Gold,28.82,28.77,0.0017364130079191575,0.00023264450203764795,0.005663282588812312
2010-08-21,2010-08-20,SJC_Gold,28.75,28.82,-0.0024318233280165025,0.00023264450203764795,0.005663282588812312
2010-08-22,2010-08-21,SJC_Gold,28.75,28.75,0.0,0.00023264450203764795,0.005663282588812312
2010-08-23,2010-08-22,SJC_Gold,28.76,28.75,0.0003477656094865722,0.00023264450203764795,0.005663282588812312
2010-08-24,2010-08-23,SJC_Gold,28.6,28.76,-0.005578815027039052,0.00023264450203764795,0.005663282588812312
2010-08-25,2010-08-24,SJC_Gold,28.91,28.6,0.010780838202447907,0.00023264450203764795,0.005663282588812312
2010-08-26,2010-08-25,SJC_Gold,29.03,28.91,0.004142222008283625,0.00023264450203764795,0.005663282588812312
2010-08-27,2010-08-26,SJC_Gold,28.96,29.03,-0.002414210519022575,0.00023264450203764795,0.005663282588812312
2010-08-28,2010-08-27,SJC_Gold,28.98,28.96,0.0006903693750204276,0.00023264450203764795,0.005663282588812312
2010-08-29,2010-08-28,SJC_Gold,28.98,28.98,0.0,0.00023264450203764795,0.005663282588812312
2010-08-30,2010-08-29,SJC_Gold,28.96,28.98,-0.0006903693750204276,0.00023264450203764795,0.005663282588812312
2010-08-31,2010-08-30,SJC_Gold,28.95,28.96,-0.0003453634985115528,0.00023264450203764795,0.005663282588812312
2010-09-01,2010-08-31,SJC_Gold,29.24,28.95,0.009967430862573234,0.00023264450203764795,0.005663282588812312
2010-09-02,2010-09-01,SJC_Gold,29.19,29.24,-0.0017114500155539503,0.00023264450203764795,0.005663282588812312
2010-09-03,2010-09-02,SJC_Gold,29.3,29.19,0.003761331156998171,0.00023264450203764795,0.005663282588812312
2010-09-04,2010-09-03,SJC_Gold,29.24,29.3,-0.002049881141444221,0.00023264450203764795,0.005663282588812312
2010-09-05,2010-09-04,SJC_Gold,29.24,29.24,0.0,0.00023264450203764795,0.005663282588812312
2010-09-06,2010-09-05,SJC_Gold,29.26,29.24,0.0006837607104008825,0.00023264450203764795,0.005663282588812312
2010-09-07,2010-09-06,SJC_Gold,29.25,29.26,-0.0003418219141129164,0.00023264450203764795,0.005663282588812312
2010-09-08,2010-09-07,SJC_Gold,29.49,29.25,0.008171649149319116,0.00023264450203764795,0.005663282588812312
2010-09-09,2010-09-08,SJC_Gold,29.41,29.49,-0.0027164702612809677,0.00023264450203764795,0.005663282588812312
2010-09-10,2010-09-09,SJC_Gold,29.3,29.41,-0.0037472365428818932,0.00023264450203764795,0.005663282588812312
2010-09-11,2010-09-10,SJC_Gold,29.29,29.3,-0.00034135518337974347,0.00023264450203764795,0.005663282588812312
2010-09-12,2010-09-11,SJC_Gold,29.29,29.29,0.0,0.00023264450203764795,0.005663282588812312
2010-09-13,2010-09-12,SJC_Gold,29.27,29.29,-0.000683060135847402,0.00023264450203764795,0.005663282588812312
2010-09-14,2010-09-13,SJC_Gold,29.37,29.27,0.0034106445067343394,0.00023264450203764795,0.005663282588812312
2010-09-15,2010-09-14,SJC_Gold,29.76,29.37,0.013191464754362059,0.00023264450203764795,0.005663282588812312
2010-09-16,2010-09-15,SJC_Gold,29.74,29.76,-0.0006722689328819698,0.00023264450203764795,0.005663282588812312
2010-09-17,2010-09-16,SJC_Gold,30.0,29.74,0.008704440630146415,0.00023264450203764795,0.005663282588812312
2010-09-18,2010-09-17,SJC_Gold,29.9,30.0,-0.0033389012655149486,0.00023264450203764795,0.005663282588812312
2010-09-19,2010-09-18,SJC_Gold,29.9,29.9,0.0,0.00023264450203764795,0.005663282588812312
2010-09-20,2010-09-19,SJC_Gold,30.04,29.9,0.0046713464992933496,0.00023264450203764795,0.005663282588812312
2010-09-21,2010-09-20,SJC_Gold,30.08,30.04,0.0013306721857051507,0.00023264450203764795,0.005663282588812312
2010-09-22,2010-09-21,SJC_Gold,30.29,30.08,0.006957125957506971,0.00023264450203764795,0.005663282588812312
2010-09-23,2010-09-22,SJC_Gold,30.33,30.29,0.0013196966613437944,0.00023264450203764795,0.005663282588812312
2010-09-24,2010-09-23,SJC_Gold,30.46,30.33,0.004277025766525888,0.00023264450203764795,0.005663282588812312
2010-09-25,2010-09-24,SJC_Gold,30.46,30.46,0.0,0.00023264450203764795,0.005663282588812312
2010-09-26,2010-09-25,SJC_Gold,30.46,30.46,0.0,0.00023264450203764795,0.005663282588812312
2010-09-27,2010-09-26,SJC_Gold,30.72,30.46,0.00849956081245562,0.00023264450203764795,0.005663282588812312
2010-09-28,2010-09-27,SJC_Gold,30.61,30.72,-0.0035871553221502595,0.00023264450203764795,0.005663282588812312
2010-09-29,2010-09-28,SJC_Gold,31.2,30.61,0.019091341858115563,0.00023264450203764795,0.005663282588812312
2010-09-30,2010-09-29,SJC_Gold,31.25,31.2,0.0016012813669741277,0.00023264450203764795,0.005663282588812312
2010-10-01,2010-09-30,SJC_Gold,31.34,31.25,0.0028758607454641982,0.00023264450203764795,0.005663282588812312
2010-10-02,2010-10-01,SJC_Gold,31.48,31.34,0.004457186621327658,0.00023264450203764795,0.005663282588812312
2010-10-03,2010-10-02,SJC_Gold,31.48,31.48,0.0,0.00023264450203764795,0.005663282588812312
2010-10-04,2010-10-03,SJC_Gold,31.58,31.48,0.0031715852782934206,0.00023264450203764795,0.005663282588812312
2010-10-05,2010-10-04,SJC_Gold,31.75,31.58,0.005368716511204852,0.00023264450203764795,0.005663282588812312
2010-10-06,2010-10-05,SJC_Gold,32.8,31.75,0.03253579005139695,0.00023264450203764795,0.005663282588812312
2010-10-07,2010-10-06,SJC_Gold,32.83,32.8,0.0009142161234034774,0.00023264450203764795,0.005663282588812312
2010-10-08,2010-10-07,SJC_Gold,32.1,32.83,-0.02248670137753095,0.00023264450203764795,0.005663282588812312
2010-10-09,2010-10-08,SJC_Gold,32.42,32.1,0.00991948617155991,0.00023264450203764795,0.005663282588812312
2010-10-10,2010-10-09,SJC_Gold,32.42,32.42,0.0,0.00023264450203764795,0.005663282588812312
2010-10-11,2010-10-10,SJC_Gold,32.57,32.42,0.004616102980611991,0.00023264450203764795,0.005663282588812312
2010-10-12,2010-10-11,SJC_Gold,32.49,32.57,-0.002459269607133052,0.00023264450203764795,0.005663282588812312
2010-10-13,2010-10-12,SJC_Gold,32.72,32.49,0.007054162053536928,0.00023264450203764795,0.005663282588812312
2010-10-14,2010-10-13,SJC_Gold,33.14,32.72,0.012754500263870927,0.00023264450203764795,0.005663282588812312
2010-10-15,2010-10-14,SJC_Gold,33.21,33.14,0.002110023390238247,0.00023264450203764795,0.005663282588812312
2010-10-16,2010-10-15,SJC_Gold,33.15,33.21,-0.0018083187567836667,0.00023264450203764795,0.005663282588812312
2010-10-17,2010-10-16,SJC_Gold,33.15,33.15,0.0,0.00023264450203764795,0.005663282588812312
2010-10-18,2010-10-17,SJC_Gold,33.15,33.15,0.0,0.00023264450203764795,0.005663282588812312
2010-10-19,2010-10-18,SJC_Gold,33.36,33.15,0.006314860858674276,0.00023264450203764795,0.005663282588812312
2010-10-20,2010-10-19,SJC_Gold,32.97,33.36,-0.011759520406906088,0.00023264450203764795,0.005663282588812312
2010-10-21,2010-10-20,SJC_Gold,33.1,32.97,0.0039352252993776204,0.00023264450203764795,0.005663282588812312
2010-10-22,2010-10-21,SJC_Gold,32.74,33.1,-0.010935710440028501,0.00023264450203764795,0.005663282588812312
2010-10-23,2010-10-22,SJC_Gold,32.83,32.74,0.0027451595705123566,0.00023264450203764795,0.005663282588812312
2010-10-24,2010-10-23,SJC_Gold,32.83,32.83,0.0,0.00023264450203764795,0.005663282588812312
2010-10-25,2010-10-24,SJC_Gold,32.96,32.83,0.00395197352776977,0.00023264450203764795,0.005663282588812312
2010-10-26,2010-10-25,SJC_Gold,32.89,32.96,-0.002126044840305319,0.00023264450203764795,0.005663282588812312
2010-10-27,2010-10-26,SJC_Gold,32.88,32.89,-0.0003040900129867019,0.00023264450203764795,0.005663282588812312
2010-10-28,2010-10-27,SJC_Gold,32.85,32.88,-0.000912825257359362,0.00023264450203764795,0.005663282588812312
2010-10-29,2010-10-28,SJC_Gold,33.03,32.85,0.005464494472078751,0.00023264450203764795,0.005663282588812312
2010-10-30,2010-10-29,SJC_Gold,33.4,33.03,0.011139660579956079,0.00023264450203764795,0.005663282588812312
2010-10-31,2010-10-30,SJC_Gold,33.4,33.4,0.0,0.00023264450203764795,0.005663282588812312
2010-11-01,2010-10-31,SJC_Gold,33.55,33.4,0.004480963435036234,0.00023264450203764795,0.005663282588812312
2010-11-02,2010-11-01,SJC_Gold,33.73,33.55,0.005350785655867885,0.00023264450203764795,0.005663282588812312
2010-11-03,2010-11-02,SJC_Gold,33.8,33.73,0.002073153415414364,0.00023264450203764795,0.005663282588812312
2010-11-04,2010-11-03,SJC_Gold,34.18,33.8,0.011179875198471745,0.00023264450203764795,0.005663282588812312
2010-11-05,2010-11-04,SJC_Gold,34.9,34.18,0.02084615152093683,0.00023264450203764795,0.005663282588812312
2010-11-06,2010-11-05,SJC_Gold,35.2,34.9,0.008559253395669764,0.00023264450203764795,0.005663282588812312
2010-11-07,2010-11-06,SJC_Gold,35.2,35.2,0.0,0.00023264450203764795,0.005663282588812312
2010-11-08,2010-11-07,SJC_Gold,35.75,35.2,0.015504186535965303,0.00023264450203764795,0.005663282588812312
2010-11-09,2010-11-08,SJC_Gold,36.7,35.75,0.026226485920508136,0.00023264450203764795,0.005663282588812312
2010-11-10,2010-11-09,SJC_Gold,36.55,36.7,-0.004095568864737498,0.00023264450203764795,0.005663282588812312
2010-11-11,2010-11-10,SJC_Gold,36.3,36.55,-0.006863444924982254,0.00023264450203764795,0.005663282588812312
2010-11-12,2010-11-11,SJC_Gold,35.85,36.3,-0.012474174225175716,0.00023264450203764795,0.005663282588812312
2010-11-13,2010-11-12,SJC_Gold,35.1,35.85,-0.02114243657380932,0.00023264450203764795,0.005663282588812312
2010-11-14,2010-11-13,SJC_Gold,35.1,35.1,0.0,0.00023264450203764795,0.005663282588812312
2010-11-15,2010-11-14,SJC_Gold,35.0,35.1,-0.002853068982406448,0.00023264450203764795,0.005663282588812312
2010-11-16,2010-11-15,SJC_Gold,34.94,35.0,-0.0017157567835028864,0.00023264450203764795,0.005663282588812312
2010-11-17,2010-11-16,SJC_Gold,34.44,34.94,-0.01441362514638067,0.00023264450203764795,0.005663282588812312
2010-11-18,2010-11-17,SJC_Gold,35.55,34.44,0.03172147668971981,0.00023264450203764795,0.005663282588812312
2010-11-19,2010-11-18,SJC_Gold,35.65,35.55,0.0028089906110553287,0.00023264450203764795,0.005663282588812312
2010-11-20,2010-11-19,SJC_Gold,35.55,35.65,-0.0028089906110553287,0.00023264450203764795,0.005663282588812312
2010-11-21,2010-11-20,SJC_Gold,35.55,35.55,0.0,0.00023264450203764795,0.005663282588812312
2010-11-22,2010-11-21,SJC_Gold,35.71,35.55,0.0044906053571072135,0.00023264450203764795,0.005663282588812312
2010-11-23,2010-11-22,SJC_Gold,35.67,35.71,-0.0011207622355566826,0.00023264450203764795,0.005663282588812312
2010-11-24,2010-11-23,SJC_Gold,35.95,35.67,0.007819084796255371,0.00023264450203764795,0.005663282588812312
2010-11-25,2010-11-24,SJC_Gold,35.78,35.95,-0.004740006086482396,0.00023264450203764795,0.005663282588812312
2010-11-26,2010-11-25,SJC_Gold,35.77,35.78,-0.0002795248096467695,0.00023264450203764795,0.005663282588812312
2010-11-27,2010-11-26,SJC_Gold,35.71,35.77,-0.0016787916645695233,0.00023264450203764795,0.005663282588812312
2010-11-28,2010-11-27,SJC_Gold,35.71,35.71,0.0,0.00023264450203764795,0.005663282588812312
2010-11-29,2010-11-28,SJC_Gold,35.78,35.71,0.001958316474216293,0.00023264450203764795,0.005663282588812312
2010-11-30,2010-11-29,SJC_Gold,35.95,35.78,0.004740006086482396,0.00023264450203764795,0.005663282588812312
2010-12-01,2010-11-30,SJC_Gold,36.33,35.95,0.010514762066054839,0.00023264450203764795,0.005663282588812312
2010-12-02,2010-12-01,SJC_Gold,36.27,36.33,-0.0016528929382992885,0.00023264450203764795,0.005663282588812312
2010-12-03,2010-12-02,SJC_Gold,36.16,36.27,-0.0030374177708356598,0.00023264450203764795,0.005663282588812312
2010-12-04,2010-12-03,SJC_Gold,36.5,36.16,0.009358725064470441,0.00023264450203764795,0.005663282588812312
2010-12-05,2010-12-04,SJC_Gold,36.5,36.5,0.0,0.00023264450203764795,0.005663282588812312
2010-12-06,2010-12-05,SJC_Gold,36.58,36.5,0.002189382374273574,0.00023264450203764795,0.005663282588812312
2010-12-07,2010-12-06,SJC_Gold,36.57,36.58,-0.00027341080142972984,0.00023264450203764795,0.005663282588812312
2010-12-08,2010-12-07,SJC_Gold,35.92,36.57,-0.017933988727290906,0.00023264450203764795,0.005663282588812312
2010-12-09,2010-12-08,SJC_Gold,35.79,35.92,-0.003625718656064425,0.00023264450203764795,0.005663282588812312
2010-12-10,2010-12-09,SJC_Gold,35.86,35.79,0.0019539433990520827,0.00023264450203764795,0.005663282588812312
2010-12-11,2010-12-10,SJC_Gold,35.84,35.86,-0.000557880070256811,0.00023264450203764795,0.005663282588812312
2010-12-12,2010-12-11,SJC_Gold,35.84,35.84,0.0,0.00023264450203764795,0.005663282588812312
2010-12-13,2010-12-12,SJC_Gold,36.1,35.84,0.007228277232105285,0.00023264450203764795,0.005663282588812312
2010-12-14,2010-12-13,SJC_Gold,36.22,36.1,0.00331858711643207,0.00023264450203764795,0.005663282588812312
2010-12-15,2010-12-14,SJC_Gold,35.94,36.22,-0.007760571099854285,0.00023264450203764795,0.005663282588812312
2010-12-16,2010-12-15,SJC_Gold,35.92,35.94,-0.0005566379214139161,0.00023264450203764795,0.005663282588812312
2010-12-17,2010-12-16,SJC_Gold,35.8,35.92,-0.0033463500273445135,0.00023264450203764795,0.005663282588812312
2010-12-18,2010-12-17,SJC_Gold,35.9,35.8,0.0027894020875787184,0.00023264450203764795,0.005663282588812312
2010-12-19,2010-12-18,SJC_Gold,35.9,35.9,0.0,0.00023264450203764795,0.005663282588812312
2010-12-20,2010-12-19,SJC_Gold,35.9,35.9,0.0,0.00023264450203764795,0.005663282588812312
2010-12-21,2010-12-20,SJC_Gold,35.84,35.9,-0.0016727073875033582,0.00023264450203764795,0.005663282588812312
2010-12-22,2010-12-21,SJC_Gold,35.85,35.84,0.000278978938899499,0.00023264450203764795,0.005663282588812312
2010-12-23,2010-12-22,SJC_Gold,35.81,35.85,-0.0011163830352880488,0.00023264450203764795,0.005663282588812312
2010-12-24,2010-12-23,SJC_Gold,35.81,35.81,0.0,0.00023264450203764795,0.005663282588812312
2010-12-25,2010-12-24,SJC_Gold,35.85,35.81,0.0011163830352880488,0.00023264450203764795,0.005663282588812312
2010-12-26,2010-12-25,SJC_Gold,35.85,35.85,0.0,0.00023264450203764795,0.005663282588812312
2010-12-27,2010-12-26,SJC_Gold,35.81,35.85,-0.0011163830352880488,0.00023264450203764795,0.005663282588812312
2010-12-28,2010-12-27,SJC_Gold,35.9,35.81,0.002510111483891908,0.00023264450203764795,0.005663282588812312
2010-12-29,2010-12-28,SJC_Gold,36.02,35.9,0.0033370442535769484,0.00023264450203764795,0.005663282588812312
2010-12-30,2010-12-29,SJC_Gold,36.1,36.02,0.002218525591024978,0.00023264450203764795,0.005663282588812312
2010-12-31,2010-12-30,SJC_Gold,36.0,36.1,-0.002773926882725153,0.00023264450203764795,0.005663282588812312
2011-01-01,2010-12-31,SJC_Gold,36.0,36.0,0.0,0.00023264450203764795,0.005663282588812312
2011-01-02,2011-01-01,SJC_Gold,36.0,36.0,0.0,0.00023264450203764795,0.005663282588812312
2011-01-03,2011-01-02,SJC_Gold,36.0,36.0,0.0,0.00023264450203764795,0.005663282588812312
2011-01-04,2011-01-03,SJC_Gold,36.14,36.0,0.003881346707972355,0.00023264450203764795,0.005663282588812312
2011-01-05,2011-01-04,SJC_Gold,35.86,36.14,-0.007777816987095676,0.00023264450203764795,0.005663282588812312
2011-01-06,2011-01-05,SJC_Gold,35.83,35.86,-0.0008369368601242044,0.00023264450203764795,0.005663282588812312
2011-01-07,2011-01-06,SJC_Gold,35.45,35.83,-0.010662278338725795,0.00023264450203764795,0.005663282588812312
2011-01-08,2011-01-07,SJC_Gold,35.45,35.45,0.0,0.00023264450203764795,0.005663282588812312
2011-01-09,2011-01-08,SJC_Gold,35.45,35.45,0.0,0.00023264450203764795,0.005663282588812312
2011-01-10,2011-01-09,SJC_Gold,35.71,35.45,0.007307508628220383,0.00023264450203764795,0.005663282588812312
2011-01-11,2011-01-10,SJC_Gold,35.79,35.71,0.0022377631715775337,0.00023264450203764795,0.005663282588812312
2011-01-12,2011-01-11,SJC_Gold,35.84,35.79,0.0013960633287952717,0.00023264450203764795,0.005663282588812312
2011-01-13,2011-01-12,SJC_Gold,35.76,35.84,-0.002234637801416639,0.00023264450203764795,0.005663282588812312
2011-01-14,2011-01-13,SJC_Gold,35.63,35.76,-0.003641970687568552,0.00023264450203764795,0.005663282588812312
2011-01-15,2011-01-14,SJC_Gold,35.6,35.63,-0.0008423417597596128,0.00023264450203764795,0.005663282588812312
2011-01-16,2011-01-15,SJC_Gold,35.6,35.6,0.0,0.00023264450203764795,0.005663282588812312
2011-01-17,2011-01-16,SJC_Gold,35.55,35.6,-0.001405481608735215,0.00023264450203764795,0.005663282588812312
2011-01-18,2011-01-17,SJC_Gold,35.64,35.55,0.0025284463533590262,0.00023264450203764795,0.005663282588812312
2011-01-19,2011-01-18,SJC_Gold,35.66,35.64,0.000561009832385384,0.00023264450203764795,0.005663282588812312
2011-01-20,2011-01-19,SJC_Gold,35.56,35.66,-0.002808201789290088,0.00023264450203764795,0.005663282588812312
2011-01-21,2011-01-20,SJC_Gold,35.26,35.56,-0.008472233675980156,0.00023264450203764795,0.005663282588812312
2011-01-22,2011-01-21,SJC_Gold,35.26,35.26,0.0,0.00023264450203764795,0.005663282588812312
2011-01-23,2011-01-22,SJC_Gold,35.26,35.26,0.0,0.00023264450203764795,0.005663282588812312
2011-01-24,2011-01-23,SJC_Gold,35.37,35.26,0.0031148262476654587,0.00023264450203764795,0.005663282588812312
2011-01-25,2011-01-24,SJC_Gold,35.09,35.37,-0.00794781362226571,0.00023264450203764795,0.005663282588812312
2011-01-26,2011-01-25,SJC_Gold,35.18,35.09,0.002561549714288347,0.00023264450203764795,0.005663282588812312
2011-01-27,2011-01-26,SJC_Gold,35.32,35.18,0.003971636426347125,0.00023264450203764795,0.005663282588812312
2011-01-28,2011-01-27,SJC_Gold,35.14,35.32,-0.005109292976808177,0.00023264450203764795,0.005663282588812312
2011-01-29,2011-01-28,SJC_Gold,35.4,35.14,0.0073717373807777875,0.00023264450203764795,0.005663282588812312
2011-01-30,2011-01-29,SJC_Gold,35.54,35.4,0.0039470025867762715,0.00023264450203764795,0.005663282588812312
2011-01-31,2011-01-30,SJC_Gold,35.54,35.54,0.0,0.00023264450203764795,0.005663282588812312
2011-02-01,2011-01-31,SJC_Gold,35.54,35.54,0.0,0.00023264450203764795,0.005663282588812312
2011-02-02,2011-02-01,SJC_Gold,35.54,35.54,0.0,0.00023264450203764795,0.005663282588812312
2011-02-03,2011-02-02,SJC_Gold,35.54,35.54,0.0,0.00023264450203764795,0.005663282588812312
2011-02-04,2011-02-03,SJC_Gold,35.54,35.54,0.0,0.00023264450203764795,0.005663282588812312
2011-02-05,2011-02-04,SJC_Gold,35.54,35.54,0.0,0.00023264450203764795,0.005663282588812312
2011-02-06,2011-02-05,SJC_Gold,35.54,35.54,0.0,0.00023264450203764795,0.005663282588812312
2011-02-07,2011-02-06,SJC_Gold,35.54,35.54,0.0,0.00023264450203764795,0.005663282588812312
2011-02-08,2011-02-07,SJC_Gold,35.9,35.54,0.010078472767728108,0.00023264450203764795,0.005663282588812312
2011-02-09,2011-02-08,SJC_Gold,35.93,35.9,0.0008353056311940499,0.00023264450203764795,0.005663282588812312
2011-02-10,2011-02-09,SJC_Gold,35.81,35.93,-0.003345417115085958,0.00023264450203764795,0.005663282588812312
2011-02-11,2011-02-10,SJC_Gold,35.96,35.81,0.004180025593078174,0.00023264450203764795,0.005663282588812312
2011-02-12,2011-02-11,SJC_Gold,35.98,35.96,0.0005560189189677267,0.00023264450203764795,0.005663282588812312
2011-02-13,2011-02-12,SJC_Gold,35.98,35.98,0.0,0.00023264450203764795,0.005663282588812312
2011-02-14,2011-02-13,SJC_Gold,36.13,35.98,0.004160316637161987,0.00023264450203764795,0.005663282588812312
2011-02-15,2011-02-14,SJC_Gold,36.43,36.13,0.008269065860923241,0.00023264450203764795,0.005663282588812312
2011-02-16,2011-02-15,SJC_Gold,36.75,36.43,0.008745614638373311,0.00023264450203764795,0.005663282588812312
2011-02-17,2011-02-16,SJC_Gold,36.95,36.75,0.0054274217353653675,0.00023264450203764795,0.005663282588812312
2011-02-18,2011-02-17,SJC_Gold,37.58,36.95,0.016906346591108345,0.00023264450203764795,0.005663282588812312
2011-02-19,2011-02-18,SJC_Gold,38.2,37.58,0.016363521627209998,0.00023264450203764795,0.005663282588812312
2011-02-20,2011-02-19,SJC_Gold,38.2,38.2,0.0,0.00023264450203764795,0.005663282588812312
2011-02-21,2011-02-20,SJC_Gold,37.85,38.2,-0.009204535729071761,0.00023264450203764795,0.005663282588812312
2011-02-22,2011-02-21,SJC_Gold,37.8,37.85,-0.0013218772579155491,0.00023264450203764795,0.005663282588812312
2011-02-23,2011-02-22,SJC_Gold,37.61,37.8,-0.005039130143297044,0.00023264450203764795,0.005663282588812312
2011-02-24,2011-02-23,SJC_Gold,37.83,37.61,0.005832466162692729,0.00023264450203764795,0.005663282588812312
2011-02-25,2011-02-24,SJC_Gold,37.68,37.83,-0.003972988936775668,0.00023264450203764795,0.005663282588812312
2011-02-26,2011-02-25,SJC_Gold,37.71,37.68,0.0007958615621035392,0.00023264450203764795,0.005663282588812312
2011-02-27,2011-02-26,SJC_Gold,37.71,37.71,0.0,0.00023264450203764795,0.005663282588812312
2011-02-28,2011-02-27,SJC_Gold,37.59,37.71,-0.0031872536941790486,0.00023264450203764795,0.005663282588812312
2011-03-01,2011-02-28,SJC_Gold,37.38,37.59,-0.005602255548669888,0.00023264450203764795,0.005663282588812312
2011-03-02,2011-03-01,SJC_Gold,37.7,37.38,0.008524292426548286,0.00023264450203764795,0.005663282588812312
2011-03-03,2011-03-02,SJC_Gold,37.75,37.7,0.0013253812410685128,0.00023264450203764795,0.005663282588812312
2011-03-04,2011-03-03,SJC_Gold,37.64,37.75,-0.0029181609778548,0.00023264450203764795,0.005663282588812312
2011-03-05,2011-03-04,SJC_Gold,37.74,37.64,0.0026532252232254194,0.00023264450203764795,0.005663282588812312
2011-03-06,2011-03-05,SJC_Gold,37.74,37.74,0.0,0.00023264450203764795,0.005663282588812312
2011-03-07,2011-03-06,SJC_Gold,37.73,37.74,-0.0002650059641848834,0.00023264450203764795,0.005663282588812312
2011-03-08,2011-03-07,SJC_Gold,37.63,37.73,-0.002653929370873165,0.00023264450203764795,0.005663282588812312
2011-03-09,2011-03-08,SJC_Gold,37.55,37.63,-0.0021282263952024927,0.00023264450203764795,0.005663282588812312
2011-03-10,2011-03-09,SJC_Gold,37.45,37.55,-0.0026666682469151937,0.00023264450203764795,0.005663282588812312
2011-03-11,2011-03-10,SJC_Gold,36.95,37.45,-0.013441062569017337,0.00023264450203764795,0.005663282588812312
2011-03-12,2011-03-11,SJC_Gold,37.05,36.95,0.0027027043478846657,0.00023264450203764795,0.005663282588812312
2011-03-13,2011-03-12,SJC_Gold,37.05,37.05,0.0,0.00023264450203764795,0.005663282588812312
2011-03-14,2011-03-13,SJC_Gold,37.3,37.05,0.006724974907673875,0.00023264450203764795,0.005663282588812312
2011-03-15,2011-03-14,SJC_Gold,37.15,37.3,-0.004029555486001257,0.00023264450203764795,0.005663282588812312
2011-03-16,2011-03-15,SJC_Gold,36.95,37.15,-0.005398123769557284,0.00023264450203764795,0.005663282588812312
2011-03-17,2011-03-16,SJC_Gold,36.98,36.95,0.0008115785647677676,0.00023264450203764795,0.005663282588812312
2011-03-18,2011-03-17,SJC_Gold,37.15,36.98,0.004586545204789516,0.00023264450203764795,0.005663282588812312
2011-03-19,2011-03-18,SJC_Gold,37.14,37.15,-0.0002692152392085312,0.00023264450203764795,0.005663282588812312
2011-03-20,2011-03-19,SJC_Gold,37.14,37.14,0.0,0.00023264450203764795,0.005663282588812312
2011-03-21,2011-03-20,SJC_Gold,37.19,37.14,0.001345352012418921,0.00023264450203764795,0.005663282588812312
2011-03-22,2011-03-21,SJC_Gold,37.12,37.19,-0.0018840000189790373,0.00023264450203764795,0.005663282588812312
2011-03-23,2011-03-22,SJC_Gold,37.05,37.12,-0.0018875561759039705,0.00023264450203764795,0.005663282588812312
2011-03-24,2011-03-23,SJC_Gold,37.04,37.05,-0.00026994196411722626,0.00023264450203764795,0.005663282588812312
2011-03-25,2011-03-24,SJC_Gold,36.99,37.04,-0.0013508039336156408,0.00023264450203764795,0.005663282588812312
2011-03-26,2011-03-25,SJC_Gold,36.99,36.99,0.0,0.00023264450203764795,0.005663282588812312
2011-03-27,2011-03-26,SJC_Gold,36.99,36.99,0.0,0.00023264450203764795,0.005663282588812312
2011-03-28,2011-03-27,SJC_Gold,36.73,36.99,-0.007053746012787077,0.00023264450203764795,0.005663282588812312
2011-03-29,2011-03-28,SJC_Gold,36.51,36.73,-0.006007664164030313,0.00023264450203764795,0.005663282588812312
2011-03-30,2011-03-29,SJC_Gold,36.62,36.51,0.0030083435788190727,0.00023264450203764795,0.005663282588812312
2011-03-31,2011-03-30,SJC_Gold,36.93,36.62,0.008429689618107084,0.00023264450203764795,0.005663282588812312
2011-04-01,2011-03-31,SJC_Gold,36.98,36.93,0.0013529970945072023,0.00023264450203764795,0.005663282588812312
2011-04-02,2011-04-01,SJC_Gold,36.89,36.98,-0.0024367143503947197,0.00023264450203764795,0.005663282588812312
2011-04-03,2011-04-02,SJC_Gold,36.89,36.89,0.0,0.00023264450203764795,0.005663282588812312
2011-04-04,2011-04-03,SJC_Gold,36.76,36.89,-0.0035302141210977744,0.00023264450203764795,0.005663282588812312
2011-04-05,2011-04-04,SJC_Gold,36.71,36.76,-0.0013610999787432299,0.00023264450203764795,0.005663282588812312
2011-04-06,2011-04-05,SJC_Gold,36.92,36.71,0.005704212125908548,0.00023264450203764795,0.005663282588812312
2011-04-07,2011-04-06,SJC_Gold,36.94,36.92,0.0005415651364422125,0.00023264450203764795,0.005663282588812312
2011-04-08,2011-04-07,SJC_Gold,37.2,36.94,0.007013786508007325,0.00023264450203764795,0.005663282588812312
2011-04-09,2011-04-08,SJC_Gold,37.33,37.2,0.0034885316473913797,0.00023264450203764795,0.005663282588812312
2011-04-10,2011-04-09,SJC_Gold,37.33,37.33,0.0,0.00023264450203764795,0.005663282588812312
2011-04-11,2011-04-10,SJC_Gold,37.33,37.33,0.0,0.00023264450203764795,0.005663282588812312
2011-04-12,2011-04-11,SJC_Gold,37.33,37.33,0.0,0.00023264450203764795,0.005663282588812312
2011-04-13,2011-04-12,SJC_Gold,37.05,37.33,-0.007528941184396842,0.00023264450203764795,0.005663282588812312
2011-04-14,2011-04-13,SJC_Gold,37.05,37.05,0.0,0.00023264450203764795,0.005663282588812312
2011-04-15,2011-04-14,SJC_Gold,37.19,37.05,0.003771556194883008,0.00023264450203764795,0.005663282588812312
2011-04-16,2011-04-15,SJC_Gold,37.3,37.19,0.0029534187127908673,0.00023264450203764795,0.005663282588812312
2011-04-17,2011-04-16,SJC_Gold,37.3,37.3,0.0,0.00023264450203764795,0.005663282588812312
2011-04-18,2011-04-17,SJC_Gold,37.26,37.3,-0.0010729614763271833,0.00023264450203764795,0.005663282588812312
2011-04-19,2011-04-18,SJC_Gold,37.37,37.26,0.0029478783239502704,0.00023264450203764795,0.005663282588812312
2011-04-20,2011-04-19,SJC_Gold,37.56,37.37,0.00507141084266971,0.00023264450203764795,0.005663282588812312
2011-04-21,2011-04-20,SJC_Gold,37.68,37.56,0.0031897953680997126,0.00023264450203764795,0.005663282588812312
2011-04-22,2011-04-21,SJC_Gold,37.58,37.68,-0.0026574557228427054,0.00023264450203764795,0.005663282588812312
2011-04-23,2011-04-22,SJC_Gold,37.57,37.58,-0.0002661343994416754,0.00023264450203764795,0.005663282588812312
2011-04-24,2011-04-23,SJC_Gold,37.57,37.57,0.0,0.00023264450203764795,0.005663282588812312
2011-04-25,2011-04-24,SJC_Gold,37.63,37.57,0.0015957450194683531,0.00023264450203764795,0.005663282588812312
2011-04-26,2011-04-25,SJC_Gold,37.48,37.63,-0.00399414723512459,0.00023264450203764795,0.005663282588812312
2011-04-27,2011-04-26,SJC_Gold,37.48,37.48,0.0,0.00023264450203764795,0.005663282588812312
2011-04-28,2011-04-27,SJC_Gold,37.64,37.48,0.004259857346957219,0.00023264450203764795,0.005663282588812312
2011-04-29,2011-04-28,SJC_Gold,37.79,37.64,0.00397720264421908,0.00023264450203764795,0.005663282588812312
2011-04-30,2011-04-29,SJC_Gold,37.79,37.79,0.0,0.00023264450203764795,0.005663282588812312
2011-05-01,2011-04-30,SJC_Gold,37.79,37.79,0.0,0.00023264450203764795,0.005663282588812312
2011-05-02,2011-05-01,SJC_Gold,37.79,37.79,0.0,0.00023264450203764795,0.005663282588812312
2011-05-03,2011-05-02,SJC_Gold,37.79,37.79,0.0,0.00023264450203764795,0.005663282588812312
2011-05-04,2011-05-03,SJC_Gold,37.98,37.79,0.005015188022742034,0.00023264450203764795,0.005663282588812312
2011-05-05,2011-05-04,SJC_Gold,37.73,37.98,-0.006604171407920578,0.00023264450203764795,0.005663282588812312
2011-05-06,2011-05-05,SJC_Gold,37.38,37.73,-0.009319731948802534,0.00023264450203764795,0.005663282588812312
2011-05-07,2011-05-06,SJC_Gold,37.5,37.38,0.003205130948948476,0.00023264450203764795,0.005663282588812312
2011-05-08,2011-05-07,SJC_Gold,37.5,37.5,0.0,0.00023264450203764795,0.005663282588812312
2011-05-09,2011-05-08,SJC_Gold,37.63,37.5,0.0034606716289808936,0.00023264450203764795,0.005663282588812312
2011-05-10,2011-05-09,SJC_Gold,37.64,37.63,0.0002657101118326288,0.00023264450203764795,0.005663282588812312
2011-05-11,2011-05-10,SJC_Gold,37.67,37.64,0.0007967069867711452,0.00023264450203764795,0.005663282588812312
2011-05-12,2011-05-11,SJC_Gold,37.37,37.67,-0.00799577820655717,0.00023264450203764795,0.005663282588812312
2011-05-13,2011-05-12,SJC_Gold,37.52,37.37,0.004005880640631343,0.00023264450203764795,0.005663282588812312
2011-05-14,2011-05-13,SJC_Gold,37.45,37.52,-0.001867414174795634,0.00023264450203764795,0.005663282588812312
2011-05-15,2011-05-14,SJC_Gold,37.45,37.45,0.0,0.00023264450203764795,0.005663282588812312
2011-05-16,2011-05-15,SJC_Gold,37.38,37.45,-0.0018709079358116831,0.00023264450203764795,0.005663282588812312
2011-05-17,2011-05-16,SJC_Gold,37.41,37.38,0.0008022463326380347,0.00023264450203764795,0.005663282588812312
2011-05-18,2011-05-17,SJC_Gold,37.39,37.41,-0.0005347593710323117,0.00023264450203764795,0.005663282588812312
2011-05-19,2011-05-18,SJC_Gold,37.37,37.39,-0.0005350454916297487,0.00023264450203764795,0.005663282588812312
2011-05-20,2011-05-19,SJC_Gold,37.43,37.37,0.0016042784189447268,0.00023264450203764795,0.005663282588812312
2011-05-21,2011-05-20,SJC_Gold,37.51,37.43,0.0021350421774584127,0.00023264450203764795,0.005663282588812312
2011-05-22,2011-05-21,SJC_Gold,37.51,37.51,0.0,0.00023264450203764795,0.005663282588812312
2011-05-23,2011-05-22,SJC_Gold,37.47,37.51,-0.001066951288200002,0.00023264450203764795,0.005663282588812312
2011-05-24,2011-05-23,SJC_Gold,37.55,37.47,0.002132765404547765,0.00023264450203764795,0.005663282588812312
2011-05-25,2011-05-24,SJC_Gold,37.67,37.55,0.0031906434938062667,0.00023264450203764795,0.005663282588812312
2011-05-26,2011-05-25,SJC_Gold,37.6,37.67,-0.001859971308101116,0.00023264450203764795,0.005663282588812312
2011-05-27,2011-05-26,SJC_Gold,37.61,37.6,0.00026592208639630854,0.00023264450203764795,0.005663282588812312
2011-05-28,2011-05-27,SJC_Gold,37.71,37.61,0.0026553387880206003,0.00023264450203764795,0.005663282588812312
2011-05-29,2011-05-28,SJC_Gold,37.71,37.71,0.0,0.00023264450203764795,0.005663282588812312
2011-05-30,2011-05-29,SJC_Gold,37.76,37.71,0.0013250300070342114,0.00023264450203764795,0.005663282588812312
2011-05-31,2011-05-30,SJC_Gold,37.87,37.76,0.0029089006364033665,0.00023264450203764795,0.005663282588812312
2011-06-01,2011-05-31,SJC_Gold,37.75,37.87,-0.0031737662186697158,0.00023264450203764795,0.005663282588812312
2011-06-02,2011-06-01,SJC_Gold,37.88,37.75,0.00343779262284416,0.00023264450203764795,0.005663282588812312
2011-06-03,2011-06-02,SJC_Gold,37.78,37.88,-0.0026434062445139794,0.00023264450203764795,0.005663282588812312
2011-06-04,2011-06-03,SJC_Gold,37.86,37.78,0.0021152837078131093,0.00023264450203764795,0.005663282588812312
2011-06-05,2011-06-04,SJC_Gold,37.86,37.86,0.0,0.00023264450203764795,0.005663282588812312
2011-06-06,2011-06-05,SJC_Gold,38.02,37.86,0.004217191279106469,0.00023264450203764795,0.005663282588812312
2011-06-07,2011-06-06,SJC_Gold,38.07,38.02,0.0013142333341229495,0.00023264450203764795,0.005663282588812312
2011-06-08,2011-06-07,SJC_Gold,37.93,38.07,-0.0036842146935986975,0.00023264450203764795,0.005663282588812312
2011-06-09,2011-06-08,SJC_Gold,37.88,37.93,-0.001319087382929851,0.00023264450203764795,0.005663282588812312
2011-06-10,2011-06-09,SJC_Gold,38.01,37.88,0.0034260146832796323,0.00023264450203764795,0.005663282588812312
2011-06-11,2011-06-10,SJC_Gold,37.87,38.01,-0.0036900410874540768,0.00023264450203764795,0.005663282588812312
2011-06-12,2011-06-11,SJC_Gold,37.87,37.87,0.0,0.00023264450203764795,0.005663282588812312
2011-06-13,2011-06-12,SJC_Gold,37.81,37.87,-0.001585624010861597,0.00023264450203764795,0.005663282588812312
2011-06-14,2011-06-13,SJC_Gold,37.74,37.81,-0.0018530779624374993,0.00023264450203764795,0.005663282588812312
2011-06-15,2011-06-14,SJC_Gold,37.75,37.74,0.0002649357546293807,0.00023264450203764795,0.005663282588812312
2011-06-16,2011-06-15,SJC_Gold,37.84,37.75,0.0023812684886439506,0.00023264450203764795,0.005663282588812312
2011-06-17,2011-06-16,SJC_Gold,37.91,37.84,0.001848185344565767,0.00023264450203764795,0.005663282588812312
2011-06-18,2011-06-17,SJC_Gold,38.08,37.91,0.0044742803949211485,0.00023264450203764795,0.005663282588812312
2011-06-19,2011-06-18,SJC_Gold,38.08,38.08,0.0,0.00023264450203764795,0.005663282588812312
2011-06-20,2011-06-19,SJC_Gold,38.09,38.08,0.00026257056734824147,0.00023264450203764795,0.005663282588812312
2011-06-21,2011-06-20,SJC_Gold,38.13,38.09,0.0010495933789598233,0.00023264450203764795,0.005663282588812312
2011-06-22,2011-06-21,SJC_Gold,38.16,38.13,0.0007864727106130509,0.00023264450203764795,0.005663282588812312
2011-06-23,2011-06-22,SJC_Gold,38.12,38.16,-0.0010487677940842488,0.00023264450203764795,0.005663282588812312
2011-06-24,2011-06-23,SJC_Gold,37.89,38.12,-0.006051853755491887,0.00023264450203764795,0.005663282588812312
2011-06-25,2011-06-24,SJC_Gold,37.69,37.89,-0.005292417751465273,0.00023264450203764795,0.005663282588812312
2011-06-26,2011-06-25,SJC_Gold,37.69,37.69,0.0,0.00023264450203764795,0.005663282588812312
2011-06-27,2011-06-26,SJC_Gold,37.73,37.69,0.0010607266971751628,0.00023264450203764795,0.005663282588812312
2011-06-28,2011-06-27,SJC_Gold,37.69,37.73,-0.0010607266971751628,0.00023264450203764795,0.005663282588812312
2011-06-29,2011-06-28,SJC_Gold,37.79,37.69,0.0026497100823537068,0.00023264450203764795,0.005663282588812312
2011-06-30,2011-06-29,SJC_Gold,37.81,37.79,0.0005291005414438388,0.00023264450203764795,0.005663282588812312
2011-07-01,2011-06-30,SJC_Gold,37.65,37.81,-0.004240663656938981,0.00023264450203764795,0.005663282588812312
2011-07-02,2011-07-01,SJC_Gold,37.64,37.65,-0.0002656395287239377,0.00023264450203764795,0.005663282588812312
2011-07-03,2011-07-02,SJC_Gold,37.64,37.64,0.0,0.00023264450203764795,0.005663282588812312
2011-07-04,2011-07-03,SJC_Gold,37.62,37.64,-0.000531490844294602,0.00023264450203764795,0.005663282588812312
2011-07-05,2011-07-04,SJC_Gold,37.6,37.62,-0.0005317734770353688,0.00023264450203764795,0.005663282588812312
2011-07-06,2011-07-05,SJC_Gold,37.74,37.6,0.0037164895445553903,0.00023264450203764795,0.005663282588812312
2011-07-07,2011-07-06,SJC_Gold,37.84,37.74,0.0026462042432733313,0.00023264450203764795,0.005663282588812312
2011-07-08,2011-07-07,SJC_Gold,37.82,37.84,-0.0005286809533657788,0.00023264450203764795,0.005663282588812312
2011-07-09,2011-07-08,SJC_Gold,37.98,37.82,0.004221642153828142,0.00023264450203764795,0.005663282588812312
2011-07-10,2011-07-09,SJC_Gold,37.98,37.98,0.0,0.00023264450203764795,0.005663282588812312
2011-07-11,2011-07-10,SJC_Gold,38.08,37.98,0.002629504539024552,0.00023264450203764795,0.005663282588812312
2011-07-12,2011-07-11,SJC_Gold,38.15,38.08,0.0018365478073016916,0.00023264450203764795,0.005663282588812312
2011-07-13,2011-07-12,SJC_Gold,38.65,38.15,0.01302101730296501,0.00023264450203764795,0.005663282588812312
2011-07-14,2011-07-13,SJC_Gold,39.03,38.65,0.009783806159092467,0.00023264450203764795,0.005663282588812312
2011-07-15,2011-07-14,SJC_Gold,38.92,39.03,-0.002822323874719146,0.00023264450203764795,0.005663282588812312
2011-07-16,2011-07-15,SJC_Gold,39.1,38.92,0.004614209673515557,0.00023264450203764795,0.005663282588812312
2011-07-17,2011-07-16,SJC_Gold,39.1,39.1,0.0,0.00023264450203764795,0.005663282588812312
2011-07-18,2011-07-17,SJC_Gold,39.42,39.1,0.008150834733254175,0.00023264450203764795,0.005663282588812312
2011-07-19,2011-07-18,SJC_Gold,39.64,39.42,0.005565407737213146,0.00023264450203764795,0.005663282588812312
2011-07-20,2011-07-19,SJC_Gold,39.27,39.64,-0.00937784087186877,0.00023264450203764795,0.005663282588812312
2011-07-21,2011-07-20,SJC_Gold,39.53,39.27,0.006599008718675581,0.00023264450203764795,0.005663282588812312
2011-07-22,2011-07-21,SJC_Gold,39.32,39.53,-0.005326582029628213,0.00023264450203764795,0.005663282588812312
2011-07-23,2011-07-22,SJC_Gold,39.49,39.32,0.004314180019592051,0.00023264450203764795,0.005663282588812312
2011-07-24,2011-07-23,SJC_Gold,39.49,39.49,0.0,0.00023264450203764795,0.005663282588812312
2011-07-25,2011-07-24,SJC_Gold,39.9,39.49,0.01032884859725991,0.00023264450203764795,0.005663282588812312
2011-07-26,2011-07-25,SJC_Gold,39.81,39.9,-0.0022581868835920282,0.00023264450203764795,0.005663282588812312
2011-07-27,2011-07-26,SJC_Gold,40.05,39.81,0.0060105365021425605,0.00023264450203764795,0.005663282588812312
2011-07-28,2011-07-27,SJC_Gold,39.97,40.05,-0.0019995007911361995,0.00023264450203764795,0.005663282588812312
2011-07-29,2011-07-28,SJC_Gold,40.0,39.97,0.0007502813907040995,0.00023264450203764795,0.005663282588812312
2011-07-30,2011-07-29,SJC_Gold,40.16,40.0,0.00399202126953746,0.00023264450203764795,0.005663282588812312
2011-07-31,2011-07-30,SJC_Gold,40.16,40.16,0.0,0.00023264450203764795,0.005663282588812312
2011-08-01,2011-07-31,SJC_Gold,39.92,40.16,-0.0059940239402105355,0.00023264450203764795,0.005663282588812312
2011-08-02,2011-08-01,SJC_Gold,40.13,39.92,0.005246732835562096,0.00023264450203764795,0.005663282588812312
2011-08-03,2011-08-02,SJC_Gold,41.2,40.13,0.02631407207665548,0.00023264450203764795,0.005663282588812312
2011-08-04,2011-08-03,SJC_Gold,41.35,41.2,0.0036341651142195452,0.00023264450203764795,0.005663282588812312
2011-08-05,2011-08-04,SJC_Gold,41.5,41.35,0.0036210057669521234,0.00023264450203764795,0.005663282588812312
2011-08-06,2011-08-05,SJC_Gold,41.8,41.5,0.007202912294058006,0.00023264450203764795,0.005663282588812312
2011-08-07,2011-08-06,SJC_Gold,41.8,41.8,0.0,0.00023264450203764795,0.005663282588812312
2011-08-08,2011-08-07,SJC_Gold,44.1,41.8,0.0535634429220897,0.00023264450203764795,0.005663282588812312
2011-08-09,2011-08-08,SJC_Gold,45.6,44.1,0.03344793406754043,0.00023264450203764795,0.005663282588812312
2011-08-10,2011-08-09,SJC_Gold,44.4,45.6,-0.02666824708216131,0.00023264450203764795,0.005663282588812312
2011-08-11,2011-08-10,SJC_Gold,45.5,44.4,0.02447285651872555,0.00023264450203764795,0.005663282588812312
2011-08-12,2011-08-11,SJC_Gold,44.75,45.5,-0.01662088123604022,0.00023264450203764795,0.005663282588812312
2011-08-13,2011-08-12,SJC_Gold,44.55,44.75,-0.004479290804046521,0.00023264450203764795,0.005663282588812312
2011-08-14,2011-08-13,SJC_Gold,44.55,44.55,0.0,0.00023264450203764795,0.005663282588812312
2011-08-15,2011-08-14,SJC_Gold,44.15,44.55,-0.009019226866849195,0.00023264450203764795,0.005663282588812312
2011-08-16,2011-08-15,SJC_Gold,45.0,44.15,0.019069562720350763,0.00023264450203764795,0.005663282588812312
2011-08-17,2011-08-16,SJC_Gold,45.5,45.0,0.011049836186585171,0.00023264450203764795,0.005663282588812312
2011-08-18,2011-08-17,SJC_Gold,45.55,45.5,0.00109829774906256,0.00023264450203764795,0.005663282588812312
2011-08-19,2011-08-18,SJC_Gold,47.25,45.55,0.03664203023378443,0.00023264450203764795,0.005663282588812312
2011-08-20,2011-08-19,SJC_Gold,47.15,47.25,-0.002118644860285457,0.00023264450203764795,0.005663282588812312
2011-08-21,2011-08-20,SJC_Gold,47.15,47.15,0.0,0.00023264450203764795,0.005663282588812312
2011-08-22,2011-08-21,SJC_Gold,48.35,47.15,0.02513221281983702,0.00023264450203764795,0.005663282588812312
2011-08-23,2011-08-22,SJC_Gold,48.45,48.35,0.0020661164374717877,0.00023264450203764795,0.005663282588812312
2011-08-24,2011-08-23,SJC_Gold,47.45,48.45,-0.020855813280838298,0.00023264450203764795,0.005663282588812312
2011-08-25,2011-08-24,SJC_Gold,44.8,47.45,-0.05746838563499734,0.00023264450203764795,0.005663282588812312
2011-08-26,2011-08-25,SJC_Gold,46.95,44.8,0.046875066233332596,0.00023264450203764795,0.005663282588812312
2011-08-27,2011-08-26,SJC_Gold,47.8,46.95,0.017942433843137984,0.00023264450203764795,0.005663282588812312
2011-08-28,2011-08-27,SJC_Gold,47.8,47.8,0.0,0.00023264450203764795,0.005663282588812312
2011-08-29,2011-08-28,SJC_Gold,46.95,47.8,-0.017942433843137984,0.00023264450203764795,0.005663282588812312
2011-08-30,2011-08-29,SJC_Gold,46.2,46.95,-0.01610340756657891,0.00023264450203764795,0.005663282588812312
2011-08-31,2011-08-30,SJC_Gold,46.93,46.2,0.01567733171863317,0.00023264450203764795,0.005663282588812312
2011-09-01,2011-08-31,SJC_Gold,46.65,46.93,-0.005984202512973713,0.00023264450203764795,0.005663282588812312
2011-09-02,2011-09-01,SJC_Gold,46.65,46.65,0.0,0.00023264450203764795,0.005663282588812312
2011-09-03,2011-09-02,SJC_Gold,48.1,46.65,0.030609249818362994,0.00023264450203764795,0.005663282588812312
2011-09-04,2011-09-03,SJC_Gold,48.1,48.1,0.0,0.00023264450203764795,0.005663282588812312
2011-09-05,2011-09-04,SJC_Gold,47.9,48.1,-0.004166672694846163,0.00023264450203764795,0.005663282588812312
2011-09-06,2011-09-05,SJC_Gold,47.9,47.9,0.0,0.00023264450203764795,0.005663282588812312
2011-09-07,2011-09-06,SJC_Gold,47.23,47.9,-0.014086220508843894,0.00023264450203764795,0.005663282588812312
2011-09-08,2011-09-07,SJC_Gold,47.15,47.23,-0.0016952748285592456,0.00023264450203764795,0.005663282588812312
2011-09-09,2011-09-08,SJC_Gold,47.65,47.15,0.010548621020744609,0.00023264450203764795,0.005663282588812312
2011-09-10,2011-09-09,SJC_Gold,47.5,47.65,-0.0031529190596155665,0.00023264450203764795,0.005663282588812312
2011-09-11,2011-09-10,SJC_Gold,47.5,47.5,0.0,0.00023264450203764795,0.005663282588812312
2011-09-12,2011-09-11,SJC_Gold,47.45,47.5,-0.0010531859846585334,0.00023264450203764795,0.005663282588812312
2011-09-13,2011-09-12,SJC_Gold,47.12,47.45,-0.006978985712605468,0.00023264450203764795,0.005663282588812312
2011-09-14,2011-09-13,SJC_Gold,47.3,47.12,0.0038127561545557853,0.00023264450203764795,0.005663282588812312
2011-09-15,2011-09-14,SJC_Gold,47.2,47.3,-0.0021164029063776013,0.00023264450203764795,0.005663282588812312
2011-09-16,2011-09-15,SJC_Gold,46.65,47.2,-0.011720965298156916,0.00023264450203764795,0.005663282588812312
2011-09-17,2011-09-16,SJC_Gold,47.25,46.65,0.012779726646399148,0.00023264450203764795,0.005663282588812312
2011-09-18,2011-09-17,SJC_Gold,47.25,47.25,0.0,0.00023264450203764795,0.005663282588812312
2011-09-19,2011-09-18,SJC_Gold,47.05,47.25,-0.004241787908363381,0.00023264450203764795,0.005663282588812312
2011-09-20,2011-09-19,SJC_Gold,46.95,47.05,-0.002127660377116314,0.00023264450203764795,0.005663282588812312
2011-09-21,2011-09-20,SJC_Gold,47.1,46.95,0.0031897953681001567,0.00023264450203764795,0.005663282588812312
2011-09-22,2011-09-21,SJC_Gold,46.8,47.1,-0.006389798098771049,0.00023264450203764795,0.005663282588812312
2011-09-23,2011-09-22,SJC_Gold,46.65,46.8,-0.0032102756302485602,0.00023264450203764795,0.005663282588812312
2011-09-24,2011-09-23,SJC_Gold,45.75,46.65,-0.019481135571822517,0.00023264450203764795,0.005663282588812312
2011-09-25,2011-09-24,SJC_Gold,45.75,45.75,0.0,0.00023264450203764795,0.005663282588812312
2011-09-26,2011-09-25,SJC_Gold,45.5,45.75,-0.005479465764625324,0.00023264450203764795,0.005663282588812312
2011-09-27,2011-09-26,SJC_Gold,45.65,45.5,0.003291281084072839,0.00023264450203764795,0.005663282588812312
2011-09-28,2011-09-27,SJC_Gold,44.7,45.65,-0.021030105421454337,0.00023264450203764795,0.005663282588812312
2011-09-29,2011-09-28,SJC_Gold,44.2,44.7,-0.011248712535870897,0.00023264450203764795,0.005663282588812312
2011-09-30,2011-09-29,SJC_Gold,44.2,44.2,0.0,0.00023264450203764795,0.005663282588812312
2011-10-01,2011-09-30,SJC_Gold,44.25,44.2,0.0011305823702860707,0.00023264450203764795,0.005663282588812312
2011-10-02,2011-10-01,SJC_Gold,44.25,44.25,0.0,0.00023264450203764795,0.005663282588812312
2011-10-03,2011-10-02,SJC_Gold,44.53,44.25,0.006307747879672476,0.00023264450203764795,0.005663282588812312
2011-10-04,2011-10-03,SJC_Gold,45.2,44.53,0.014933967504574763,0.00023264450203764795,0.005663282588812312
2011-10-05,2011-10-04,SJC_Gold,44.35,45.2,-0.018984378082597342,0.00023264450203764795,0.005663282588812312
2011-10-06,2011-10-05,SJC_Gold,44.05,44.35,-0.006787356373399778,0.00023264450203764795,0.005663282588812312
2011-10-07,2011-10-06,SJC_Gold,43.45,44.05,-0.013714500670787277,0.00023264450203764795,0.005663282588812312
2011-10-08,2011-10-07,SJC_Gold,43.4,43.45,-0.0011514106050420914,0.00023264450203764795,0.005663282588812312
2011-10-09,2011-10-08,SJC_Gold,43.4,43.4,0.0,0.00023264450203764795,0.005663282588812312
2011-10-10,2011-10-09,SJC_Gold,43.29,43.4,-0.002537779652469929,0.00023264450203764795,0.005663282588812312
2011-10-11,2011-10-10,SJC_Gold,43.7,43.29,0.009426440647655188,0.00023264450203764795,0.005663282588812312
2011-10-12,2011-10-11,SJC_Gold,44.1,43.7,0.009111680351255647,0.00023264450203764795,0.005663282588812312
2011-10-13,2011-10-12,SJC_Gold,44.15,44.1,0.0011331445971687337,0.00023264450203764795,0.005663282588812312
2011-10-14,2011-10-13,SJC_Gold,44.15,44.15,0.0,0.00023264450203764795,0.005663282588812312
2011-10-15,2011-10-14,SJC_Gold,44.25,44.15,0.00226244440396961,0.00023264450203764795,0.005663282588812312
2011-10-16,2011-10-15,SJC_Gold,44.25,44.25,0.0,0.00023264450203764795,0.005663282588812312
2011-10-17,2011-10-16,SJC_Gold,44.4,44.25,0.003384097984240775,0.00023264450203764795,0.005663282588812312
2011-10-18,2011-10-17,SJC_Gold,43.9,44.4,-0.011325149357053643,0.00023264450203764795,0.005663282588812312
2011-10-19,2011-10-18,SJC_Gold,43.5,43.9,-0.009153381986487297,0.00023264450203764795,0.005663282588812312
2011-10-20,2011-10-19,SJC_Gold,43.1,43.5,-0.009237940984936355,0.00023264450203764795,0.005663282588812312
2011-10-21,2011-10-20,SJC_Gold,43.5,43.1,0.009237940984936355,0.00023264450203764795,0.005663282588812312
2011-10-22,2011-10-21,SJC_Gold,44.05,43.5,0.012564414287550285,0.00023264450203764795,0.005663282588812312
2011-10-23,2011-10-22,SJC_Gold,44.05,44.05,0.0,0.00023264450203764795,0.005663282588812312
2011-10-24,2011-10-23,SJC_Gold,44.1,44.05,0.0011344300706115362,0.00023264450203764795,0.005663282588812312
2011-10-25,2011-10-24,SJC_Gold,44.05,44.1,-0.0011344300706115362,0.00023264450203764795,0.005663282588812312
2011-10-26,2011-10-25,SJC_Gold,44.9,44.05,0.019112442366020055,0.00023264450203764795,0.005663282588812312
2011-10-27,2011-10-26,SJC_Gold,44.9,44.9,0.0,0.00023264450203764795,0.005663282588812312
2011-10-28,2011-10-27,SJC_Gold,45.25,44.9,0.007764875397726634,0.00023264450203764795,0.005663282588812312
2011-10-29,2011-10-28,SJC_Gold,45.3,45.25,0.0011043623430531113,0.00023264450203764795,0.005663282588812312
2011-10-30,2011-10-29,SJC_Gold,45.3,45.3,0.0,0.00023264450203764795,0.005663282588812312
2011-10-31,2011-10-30,SJC_Gold,44.85,45.3,-0.009983443984183271,0.00023264450203764795,0.005663282588812312
2011-11-01,2011-10-31,SJC_Gold,44.85,44.85,0.0,0.00023264450203764795,0.005663282588812312
2011-11-02,2011-11-01,SJC_Gold,45.2,44.85,0.007773498333380591,0.00023264450203764795,0.005663282588812312
2011-11-03,2011-11-02,SJC_Gold,45.2,45.2,0.0,0.00023264450203764795,0.005663282588812312
2011-11-04,2011-11-03,SJC_Gold,45.7,45.2,0.011001211061973493,0.00023264450203764795,0.005663282588812312
2011-11-05,2011-11-04,SJC_Gold,45.6,45.7,-0.0021905813798186458,0.00023264450203764795,0.005663282588812312
2011-11-06,2011-11-05,SJC_Gold,45.6,45.6,0.0,0.00023264450203764795,0.005663282588812312
2011-11-07,2011-11-06,SJC_Gold,45.85,45.6,0.005467482182133221,0.00023264450203764795,0.005663282588812312
2011-11-08,2011-11-07,SJC_Gold,46.55,45.85,0.015151805020602094,0.00023264450203764795,0.005663282588812312
2011-11-09,2011-11-08,SJC_Gold,46.55,46.55,0.0,0.00023264450203764795,0.005663282588812312
2011-11-10,2011-11-09,SJC_Gold,46.3,46.55,-0.005385042630887682,0.00023264450203764795,0.005663282588812312
2011-11-11,2011-11-10,SJC_Gold,46.15,46.3,-0.0032450001433268483,0.00023264450203764795,0.005663282588812312
2011-11-12,2011-11-11,SJC_Gold,46.45,46.15,0.006479504310986428,0.00023264450203764795,0.005663282588812312
2011-11-13,2011-11-12,SJC_Gold,46.45,46.45,0.0,0.00023264450203764795,0.005663282588812312
2011-11-14,2011-11-13,SJC_Gold,46.6,46.45,0.00322407587175233,0.00023264450203764795,0.005663282588812312
2011-11-15,2011-11-14,SJC_Gold,46.3,46.6,-0.00645858003941191,0.00023264450203764795,0.005663282588812312
2011-11-16,2011-11-15,SJC_Gold,46.35,46.3,0.001079330919675936,0.00023264450203764795,0.005663282588812312
2011-11-17,2011-11-16,SJC_Gold,46.28,46.35,-0.0015113896863883092,0.00023264450203764795,0.005663282588812312
2011-11-18,2011-11-17,SJC_Gold,45.95,46.28,-0.007156053523779793,0.00023264450203764795,0.005663282588812312
2011-11-19,2011-11-18,SJC_Gold,45.95,45.95,0.0,0.00023264450203764795,0.005663282588812312
2011-11-20,2011-11-19,SJC_Gold,45.95,45.95,0.0,0.00023264450203764795,0.005663282588812312
2011-11-21,2011-11-20,SJC_Gold,45.75,45.95,-0.004362057080165904,0.00023264450203764795,0.005663282588812312
2011-11-22,2011-11-21,SJC_Gold,44.55,45.75,-0.026579637804712064,0.00023264450203764795,0.005663282588812312
2011-11-23,2011-11-22,SJC_Gold,44.75,44.55,0.004479290804046521,0.00023264450203764795,0.005663282588812312
2011-11-24,2011-11-23,SJC_Gold,44.55,44.75,-0.004479290804046521,0.00023264450203764795,0.005663282588812312
2011-11-25,2011-11-24,SJC_Gold,44.45,44.55,-0.0022471919569042598,0.00023264450203764795,0.005663282588812312
2011-11-26,2011-11-25,SJC_Gold,44.6,44.45,0.003368897066104548,0.00023264450203764795,0.005663282588812312
2011-11-27,2011-11-26,SJC_Gold,44.6,44.6,0.0,0.00023264450203764795,0.005663282588812312
2011-11-28,2011-11-27,SJC_Gold,45.02,44.6,0.009372976452568071,0.00023264450203764795,0.005663282588812312
2011-11-29,2011-11-28,SJC_Gold,44.85,45.02,-0.0037832469737812957,0.00023264450203764795,0.005663282588812312
2011-11-30,2011-11-29,SJC_Gold,44.75,44.85,-0.0022321437839405434,0.00023264450203764795,0.005663282588812312
2011-12-01,2011-11-30,SJC_Gold,45.35,44.75,0.013318731840281206,0.00023264450203764795,0.005663282588812312
2011-12-02,2011-12-01,SJC_Gold,45.28,45.35,-0.0015447426662182906,0.00023264450203764795,0.005663282588812312
2011-12-03,2011-12-02,SJC_Gold,45.27,45.28,-0.00022087244706003872,0.00023264450203764795,0.005663282588812312
2011-12-04,2011-12-03,SJC_Gold,45.27,45.27,0.0,0.00023264450203764795,0.005663282588812312
2011-12-05,2011-12-04,SJC_Gold,45.2,45.27,-0.0015474746096817427,0.00023264450203764795,0.005663282588812312
2011-12-06,2011-12-05,SJC_Gold,44.75,45.2,-0.010005642117321134,0.00023264450203764795,0.005663282588812312
2011-12-07,2011-12-06,SJC_Gold,44.96,44.75,0.004681760864571061,0.00023264450203764795,0.005663282588812312
2011-12-08,2011-12-07,SJC_Gold,45.09,44.96,0.0028872868475571245,0.00023264450203764795,0.005663282588812312
2011-12-09,2011-12-08,SJC_Gold,44.82,45.09,-0.006006024060211779,0.00023264450203764795,0.005663282588812312
2011-12-10,2011-12-09,SJC_Gold,44.85,44.82,0.0006691201320241369,0.00023264450203764795,0.005663282588812312
2011-12-11,2011-12-10,SJC_Gold,44.85,44.85,0.0,0.00023264450203764795,0.005663282588812312
2011-12-12,2011-12-11,SJC_Gold,44.6,44.85,-0.005589729478786776,0.00023264450203764795,0.005663282588812312
2011-12-13,2011-12-12,SJC_Gold,44.15,44.6,-0.010140931976049483,0.00023264450203764795,0.005663282588812312
2011-12-14,2011-12-13,SJC_Gold,44.04,44.15,-0.002494615195489658,0.00023264450203764795,0.005663282588812312
2011-12-15,2011-12-14,SJC_Gold,43.4,44.04,-0.014638870748119981,0.00023264450203764795,0.005663282588812312
2011-12-16,2011-12-15,SJC_Gold,43.75,43.4,0.008032171697264001,0.00023264450203764795,0.005663282588812312
2011-12-17,2011-12-16,SJC_Gold,44.0,43.75,0.005698021114637797,0.00023264450203764795,0.005663282588812312
2011-12-18,2011-12-17,SJC_Gold,44.0,44.0,0.0,0.00023264450203764795,0.005663282588812312
2011-12-19,2011-12-18,SJC_Gold,43.75,44.0,-0.005698021114637797,0.00023264450203764795,0.005663282588812312
2011-12-20,2011-12-19,SJC_Gold,43.5,43.75,-0.0057306747089849175,0.00023264450203764795,0.005663282588812312
2011-12-21,2011-12-20,SJC_Gold,43.55,43.5,0.0011487652038733032,0.00023264450203764795,0.005663282588812312
2011-12-22,2011-12-21,SJC_Gold,43.45,43.55,-0.0022988515871102955,0.00023264450203764795,0.005663282588812312
2011-12-23,2011-12-22,SJC_Gold,43.55,43.45,0.0022988515871102955,0.00023264450203764795,0.005663282588812312
2011-12-24,2011-12-23,SJC_Gold,43.55,43.55,0.0,0.00023264450203764795,0.005663282588812312
2011-12-25,2011-12-24,SJC_Gold,43.55,43.55,0.0,0.00023264450203764795,0.005663282588812312
2011-12-26,2011-12-25,SJC_Gold,43.5,43.55,-0.0011487652038733032,0.00023264450203764795,0.005663282588812312
2011-12-27,2011-12-26,SJC_Gold,43.3,43.5,-0.004608303086194088,0.00023264450203764795,0.005663282588812312
2011-12-28,2011-12-27,SJC_Gold,42.75,43.3,-0.012783439625675186,0.00023264450203764795,0.005663282588812312
2011-12-29,2011-12-28,SJC_Gold,42.12,42.75,-0.014846508116994173,0.00023264450203764795,0.005663282588812312
2011-12-30,2011-12-29,SJC_Gold,41.8,42.12,-0.0076263477350644315,0.00023264450203764795,0.005663282588812312
2011-12-31,2011-12-30,SJC_Gold,41.8,41.8,0.0,0.00023264450203764795,0.005663282588812312
2012-01-01,2011-12-31,SJC_Gold,41.8,41.8,0.0,0.00023264450203764795,0.005663282588812312
2012-01-02,2012-01-01,SJC_Gold,41.8,41.8,0.0,0.00023264450203764795,0.005663282588812312
2012-01-03,2012-01-02,SJC_Gold,43.5,41.8,0.03986459856392788,0.00023264450203764795,0.005663282588812312
2012-01-04,2012-01-03,SJC_Gold,43.6,43.5,0.002296212260350483,0.00023264450203764795,0.005663282588812312
2012-01-05,2012-01-04,SJC_Gold,43.6,43.6,0.0,0.00023264450203764795,0.005663282588812312
2012-01-06,2012-01-05,SJC_Gold,43.5,43.6,-0.002296212260350483,0.00023264450203764795,0.005663282588812312
2012-01-07,2012-01-06,SJC_Gold,43.5,43.5,0.0,0.00023264450203764795,0.005663282588812312
2012-01-08,2012-01-07,SJC_Gold,43.5,43.5,0.0,0.00023264450203764795,0.005663282588812312
2012-01-09,2012-01-08,SJC_Gold,43.35,43.5,-0.003454234868087269,0.00023264450203764795,0.005663282588812312
2012-01-10,2012-01-09,SJC_Gold,43.3,43.35,-0.0011540682181068185,0.00023264450203764795,0.005663282588812312
2012-01-11,2012-01-10,SJC_Gold,43.6,43.3,0.006904515346544571,0.00023264450203764795,0.005663282588812312
2012-01-12,2012-01-11,SJC_Gold,43.85,43.6,0.005717568463203371,0.00023264450203764795,0.005663282588812312
2012-01-13,2012-01-12,SJC_Gold,43.75,43.85,-0.0022831060145689364,0.00023264450203764795,0.005663282588812312
2012-01-14,2012-01-13,SJC_Gold,43.7,43.75,-0.0011435107020787427,0.00023264450203764795,0.005663282588812312
2012-01-15,2012-01-14,SJC_Gold,43.7,43.7,0.0,0.00023264450203764795,0.005663282588812312
2012-01-16,2012-01-15,SJC_Gold,43.5,43.7,-0.004587164006906175,0.00023264450203764795,0.005663282588812312
2012-01-17,2012-01-16,SJC_Gold,43.95,43.5,0.01029168603654762,0.00023264450203764795,0.005663282588812312
2012-01-18,2012-01-17,SJC_Gold,43.85,43.95,-0.0022779053129937665,0.00023264450203764795,0.005663282588812312
2012-01-19,2012-01-18,SJC_Gold,44.1,43.85,0.0056850636346079675,0.00023264450203764795,0.005663282588812312
2012-01-20,2012-01-19,SJC_Gold,44.55,44.1,0.010152371464017929,0.00023264450203764795,0.005663282588812312
2012-01-21,2012-01-20,SJC_Gold,44.8,44.55,0.005595985504121437,0.00023264450203764795,0.005663282588812312
2012-01-22,2012-01-21,SJC_Gold,44.8,44.8,0.0,0.00023264450203764795,0.005663282588812312
2012-01-23,2012-01-22,SJC_Gold,44.8,44.8,0.0,0.00023264450203764795,0.005663282588812312
2012-01-24,2012-01-23,SJC_Gold,44.8,44.8,0.0,0.00023264450203764795,0.005663282588812312
2012-01-25,2012-01-24,SJC_Gold,44.8,44.8,0.0,0.00023264450203764795,0.005663282588812312
2012-01-26,2012-01-25,SJC_Gold,44.8,44.8,0.0,0.00023264450203764795,0.005663282588812312
2012-01-27,2012-01-26,SJC_Gold,44.8,44.8,0.0,0.00023264450203764795,0.005663282588812312
2012-01-28,2012-01-27,SJC_Gold,44.8,44.8,0.0,0.00023264450203764795,0.005663282588812312
2012-01-29,2012-01-28,SJC_Gold,44.8,44.8,0.0,0.00023264450203764795,0.005663282588812312
2012-01-30,2012-01-29,SJC_Gold,45.0,44.8,0.004454350349380132,0.00023264450203764795,0.005663282588812312
2012-01-31,2012-01-30,SJC_Gold,45.33,45.0,0.0073065751824383796,0.00023264450203764795,0.005663282588812312
2012-02-01,2012-01-31,SJC_Gold,45.4,45.33,0.0015430400945444234,0.00023264450203764795,0.005663282588812312
2012-02-02,2012-02-01,SJC_Gold,45.43,45.4,0.0006605747240095994,0.00023264450203764795,0.005663282588812312
2012-02-03,2012-02-02,SJC_Gold,45.4,45.43,-0.0006605747240095994,0.00023264450203764795,0.005663282588812312
2012-02-04,2012-02-03,SJC_Gold,44.95,45.4,-0.009961344129672867,0.00023264450203764795,0.005663282588812312
2012-02-05,2012-02-04,SJC_Gold,44.95,44.95,0.0,0.00023264450203764795,0.005663282588812312
2012-02-06,2012-02-05,SJC_Gold,44.85,44.95,-0.002227172412824441,0.00023264450203764795,0.005663282588812312
2012-02-07,2012-02-06,SJC_Gold,44.9,44.85,0.001114206243403526,0.00023264450203764795,0.005663282588812312
2012-02-08,2012-02-07,SJC_Gold,45.05,44.9,0.0033351893061381865,0.00023264450203764795,0.005663282588812312
2012-02-09,2012-02-08,SJC_Gold,44.88,45.05,-0.0037807228399060477,0.00023264450203764795,0.005663282588812312
2012-02-10,2012-02-09,SJC_Gold,44.75,44.88,-0.002900816493576208,0.00023264450203764795,0.005663282588812312
2012-02-11,2012-02-10,SJC_Gold,44.83,44.75,0.0017861134464833839,0.00023264450203764795,0.005663282588812312
2012-02-12,2012-02-11,SJC_Gold,44.83,44.83,0.0,0.00023264450203764795,0.005663282588812312
2012-02-13,2012-02-12,SJC_Gold,44.82,44.83,-0.00022308979456697742,0.00023264450203764795,0.005663282588812312
2012-02-14,2012-02-13,SJC_Gold,44.7,44.82,-0.0026809667532576853,0.00023264450203764795,0.005663282588812312
2012-02-15,2012-02-14,SJC_Gold,44.8,44.7,0.002234637801416195,0.00023264450203764795,0.005663282588812312
2012-02-16,2012-02-15,SJC_Gold,44.68,44.8,-0.0026821652199395807,0.00023264450203764795,0.005663282588812312
2012-02-17,2012-02-16,SJC_Gold,44.75,44.68,0.0015654705198646646,0.00023264450203764795,0.005663282588812312
2012-02-18,2012-02-17,SJC_Gold,44.7,44.75,-0.0011179431013412788,0.00023264450203764795,0.005663282588812312
2012-02-19,2012-02-18,SJC_Gold,44.7,44.7,0.0,0.00023264450203764795,0.005663282588812312
2012-02-20,2012-02-19,SJC_Gold,44.75,44.7,0.0011179431013412788,0.00023264450203764795,0.005663282588812312
2012-02-21,2012-02-20,SJC_Gold,44.8,44.75,0.0011166947000749161,0.00023264450203764795,0.005663282588812312
2012-02-22,2012-02-21,SJC_Gold,44.9,44.8,0.0022296553272691533,0.00023264450203764795,0.005663282588812312
2012-02-23,2012-02-22,SJC_Gold,45.2,44.9,0.006659292089977065,0.00023264450203764795,0.005663282588812312
2012-02-24,2012-02-23,SJC_Gold,45.24,45.2,0.0008845644097341676,0.00023264450203764795,0.005663282588812312
2012-02-25,2012-02-24,SJC_Gold,45.13,45.24,-0.0024344374090099485,0.00023264450203764795,0.005663282588812312
2012-02-26,2012-02-25,SJC_Gold,45.13,45.13,0.0,0.00023264450203764795,0.005663282588812312
2012-02-27,2012-02-26,SJC_Gold,45.13,45.13,0.0,0.00023264450203764795,0.005663282588812312
2012-02-28,2012-02-27,SJC_Gold,45.05,45.13,-0.0017742297845630972,0.00023264450203764795,0.005663282588812312
2012-02-29,2012-02-28,SJC_Gold,45.27,45.05,0.004871577393520621,0.00023264450203764795,0.005663282588812312
2012-03-01,2012-02-29,SJC_Gold,44.79,45.27,-0.010659661228658912,0.00023264450203764795,0.005663282588812312
2012-03-02,2012-03-01,SJC_Gold,44.75,44.79,-0.0008934554983439646,0.00023264450203764795,0.005663282588812312
2012-03-03,2012-03-02,SJC_Gold,44.7,44.75,-0.0011179431013412788,0.00023264450203764795,0.005663282588812312
2012-03-04,2012-03-03,SJC_Gold,44.7,44.7,0.0,0.00023264450203764795,0.005663282588812312
2012-03-05,2012-03-04,SJC_Gold,44.63,44.7,-0.0015672229783447733,0.00023264450203764795,0.005663282588812312
2012-03-06,2012-03-05,SJC_Gold,44.58,44.63,-0.0011209506834557459,0.00023264450203764795,0.005663282588812312
2012-03-07,2012-03-06,SJC_Gold,44.38,44.58,-0.004496410453274979,0.00023264450203764795,0.005663282588812312
2012-03-08,2012-03-07,SJC_Gold,44.64,44.38,0.005841400568607824,0.00023264450203764795,0.005663282588812312
2012-03-09,2012-03-08,SJC_Gold,44.69,44.64,0.0011194448723044204,0.00023264450203764795,0.005663282588812312
2012-03-10,2012-03-09,SJC_Gold,44.8,44.69,0.002458376475579449,0.00023264450203764795,0.005663282588812312
2012-03-11,2012-03-10,SJC_Gold,44.8,44.8,0.0,0.00023264450203764795,0.005663282588812312
2012-03-12,2012-03-11,SJC_Gold,44.76,44.8,-0.0008932559772150128,0.00023264450203764795,0.005663282588812312
2012-03-13,2012-03-12,SJC_Gold,44.71,44.76,-0.00111769319783539,0.00023264450203764795,0.005663282588812312
2012-03-14,2012-03-13,SJC_Gold,44.49,44.71,-0.004932745427938645,0.00023264450203764795,0.005663282588812312
2012-03-15,2012-03-14,SJC_Gold,44.18,44.49,-0.006992246825979542,0.00023264450203764795,0.005663282588812312
2012-03-16,2012-03-15,SJC_Gold,44.27,44.18,0.0020350487520786054,0.00023264450203764795,0.005663282588812312
2012-03-17,2012-03-16,SJC_Gold,44.32,44.27,0.0011287956949788125,0.00023264450203764795,0.005663282588812312
2012-03-18,2012-03-17,SJC_Gold,44.32,44.32,0.0,0.00023264450203764795,0.005663282588812312
2012-03-19,2012-03-18,SJC_Gold,44.14,44.32,-0.004069641610437991,0.00023264450203764795,0.005663282588812312
2012-03-20,2012-03-19,SJC_Gold,43.7,44.14,-0.010018298727045849,0.00023264450203764795,0.005663282588812312
2012-03-21,2012-03-20,SJC_Gold,43.8,43.7,0.002285715280855971,0.00023264450203764795,0.005663282588812312
2012-03-22,2012-03-21,SJC_Gold,43.75,43.8,-0.0011422045787772284,0.00023264450203764795,0.005663282588812312
2012-03-23,2012-03-22,SJC_Gold,43.88,43.75,0.0029670226034061997,0.00023264450203764795,0.005663282588812312
2012-03-24,2012-03-23,SJC_Gold,44.05,43.88,0.003866716975159168,0.00023264450203764795,0.005663282588812312
2012-03-25,2012-03-24,SJC_Gold,44.05,44.05,0.0,0.00023264450203764795,0.005663282588812312
2012-03-26,2012-03-25,SJC_Gold,44.05,44.05,0.0,0.00023264450203764795,0.005663282588812312
2012-03-27,2012-03-26,SJC_Gold,44.38,44.05,0.007463565122259208,0.00023264450203764795,0.005663282588812312
2012-03-28,2012-03-27,SJC_Gold,44.22,44.38,-0.0036117420751478058,0.00023264450203764795,0.005663282588812312
2012-03-29,2012-03-28,SJC_Gold,43.93,44.22,-0.006579717441611788,0.00023264450203764795,0.005663282588812312
2012-03-30,2012-03-29,SJC_Gold,44.0,43.93,0.0015921759305728145,0.00023264450203764795,0.005663282588812312
2012-03-31,2012-03-30,SJC_Gold,44.0,44.0,0.0,0.00023264450203764795,0.005663282588812312
2012-04-01,2012-03-31,SJC_Gold,44.0,44.0,0.0,0.00023264450203764795,0.005663282588812312
2012-04-02,2012-04-01,SJC_Gold,44.0,44.0,0.0,0.00023264450203764795,0.005663282588812312
2012-04-03,2012-04-02,SJC_Gold,43.96,44.0,-0.0009095043828404314,0.00023264450203764795,0.005663282588812312
2012-04-04,2012-04-03,SJC_Gold,43.65,43.96,-0.007076847249809504,0.00023264450203764795,0.005663282588812312
2012-04-05,2012-04-04,SJC_Gold,43.6,43.65,-0.0011461319306222961,0.00023264450203764795,0.005663282588812312
2012-04-06,2012-04-05,SJC_Gold,43.54,43.6,-0.0013770945485873654,0.00023264450203764795,0.005663282588812312
2012-04-07,2012-04-06,SJC_Gold,43.52,43.54,-0.0004594532587143263,0.00023264450203764795,0.005663282588812312
2012-04-08,2012-04-07,SJC_Gold,43.52,43.52,0.0,0.00023264450203764795,0.005663282588812312
2012-04-09,2012-04-08,SJC_Gold,43.5,43.52,-0.00045966445304879144,0.00023264450203764795,0.005663282588812312
2012-04-10,2012-04-09,SJC_Gold,43.4,43.5,-0.0023014969882790837,0.00023264450203764795,0.005663282588812312
2012-04-11,2012-04-10,SJC_Gold,43.41,43.4,0.00023038820514287295,0.00023264450203764795,0.005663282588812312
2012-04-12,2012-04-11,SJC_Gold,43.34,43.41,-0.0016138332032888947,0.00023264450203764795,0.005663282588812312
2012-04-13,2012-04-12,SJC_Gold,43.38,43.34,0.0009225092905151833,0.00023264450203764795,0.005663282588812312
2012-04-14,2012-04-13,SJC_Gold,43.32,43.38,-0.0013840832659384184,0.00023264450203764795,0.005663282588812312
2012-04-15,2012-04-14,SJC_Gold,43.32,43.32,0.0,0.00023264450203764795,0.005663282588812312
2012-04-16,2012-04-15,SJC_Gold,43.0,43.32,-0.00741430643922758,0.00023264450203764795,0.005663282588812312
2012-04-17,2012-04-16,SJC_Gold,42.9,43.0,-0.0023282897595913177,0.00023264450203764795,0.005663282588812312
2012-04-18,2012-04-17,SJC_Gold,42.81,42.9,-0.00210010577711639,0.00023264450203764795,0.005663282588812312
2012-04-19,2012-04-18,SJC_Gold,42.6,42.81,-0.0049174668815297196,0.00023264450203764795,0.005663282588812312
2012-04-20,2012-04-19,SJC_Gold,42.58,42.6,-0.0004695938099916752,0.00023264450203764795,0.005663282588812312
2012-04-21,2012-04-20,SJC_Gold,42.66,42.58,0.0018770535778709352,0.00023264450203764795,0.005663282588812312
2012-04-22,2012-04-21,SJC_Gold,42.66,42.66,0.0,0.00023264450203764795,0.005663282588812312
2012-04-23,2012-04-22,SJC_Gold,42.7,42.66,0.0009372071913746893,0.00023264450203764795,0.005663282588812312
2012-04-24,2012-04-23,SJC_Gold,42.79,42.7,0.0021055101941467314,0.00023264450203764795,0.005663282588812312
2012-04-25,2012-04-24,SJC_Gold,42.96,42.79,0.003965019771883682,0.00023264450203764795,0.005663282588812312
2012-04-26,2012-04-25,SJC_Gold,42.97,42.96,0.000232747586294213,0.00023264450203764795,0.005663282588812312
2012-04-27,2012-04-26,SJC_Gold,42.95,42.97,-0.00046554935663900565,0.00023264450203764795,0.005663282588812312
2012-04-28,2012-04-27,SJC_Gold,43.0,42.95,0.001163467263297857,0.00023264450203764795,0.005663282588812312
2012-04-29,2012-04-28,SJC_Gold,43.0,43.0,0.0,0.00023264450203764795,0.005663282588812312
2012-04-30,2012-04-29,SJC_Gold,43.0,43.0,0.0,0.00023264450203764795,0.005663282588812312
2012-05-01,2012-04-30,SJC_Gold,43.0,43.0,0.0,0.00023264450203764795,0.005663282588812312
2012-05-02,2012-05-01,SJC_Gold,42.88,43.0,-0.002794598931015635,0.00023264450203764795,0.005663282588812312
2012-05-03,2012-05-02,SJC_Gold,42.6,42.88,-0.006551263487221792,0.00023264450203764795,0.005663282588812312
2012-05-04,2012-05-03,SJC_Gold,42.4,42.6,-0.004705891037412702,0.00023264450203764795,0.005663282588812312
2012-05-05,2012-05-04,SJC_Gold,42.58,42.4,0.0042362972274210264,0.00023264450203764795,0.005663282588812312
2012-05-06,2012-05-05,SJC_Gold,42.58,42.58,0.0,0.00023264450203764795,0.005663282588812312
2012-05-07,2012-05-06,SJC_Gold,42.43,42.58,-0.003529000251099923,0.00023264450203764795,0.005663282588812312
2012-05-08,2012-05-07,SJC_Gold,41.92,42.43,-0.012092619201446553,0.00023264450203764795,0.005663282588812312
2012-05-09,2012-05-08,SJC_Gold,41.42,41.92,-0.01199918404534861,0.00023264450203764795,0.005663282588812312
2012-05-10,2012-05-09,SJC_Gold,41.77,41.42,0.008414522541645653,0.00023264450203764795,0.005663282588812312
2012-05-11,2012-05-10,SJC_Gold,41.75,41.77,-0.00047892721221920453,0.00023264450203764795,0.005663282588812312
2012-05-12,2012-05-11,SJC_Gold,41.74,41.75,-0.0002395496478100334,0.00023264450203764795,0.005663282588812312
2012-05-13,2012-05-12,SJC_Gold,41.74,41.74,0.0,0.00023264450203764795,0.005663282588812312
2012-05-14,2012-05-13,SJC_Gold,41.46,41.74,-0.006730794641421234,0.00023264450203764795,0.005663282588812312
2012-05-15,2012-05-14,SJC_Gold,41.3,41.46,-0.0038666070406465636,0.00023264450203764795,0.005663282588812312
2012-05-16,2012-05-15,SJC_Gold,40.98,41.3,-0.0077783571562330955,0.00023264450203764795,0.005663282588812312
2012-05-17,2012-05-16,SJC_Gold,41.15,40.98,0.004139784312325201,0.00023264450203764795,0.005663282588812312
2012-05-18,2012-05-17,SJC_Gold,41.95,41.15,0.019254505790136545,0.00023264450203764795,0.005663282588812312
2012-05-19,2012-05-18,SJC_Gold,42.1,41.95,0.003569307775120212,0.00023264450203764795,0.005663282588812312
2012-05-20,2012-05-19,SJC_Gold,42.1,42.1,0.0,0.00023264450203764795,0.005663282588812312
2012-05-21,2012-05-20,SJC_Gold,42.2,42.1,0.0023724803536304684,0.00023264450203764795,0.005663282588812312
2012-05-22,2012-05-21,SJC_Gold,41.75,42.2,-0.0107207697451015,0.00023264450203764795,0.005663282588812312
2012-05-23,2012-05-22,SJC_Gold,41.36,41.75,-0.009385221096691154,0.00023264450203764795,0.005663282588812312
2012-05-24,2012-05-23,SJC_Gold,41.36,41.36,0.0,0.00023264450203764795,0.005663282588812312
2012-05-25,2012-05-24,SJC_Gold,41.45,41.36,0.002173651381130348,0.00023264450203764795,0.005663282588812312
2012-05-26,2012-05-25,SJC_Gold,41.65,41.45,0.004813487031547936,0.00023264450203764795,0.005663282588812312
2012-05-27,2012-05-26,SJC_Gold,41.65,41.65,0.0,0.00023264450203764795,0.005663282588812312
2012-05-28,2012-05-27,SJC_Gold,41.6,41.65,-0.001201201345633951,0.00023264450203764795,0.005663282588812312
2012-05-29,2012-05-28,SJC_Gold,41.55,41.6,-0.0012026459657605848,0.00023264450203764795,0.005663282588812312
2012-05-30,2012-05-29,SJC_Gold,41.28,41.55,-0.00651940012815011,0.00023264450203764795,0.005663282588812312
2012-05-31,2012-05-30,SJC_Gold,41.46,41.28,0.004350985834326249,0.00023264450203764795,0.005663282588812312
2012-06-01,2012-05-31,SJC_Gold,41.33,41.46,-0.0031404784839925703,0.00023264450203764795,0.005663282588812312
2012-06-02,2012-06-01,SJC_Gold,42.1,41.33,0.01845911216469487,0.00023264450203764795,0.005663282588812312
2012-06-03,2012-06-02,SJC_Gold,42.1,42.1,0.0,0.00023264450203764795,0.005663282588812312
2012-06-04,2012-06-03,SJC_Gold,42.06,42.1,-0.0009505704137819926,0.00023264450203764795,0.005663282588812312
2012-06-05,2012-06-04,SJC_Gold,42.17,42.06,0.0026118974839146603,0.00023264450203764795,0.005663282588812312
2012-06-06,2012-06-05,SJC_Gold,42.62,42.17,0.010614558912002803,0.00023264450203764795,0.005663282588812312
2012-06-07,2012-06-06,SJC_Gold,42.41,42.62,-0.004939443183971992,0.00023264450203764795,0.005663282588812312
2012-06-08,2012-06-07,SJC_Gold,41.86,42.41,-0.013053466468645691,0.00023264450203764795,0.005663282588812312
2012-06-09,2012-06-08,SJC_Gold,42.0,41.86,0.0033389012655149486,0.00023264450203764795,0.005663282588812312
2012-06-10,2012-06-09,SJC_Gold,42.0,42.0,0.0,0.00023264450203764795,0.005663282588812312
2012-06-11,2012-06-10,SJC_Gold,41.98,42.0,-0.000476303890881713,0.00023264450203764795,0.005663282588812312
2012-06-12,2012-06-11,SJC_Gold,41.9,41.98,-0.0019074874643947304,0.00023264450203764795,0.005663282588812312
2012-06-13,2012-06-12,SJC_Gold,42.12,41.9,0.0052368603376828915,0.00023264450203764795,0.005663282588812312
2012-06-14,2012-06-13,SJC_Gold,42.21,42.12,0.002134472528632525,0.00023264450203764795,0.005663282588812312
2012-06-15,2012-06-14,SJC_Gold,42.25,42.21,0.0009471940087752984,0.00023264450203764795,0.005663282588812312
2012-06-16,2012-06-15,SJC_Gold,42.28,42.25,0.0007098071988540511,0.00023264450203764795,0.005663282588812312
2012-06-17,2012-06-16,SJC_Gold,42.28,42.28,0.0,0.00023264450203764795,0.005663282588812312
2012-06-18,2012-06-17,SJC_Gold,42.24,42.28,-0.0009465216040305258,0.00023264450203764795,0.005663282588812312
2012-06-19,2012-06-18,SJC_Gold,42.3,42.24,0.0014194466542258866,0.00023264450203764795,0.005663282588812312
2012-06-20,2012-06-19,SJC_Gold,42.2,42.3,-0.0023668650102659505,0.00023264450203764795,0.005663282588812312
2012-06-21,2012-06-20,SJC_Gold,42.04,42.2,-0.003798675033215737,0.00023264450203764795,0.005663282588812312
2012-06-22,2012-06-21,SJC_Gold,41.82,42.04,-0.005246852008262692,0.00023264450203764795,0.005663282588812312
2012-06-23,2012-06-22,SJC_Gold,41.83,41.82,0.0002390914536194444,0.00023264450203764795,0.005663282588812312
2012-06-24,2012-06-23,SJC_Gold,41.83,41.83,0.0,0.00023264450203764795,0.005663282588812312
2012-06-25,2012-06-24,SJC_Gold,41.75,41.83,-0.0019143341572425143,0.00023264450203764795,0.005663282588812312
2012-06-26,2012-06-25,SJC_Gold,41.83,41.75,0.0019143341572425143,0.00023264450203764795,0.005663282588812312
2012-06-27,2012-06-26,SJC_Gold,41.69,41.83,-0.0033524935614015483,0.00023264450203764795,0.005663282588812312
2012-06-28,2012-06-27,SJC_Gold,41.71,41.69,0.00047961631614823474,0.00023264450203764795,0.005663282588812312
2012-06-29,2012-06-28,SJC_Gold,41.72,41.71,0.000239721923717795,0.00023264450203764795,0.005663282588812312
2012-06-30,2012-06-29,SJC_Gold,41.93,41.72,0.005020931050099708,0.00023264450203764795,0.005663282588812312
2012-07-01,2012-06-30,SJC_Gold,41.93,41.93,0.0,0.00023264450203764795,0.005663282588812312
2012-07-02,2012-07-01,SJC_Gold,41.95,41.93,0.000476871730544115,0.00023264450203764795,0.005663282588812312
2012-07-03,2012-07-02,SJC_Gold,42.04,41.95,0.002143113095534943,0.00023264450203764795,0.005663282588812312
2012-07-04,2012-07-03,SJC_Gold,42.12,42.04,0.0019011412570244524,0.00023264450203764795,0.005663282588812312
2012-07-05,2012-07-04,SJC_Gold,42.07,42.12,-0.0011877896633452067,0.00023264450203764795,0.005663282588812312
2012-07-06,2012-07-05,SJC_Gold,41.88,42.07,-0.004526511600093652,0.00023264450203764795,0.005663282588812312
2012-07-07,2012-07-06,SJC_Gold,41.8,41.88,-0.0019120464716255725,0.00023264450203764795,0.005663282588812312
2012-07-08,2012-07-07,SJC_Gold,41.8,41.8,0.0,0.00023264450203764795,0.005663282588812312
2012-07-09,2012-07-08,SJC_Gold,41.78,41.8,-0.00047858340229067764,0.00023264450203764795,0.005663282588812312
2012-07-10,2012-07-09,SJC_Gold,41.9,41.78,0.0028680707996722177,0.00023264450203764795,0.005663282588812312
2012-07-11,2012-07-10,SJC_Gold,41.75,41.9,-0.003586375631227323,0.00023264450203764795,0.005663282588812312
2012-07-12,2012-07-11,SJC_Gold,41.65,41.75,-0.00239808268401287,0.00023264450203764795,0.005663282588812312
2012-07-13,2012-07-12,SJC_Gold,41.8,41.65,0.003594970917858653,0.00023264450203764795,0.005663282588812312
2012-07-14,2012-07-13,SJC_Gold,41.84,41.8,0.0009564802259571792,0.00023264450203764795,0.005663282588812312
2012-07-15,2012-07-14,SJC_Gold,41.84,41.84,0.0,0.00023264450203764795,0.005663282588812312
2012-07-16,2012-07-15,SJC_Gold,41.78,41.84,-0.0014350636282478568,0.00023264450203764795,0.005663282588812312
2012-07-17,2012-07-16,SJC_Gold,41.89,41.78,0.00262937883052361,0.00023264450203764795,0.005663282588812312
2012-07-18,2012-07-17,SJC_Gold,41.77,41.89,-0.002868756449859511,0.00023264450203764795,0.005663282588812312
2012-07-19,2012-07-18,SJC_Gold,41.76,41.77,-0.00023943493470079957,0.00023264450203764795,0.005663282588812312
2012-07-20,2012-07-19,SJC_Gold,41.78,41.76,0.00047881255403670053,0.00023264450203764795,0.005663282588812312
2012-07-21,2012-07-20,SJC_Gold,41.77,41.78,-0.00023937761933590096,0.00023264450203764795,0.005663282588812312
2012-07-22,2012-07-21,SJC_Gold,41.77,41.77,0.0,0.00023264450203764795,0.005663282588812312
2012-07-23,2012-07-22,SJC_Gold,41.67,41.77,-0.0023969330747215523,0.00023264450203764795,0.005663282588812312
2012-07-24,2012-07-23,SJC_Gold,41.69,41.67,0.00047984645834331374,0.00023264450203764795,0.005663282588812312
2012-07-25,2012-07-24,SJC_Gold,41.81,41.69,0.002874253475768196,0.00023264450203764795,0.005663282588812312
2012-07-26,2012-07-25,SJC_Gold,41.98,41.81,0.004057769024012892,0.00023264450203764795,0.005663282588812312
2012-07-27,2012-07-26,SJC_Gold,42.13,41.98,0.003566761598438717,0.00023264450203764795,0.005663282588812312
2012-07-28,2012-07-27,SJC_Gold,42.11,42.13,-0.00047483381708923744,0.00023264450203764795,0.005663282588812312
2012-07-29,2012-07-28,SJC_Gold,42.11,42.11,0.0,0.00023264450203764795,0.005663282588812312
2012-07-30,2012-07-29,SJC_Gold,42.06,42.11,-0.0011880718992824946,0.00023264450203764795,0.005663282588812312
2012-07-31,2012-07-30,SJC_Gold,42.09,42.06,0.0007130125079255478,0.00023264450203764795,0.005663282588812312
2012-08-01,2012-07-31,SJC_Gold,41.99,42.09,-0.002378688086377423,0.00023264450203764795,0.005663282588812312
2012-08-02,2012-08-01,SJC_Gold,41.96,41.99,-0.0007147111680052554,0.00023264450203764795,0.005663282588812312
2012-08-03,2012-08-02,SJC_Gold,41.97,41.96,0.00023829381740281264,0.00023264450203764795,0.005663282588812312
2012-08-04,2012-08-03,SJC_Gold,42.03,41.97,0.00142857167152588,0.00023264450203764795,0.005663282588812312
2012-08-05,2012-08-04,SJC_Gold,42.03,42.03,0.0,0.00023264450203764795,0.005663282588812312
2012-08-06,2012-08-05,SJC_Gold,42.17,42.03,0.003325418741443098,0.00023264450203764795,0.005663282588812312
2012-08-07,2012-08-06,SJC_Gold,42.34,42.17,0.00402319794825079,0.00023264450203764795,0.005663282588812312
2012-08-08,2012-08-07,SJC_Gold,42.24,42.34,-0.002364626308712925,0.00023264450203764795,0.005663282588812312
2012-08-09,2012-08-08,SJC_Gold,42.28,42.24,0.0009465216040305258,0.00023264450203764795,0.005663282588812312
2012-08-10,2012-08-09,SJC_Gold,42.27,42.28,-0.00023654642333825748,0.00023264450203764795,0.005663282588812312
2012-08-11,2012-08-10,SJC_Gold,42.35,42.27,0.001890806519365018,0.00023264450203764795,0.005663282588812312
2012-08-12,2012-08-11,SJC_Gold,42.35,42.35,0.0,0.00023264450203764795,0.005663282588812312
2012-08-13,2012-08-12,SJC_Gold,42.53,42.35,0.004241288167478707,0.00023264450203764795,0.005663282588812312
2012-08-14,2012-08-13,SJC_Gold,42.52,42.53,-0.00023515579179500534,0.00023264450203764795,0.005663282588812312
2012-08-15,2012-08-14,SJC_Gold,42.3,42.52,-0.005187467421515102,0.00023264450203764795,0.005663282588812312
2012-08-16,2012-08-15,SJC_Gold,42.38,42.3,0.0018894667879210125,0.00023264450203764795,0.005663282588812312
2012-08-17,2012-08-16,SJC_Gold,42.54,42.38,0.003768256931937941,0.00023264450203764795,0.005663282588812312
2012-08-18,2012-08-17,SJC_Gold,42.53,42.54,-0.0002351005065488465,0.00023264450203764795,0.005663282588812312
2012-08-19,2012-08-18,SJC_Gold,42.53,42.53,0.0,0.00023264450203764795,0.005663282588812312
2012-08-20,2012-08-19,SJC_Gold,42.58,42.53,0.0011749501997910805,0.00023264450203764795,0.005663282588812312
2012-08-21,2012-08-20,SJC_Gold,42.98,42.58,0.009350231749031046,0.00023264450203764795,0.005663282588812312
2012-08-22,2012-08-21,SJC_Gold,43.7,42.98,0.016613210887180152,0.00023264450203764795,0.005663282588812312
2012-08-23,2012-08-22,SJC_Gold,44.45,43.7,0.017016859858369315,0.00023264450203764795,0.005663282588812312
2012-08-24,2012-08-23,SJC_Gold,44.2,44.45,-0.005640172876261396,0.00023264450203764795,0.005663282588812312
2012-08-25,2012-08-24,SJC_Gold,44.25,44.2,0.0011305823702860707,0.00023264450203764795,0.005663282588812312
2012-08-26,2012-08-25,SJC_Gold,44.25,44.25,0.0,0.00023264450203764795,0.005663282588812312
2012-08-27,2012-08-26,SJC_Gold,44.5,44.25,0.005633817718256218,0.00023264450203764795,0.005663282588812312
2012-08-28,2012-08-27,SJC_Gold,44.47,44.5,-0.0006743846495895767,0.00023264450203764795,0.005663282588812312
2012-08-29,2012-08-28,SJC_Gold,44.57,44.47,0.0022461824358592786,0.00023264450203764795,0.005663282588812312
2012-08-30,2012-08-29,SJC_Gold,44.5,44.57,-0.001571797786269702,0.00023264450203764795,0.005663282588812312
2012-08-31,2012-08-30,SJC_Gold,44.52,44.5,0.00044933723514928303,0.00023264450203764795,0.005663282588812312
2012-09-01,2012-08-31,SJC_Gold,45.15,44.52,0.014051753455650573,0.00023264450203764795,0.005663282588812312
2012-09-02,2012-09-01,SJC_Gold,45.15,45.15,0.0,0.00023264450203764795,0.005663282588812312
2012-09-03,2012-09-02,SJC_Gold,45.15,45.15,0.0,0.00023264450203764795,0.005663282588812312
2012-09-04,2012-09-03,SJC_Gold,45.15,45.15,0.0,0.00023264450203764795,0.005663282588812312
2012-09-05,2012-09-04,SJC_Gold,45.28,45.15,0.002875154031932947,0.00023264450203764795,0.005663282588812312
2012-09-06,2012-09-05,SJC_Gold,46.1,45.28,0.0179475161076752,0.00023264450203764795,0.005663282588812312
2012-09-07,2012-09-06,SJC_Gold,45.6,46.1,-0.010905233482262133,0.00023264450203764795,0.005663282588812312
2012-09-08,2012-09-07,SJC_Gold,46.25,45.6,0.0141537474380935,0.00023264450203764795,0.005663282588812312
2012-09-09,2012-09-08,SJC_Gold,46.25,46.25,0.0,0.00023264450203764795,0.005663282588812312
2012-09-10,2012-09-09,SJC_Gold,46.22,46.25,-0.0006488591121995846,0.00023264450203764795,0.005663282588812312
2012-09-11,2012-09-10,SJC_Gold,46.22,46.22,0.0,0.00023264450203764795,0.005663282588812312
2012-09-12,2012-09-11,SJC_Gold,46.62,46.22,0.008617028761376488,0.00023264450203764795,0.005663282588812312
2012-09-13,2012-09-12,SJC_Gold,46.45,46.62,-0.0036531683477631915,0.00023264450203764795,0.005663282588812312
2012-09-14,2012-09-13,SJC_Gold,47.24,46.45,0.01686452606931388,0.00023264450203764795,0.005663282588812312
2012-09-15,2012-09-14,SJC_Gold,46.95,47.24,-0.00615778567488956,0.00023264450203764795,0.005663282588812312
2012-09-16,2012-09-15,SJC_Gold,46.95,46.95,0.0,0.00023264450203764795,0.005663282588812312
2012-09-17,2012-09-16,SJC_Gold,46.85,46.95,-0.002132196969840905,0.00023264450203764795,0.005663282588812312
2012-09-18,2012-09-17,SJC_Gold,46.65,46.85,-0.004278081391078548,0.00023264450203764795,0.005663282588812312
2012-09-19,2012-09-18,SJC_Gold,47.25,46.65,0.012779726646399148,0.00023264450203764795,0.005663282588812312
2012-09-20,2012-09-19,SJC_Gold,46.92,47.25,-0.007008630154476947,0.00023264450203764795,0.005663282588812312
2012-09-21,2012-09-20,SJC_Gold,47.05,46.92,0.0027668422461135656,0.00023264450203764795,0.005663282588812312
2012-09-22,2012-09-21,SJC_Gold,46.99,47.05,-0.0012760529166642165,0.00023264450203764795,0.005663282588812312
2012-09-23,2012-09-22,SJC_Gold,46.99,46.99,0.0,0.00023264450203764795,0.005663282588812312
2012-09-24,2012-09-23,SJC_Gold,46.86,46.99,-0.00277038003507446,0.00023264450203764795,0.005663282588812312
2012-09-25,2012-09-24,SJC_Gold,47.05,46.86,0.0040464329517386766,0.00023264450203764795,0.005663282588812312
2012-09-26,2012-09-25,SJC_Gold,47.14,47.05,0.0019110314765966585,0.00023264450203764795,0.005663282588812312
2012-09-27,2012-09-26,SJC_Gold,47.1,47.14,-0.0008488964856128156,0.00023264450203764795,0.005663282588812312
2012-09-28,2012-09-27,SJC_Gold,47.46,47.1,0.007614249985245181,0.00023264450203764795,0.005663282588812312
2012-09-29,2012-09-28,SJC_Gold,47.4,47.46,-0.0012650223065864274,0.00023264450203764795,0.005663282588812312
2012-09-30,2012-09-29,SJC_Gold,47.4,47.4,0.0,0.00023264450203764795,0.005663282588812312
2012-10-01,2012-09-30,SJC_Gold,47.55,47.4,0.003159560290368457,0.00023264450203764795,0.005663282588812312
2012-10-02,2012-10-01,SJC_Gold,47.85,47.55,0.006289328907564062,0.00023264450203764795,0.005663282588812312
2012-10-03,2012-10-02,SJC_Gold,47.8,47.85,-0.0010454784015534457,0.00023264450203764795,0.005663282588812312
2012-10-04,2012-10-03,SJC_Gold,48.12,47.8,0.006672251609067814,0.00023264450203764795,0.005663282588812312
2012-10-05,2012-10-04,SJC_Gold,48.18,48.12,0.0012461060802473334,0.00023264450203764795,0.005663282588812312
2012-10-06,2012-10-05,SJC_Gold,47.97,48.18,-0.004368181672752769,0.00023264450203764795,0.005663282588812312
2012-10-07,2012-10-06,SJC_Gold,47.97,47.97,0.0,0.00023264450203764795,0.005663282588812312
2012-10-08,2012-10-07,SJC_Gold,47.84,47.97,-0.0027137058715962503,0.00023264450203764795,0.005663282588812312
2012-10-09,2012-10-08,SJC_Gold,47.79,47.84,-0.001045697052309169,0.00023264450203764795,0.005663282588812312
2012-10-10,2012-10-09,SJC_Gold,47.58,47.79,-0.00440390771525534,0.00023264450203764795,0.005663282588812312
2012-10-11,2012-10-10,SJC_Gold,47.7,47.58,0.0025188930194839365,0.00023264450203764795,0.005663282588812312
2012-10-12,2012-10-11,SJC_Gold,47.73,47.7,0.0006287331235093063,0.00023264450203764795,0.005663282588812312
2012-10-13,2012-10-12,SJC_Gold,47.5,47.73,-0.004830419977209566,0.00023264450203764795,0.005663282588812312
2012-10-14,2012-10-13,SJC_Gold,47.5,47.5,0.0,0.00023264450203764795,0.005663282588812312
2012-10-15,2012-10-14,SJC_Gold,47.21,47.5,-0.006123976482399929,0.00023264450203764795,0.005663282588812312
2012-10-16,2012-10-15,SJC_Gold,46.73,47.21,-0.010219377845860578,0.00023264450203764795,0.005663282588812312
2012-10-17,2012-10-16,SJC_Gold,47.0,46.73,0.005761244997723569,0.00023264450203764795,0.005663282588812312
2012-10-18,2012-10-17,SJC_Gold,47.01,47.0,0.0002127433259806466,0.00023264450203764795,0.005663282588812312
2012-10-19,2012-10-18,SJC_Gold,46.87,47.01,-0.0029825331014241563,0.00023264450203764795,0.005663282588812312
2012-10-20,2012-10-19,SJC_Gold,46.62,46.87,-0.005348178327003961,0.00023264450203764795,0.005663282588812312
2012-10-21,2012-10-20,SJC_Gold,46.62,46.62,0.0,0.00023264450203764795,0.005663282588812312
2012-10-22,2012-10-21,SJC_Gold,46.22,46.62,-0.008617028761376488,0.00023264450203764795,0.005663282588812312
2012-10-23,2012-10-22,SJC_Gold,46.33,46.22,0.002377094582322492,0.00023264450203764795,0.005663282588812312
2012-10-24,2012-10-23,SJC_Gold,46.25,46.33,-0.0017282354701229075,0.00023264450203764795,0.005663282588812312
2012-10-25,2012-10-24,SJC_Gold,46.4,46.25,0.0032379952737753293,0.00023264450203764795,0.005663282588812312
2012-10-26,2012-10-25,SJC_Gold,46.29,46.4,-0.00237350418903004,0.00023264450203764795,0.005663282588812312
2012-10-27,2012-10-26,SJC_Gold,46.35,46.29,0.0012953369686847793,0.00023264450203764795,0.005663282588812312
2012-10-28,2012-10-27,SJC_Gold,46.35,46.35,0.0,0.00023264450203764795,0.005663282588812312
2012-10-29,2012-10-28,SJC_Gold,46.28,46.35,-0.0015113896863883092,0.00023264450203764795,0.005663282588812312
2012-10-30,2012-10-29,SJC_Gold,46.24,46.28,-0.0008646779613536992,0.00023264450203764795,0.005663282588812312
2012-10-31,2012-10-30,SJC_Gold,46.13,46.24,-0.0023817267943928577,0.00023264450203764795,0.005663282588812312
2012-11-01,2012-10-31,SJC_Gold,46.43,46.13,0.006482304462100963,0.00023264450203764795,0.005663282588812312
2012-11-02,2012-11-01,SJC_Gold,46.43,46.43,0.0,0.00023264450203764795,0.005663282588812312
2012-11-03,2012-11-02,SJC_Gold,45.95,46.43,-0.010391953230134199,0.00023264450203764795,0.005663282588812312
2012-11-04,2012-11-03,SJC_Gold,45.95,45.95,0.0,0.00023264450203764795,0.005663282588812312
2012-11-05,2012-11-04,SJC_Gold,46.02,45.95,0.0015222358055240193,0.00023264450203764795,0.005663282588812312
2012-11-06,2012-11-05,SJC_Gold,46.3,46.02,0.006065876484968147,0.00023264450203764795,0.005663282588812312
2012-11-07,2012-11-06,SJC_Gold,47.05,46.3,0.016068904939200213,0.00023264450203764795,0.005663282588812312
2012-11-08,2012-11-07,SJC_Gold,46.88,47.05,-0.0036197207626309513,0.00023264450203764795,0.005663282588812312
2012-11-09,2012-11-08,SJC_Gold,47.12,46.88,0.005106394074573917,0.00023264450203764795,0.005663282588812312
2012-11-10,2012-11-09,SJC_Gold,47.05,47.12,-0.0014866733119429654,0.00023264450203764795,0.005663282588812312
2012-11-11,2012-11-10,SJC_Gold,47.05,47.05,0.0,0.00023264450203764795,0.005663282588812312
2012-11-12,2012-11-11,SJC_Gold,47.05,47.05,0.0,0.00023264450203764795,0.005663282588812312
2012-11-13,2012-11-12,SJC_Gold,46.98,47.05,-0.0014888868006215361,0.00023264450203764795,0.005663282588812312
2012-11-14,2012-11-13,SJC_Gold,47.09,46.98,0.002338685024696474,0.00023264450203764795,0.005663282588812312
2012-11-15,2012-11-14,SJC_Gold,47.08,47.09,-0.00021238186338745635,0.00023264450203764795,0.005663282588812312
2012-11-16,2012-11-15,SJC_Gold,46.98,47.08,-0.0021263031613090178,0.00023264450203764795,0.005663282588812312
2012-11-17,2012-11-16,SJC_Gold,46.98,46.98,0.0,0.00023264450203764795,0.005663282588812312
2012-11-18,2012-11-17,SJC_Gold,46.98,46.98,0.0,0.00023264450203764795,0.005663282588812312
2012-11-19,2012-11-18,SJC_Gold,47.13,46.98,0.0031877617048725604,0.00023264450203764795,0.005663282588812312
2012-11-20,2012-11-19,SJC_Gold,47.35,47.13,0.004657078696447936,0.00023264450203764795,0.005663282588812312
2012-11-21,2012-11-20,SJC_Gold,47.18,47.35,-0.0035967456525582975,0.00023264450203764795,0.005663282588812312
2012-11-22,2012-11-21,SJC_Gold,47.17,47.18,-0.0002119766833588166,0.00023264450203764795,0.005663282588812312
2012-11-23,2012-11-22,SJC_Gold,47.14,47.17,-0.0006361997881851877,0.00023264450203764795,0.005663282588812312
2012-11-24,2012-11-23,SJC_Gold,47.4,47.14,0.0055003311930459375,0.00023264450203764795,0.005663282588812312
2012-11-25,2012-11-24,SJC_Gold,47.4,47.4,0.0,0.00023264450203764795,0.005663282588812312
2012-11-26,2012-11-25,SJC_Gold,47.35,47.4,-0.0010554090689436357,0.00023264450203764795,0.005663282588812312
2012-11-27,2012-11-26,SJC_Gold,47.35,47.35,0.0,0.00023264450203764795,0.005663282588812312
2012-11-28,2012-11-27,SJC_Gold,47.22,47.35,-0.0027492879747206267,0.00023264450203764795,0.005663282588812312
2012-11-29,2012-11-28,SJC_Gold,47.15,47.22,-0.001483522577900409,0.00023264450203764795,0.005663282588812312
2012-11-30,2012-11-29,SJC_Gold,47.12,47.15,-0.0006364697361349592,0.00023264450203764795,0.005663282588812312
2012-12-01,2012-11-30,SJC_Gold,46.97,47.12,-0.0031884393044276926,0.00023264450203764795,0.005663282588812312
2012-12-02,2012-12-01,SJC_Gold,46.97,46.97,0.0,0.00023264450203764795,0.005663282588812312
2012-12-03,2012-12-02,SJC_Gold,46.98,46.97,0.00021287919186319115,0.00023264450203764795,0.005663282588812312
2012-12-04,2012-12-03,SJC_Gold,46.87,46.98,-0.0023441672961519444,0.00023264450203764795,0.005663282588812312
2012-12-05,2012-12-04,SJC_Gold,46.88,46.87,0.0002133333341425292,0.00023264450203764795,0.005663282588812312
2012-12-06,2012-12-05,SJC_Gold,46.75,46.88,-0.002776889534061411,0.00023264450203764795,0.005663282588812312
2012-12-07,2012-12-06,SJC_Gold,46.88,46.75,0.002776889534061411,0.00023264450203764795,0.005663282588812312
2012-12-08,2012-12-07,SJC_Gold,46.92,46.88,0.0008528785165173858,0.00023264450203764795,0.005663282588812312
2012-12-09,2012-12-08,SJC_Gold,46.92,46.92,0.0,0.00023264450203764795,0.005663282588812312
2012-12-10,2012-12-09,SJC_Gold,46.97,46.92,0.0010650762536288383,0.00023264450203764795,0.005663282588812312
2012-12-11,2012-12-10,SJC_Gold,46.93,46.97,-0.000851970232577326,0.00023264450203764795,0.005663282588812312
2012-12-12,2012-12-11,SJC_Gold,46.94,46.93,0.00021306061655090858,0.00023264450203764795,0.005663282588812312
2012-12-13,2012-12-12,SJC_Gold,46.81,46.94,-0.0027733351108980564,0.00023264450203764795,0.005663282588812312
2012-12-14,2012-12-13,SJC_Gold,46.78,46.81,-0.0006410941559460426,0.00023264450203764795,0.005663282588812312
2012-12-15,2012-12-14,SJC_Gold,46.77,46.78,-0.00021378941823835262,0.00023264450203764795,0.005663282588812312
2012-12-16,2012-12-15,SJC_Gold,46.77,46.77,0.0,0.00023264450203764795,0.005663282588812312
2012-12-17,2012-12-16,SJC_Gold,46.7,46.77,-0.0014978070629432239,0.00023264450203764795,0.005663282588812312
2012-12-18,2012-12-17,SJC_Gold,46.73,46.7,0.0006421920374832801,0.00023264450203764795,0.005663282588812312
2012-12-19,2012-12-18,SJC_Gold,46.46,46.73,-0.005794629370071913,0.00023264450203764795,0.005663282588812312
2012-12-20,2012-12-19,SJC_Gold,46.48,46.46,0.0004303852013927134,0.00023264450203764795,0.005663282588812312
2012-12-21,2012-12-20,SJC_Gold,46.3,46.48,-0.003880151451467473,0.00023264450203764795,0.005663282588812312
2012-12-22,2012-12-21,SJC_Gold,46.35,46.3,0.001079330919675936,0.00023264450203764795,0.005663282588812312
2012-12-23,2012-12-22,SJC_Gold,46.35,46.35,0.0,0.00023264450203764795,0.005663282588812312
2012-12-24,2012-12-23,SJC_Gold,46.65,46.35,0.00645163528148851,0.00023264450203764795,0.005663282588812312
2012-12-25,2012-12-24,SJC_Gold,46.58,46.65,-0.0015016628371578022,0.00023264450203764795,0.005663282588812312
2012-12-26,2012-12-25,SJC_Gold,46.5,46.58,-0.0017189518628843992,0.00023264450203764795,0.005663282588812312
2012-12-27,2012-12-26,SJC_Gold,46.25,46.5,-0.005390848634876377,0.00023264450203764795,0.005663282588812312
2012-12-28,2012-12-27,SJC_Gold,46.3,46.25,0.0010804971337541325,0.00023264450203764795,0.005663282588812312
2012-12-29,2012-12-28,SJC_Gold,46.3,46.3,0.0,0.00023264450203764795,0.005663282588812312
2012-12-30,2012-12-29,SJC_Gold,46.3,46.3,0.0,0.00023264450203764795,0.005663282588812312
2012-12-31,2012-12-30,SJC_Gold,46.3,46.3,0.0,0.00023264450203764795,0.005663282588812312
2013-01-01,2012-12-31,SJC_Gold,46.3,46.3,0.0,0.00023264450203764795,0.005663282588812312
2013-01-02,2013-01-01,SJC_Gold,46.74,46.3,0.009458368018523622,0.00023264450203764795,0.005663282588812312
2013-01-03,2013-01-02,SJC_Gold,46.72,46.74,-0.00042799059074027923,0.00023264450203764795,0.005663282588812312
2013-01-04,2013-01-03,SJC_Gold,46.36,46.72,-0.00773532004842048,0.00023264450203764795,0.005663282588812312
2013-01-05,2013-01-04,SJC_Gold,46.53,46.36,0.0036602473850062545,0.00023264450203764795,0.005663282588812312
2013-01-06,2013-01-05,SJC_Gold,46.53,46.53,0.0,0.00023264450203764795,0.005663282588812312
2013-01-07,2013-01-06,SJC_Gold,46.5,46.53,-0.0006449532632468724,0.00023264450203764795,0.005663282588812312
2013-01-08,2013-01-07,SJC_Gold,46.42,46.5,-0.0017219117470195222,0.00023264450203764795,0.005663282588812312
2013-01-09,2013-01-08,SJC_Gold,46.43,46.42,0.0002154011855393101,0.00023264450203764795,0.005663282588812312
2013-01-10,2013-01-09,SJC_Gold,46.08,46.43,-0.007566785644194329,0.00023264450203764795,0.005663282588812312
2013-01-11,2013-01-10,SJC_Gold,45.75,46.08,-0.007187224666105774,0.00023264450203764795,0.005663282588812312
2013-01-12,2013-01-11,SJC_Gold,45.3,45.75,-0.009884759232541729,0.00023264450203764795,0.005663282588812312
2013-01-13,2013-01-12,SJC_Gold,45.3,45.3,0.0,0.00023264450203764795,0.005663282588812312
2013-01-14,2013-01-13,SJC_Gold,44.6,45.3,-0.015573173462970047,0.00023264450203764795,0.005663282588812312
2013-01-15,2013-01-14,SJC_Gold,45.1,44.6,0.011148387482614375,0.00023264450203764795,0.005663282588812312
2013-01-16,2013-01-15,SJC_Gold,45.3,45.1,0.004424785980355672,0.00023264450203764795,0.005663282588812312
2013-01-17,2013-01-16,SJC_Gold,45.35,45.3,0.0011031440721573915,0.00023264450203764795,0.005663282588812312
2013-01-18,2013-01-17,SJC_Gold,45.8,45.35,0.009873914558993224,0.00023264450203764795,0.005663282588812312
2013-01-19,2013-01-18,SJC_Gold,45.7,45.8,-0.0021857932199798036,0.00023264450203764795,0.005663282588812312
2013-01-20,2013-01-19,SJC_Gold,45.7,45.7,0.0,0.00023264450203764795,0.005663282588812312
2013-01-21,2013-01-20,SJC_Gold,45.9,45.7,0.004366819166340186,0.00023264450203764795,0.005663282588812312
2013-01-22,2013-01-21,SJC_Gold,46.2,45.9,0.006514681021193791,0.00023264450203764795,0.005663282588812312
2013-01-23,2013-01-22,SJC_Gold,45.97,46.2,-0.0049907882695565675,0.00023264450203764795,0.005663282588812312
2013-01-24,2013-01-23,SJC_Gold,45.7,45.97,-0.005890711917977409,0.00023264450203764795,0.005663282588812312
2013-01-25,2013-01-24,SJC_Gold,45.55,45.7,-0.0032876741941918475,0.00023264450203764795,0.005663282588812312
2013-01-26,2013-01-25,SJC_Gold,45.4,45.55,-0.0032985186586649284,0.00023264450203764795,0.005663282588812312
2013-01-27,2013-01-26,SJC_Gold,45.4,45.4,0.0,0.00023264450203764795,0.005663282588812312
2013-01-28,2013-01-27,SJC_Gold,45.23,45.4,-0.0037515215575507632,0.00023264450203764795,0.005663282588812312
2013-01-29,2013-01-28,SJC_Gold,45.4,45.23,0.0037515215575507632,0.00023264450203764795,0.005663282588812312
2013-01-30,2013-01-29,SJC_Gold,45.5,45.4,0.0022002209096023684,0.00023264450203764795,0.005663282588812312
2013-01-31,2013-01-30,SJC_Gold,45.62,45.5,0.002633890899337299,0.00023264450203764795,0.005663282588812312
2013-02-01,2013-01-31,SJC_Gold,45.45,45.62,-0.0037333962327541492,0.00023264450203764795,0.005663282588812312
2013-02-02,2013-02-01,SJC_Gold,45.5,45.45,0.0010995053334168503,0.00023264450203764795,0.005663282588812312
2013-02-03,2013-02-02,SJC_Gold,45.5,45.5,0.0,0.00023264450203764795,0.005663282588812312
2013-02-04,2013-02-03,SJC_Gold,45.55,45.5,0.00109829774906256,0.00023264450203764795,0.005663282588812312
2013-02-05,2013-02-04,SJC_Gold,45.53,45.55,-0.00043917435927642856,0.00023264450203764795,0.005663282588812312
2013-02-06,2013-02-05,SJC_Gold,45.5,45.53,-0.0006591233897861315,0.00023264450203764795,0.005663282588812312
2013-02-07,2013-02-06,SJC_Gold,45.72,45.5,0.004823512969704957,0.00023264450203764795,0.005663282588812312
2013-02-08,2013-02-07,SJC_Gold,45.75,45.72,0.000655952794920367,0.00023264450203764795,0.005663282588812312
2013-02-09,2013-02-08,SJC_Gold,45.75,45.75,0.0,0.00023264450203764795,0.005663282588812312
2013-02-10,2013-02-09,SJC_Gold,45.75,45.75,0.0,0.00023264450203764795,0.005663282588812312
2013-02-11,2013-02-10,SJC_Gold,45.75,45.75,0.0,0.00023264450203764795,0.005663282588812312
2013-02-12,2013-02-11,SJC_Gold,45.75,45.75,0.0,0.00023264450203764795,0.005663282588812312
2013-02-13,2013-02-12,SJC_Gold,45.75,45.75,0.0,0.00023264450203764795,0.005663282588812312
2013-02-14,2013-02-13,SJC_Gold,45.75,45.75,0.0,0.00023264450203764795,0.005663282588812312
2013-02-15,2013-02-14,SJC_Gold,45.75,45.75,0.0,0.00023264450203764795,0.005663282588812312
2013-02-16,2013-02-15,SJC_Gold,45.75,45.75,0.0,0.00023264450203764795,0.005663282588812312
2013-02-17,2013-02-16,SJC_Gold,45.75,45.75,0.0,0.00023264450203764795,0.005663282588812312
2013-02-18,2013-02-17,SJC_Gold,45.3,45.75,-0.009884759232541729,0.00023264450203764795,0.005663282588812312
2013-02-19,2013-02-18,SJC_Gold,45.4,45.3,0.0022050725583140363,0.00023264450203764795,0.005663282588812312
2013-02-20,2013-02-19,SJC_Gold,45.17,45.4,-0.005078955380789729,0.00023264450203764795,0.005663282588812312
2013-02-21,2013-02-20,SJC_Gold,44.9,45.17,-0.005995354918304052,0.00023264450203764795,0.005663282588812312
2013-02-22,2013-02-21,SJC_Gold,45.08,44.9,0.00400089442336693,0.00023264450203764795,0.005663282588812312
2013-02-23,2013-02-22,SJC_Gold,45.07,45.08,-0.00022185246901873512,0.00023264450203764795,0.005663282588812312
2013-02-24,2013-02-23,SJC_Gold,45.07,45.07,0.0,0.00023264450203764795,0.005663282588812312
2013-02-25,2013-02-24,SJC_Gold,45.05,45.07,-0.00044385264821000803,0.00023264450203764795,0.005663282588812312
2013-02-26,2013-02-25,SJC_Gold,44.7,45.05,-0.007799482434823535,0.00023264450203764795,0.005663282588812312
2013-02-27,2013-02-26,SJC_Gold,43.7,44.7,-0.022625399517978817,0.00023264450203764795,0.005663282588812312
2013-02-28,2013-02-27,SJC_Gold,43.3,43.7,-0.009195467093100262,0.00023264450203764795,0.005663282588812312
2013-03-01,2013-02-28,SJC_Gold,43.5,43.3,0.004608303086194088,0.00023264450203764795,0.005663282588812312
2013-03-02,2013-03-01,SJC_Gold,43.65,43.5,0.003442344190972779,0.00023264450203764795,0.005663282588812312
2013-03-03,2013-03-02,SJC_Gold,43.65,43.65,0.0,0.00023264450203764795,0.005663282588812312
2013-03-04,2013-03-03,SJC_Gold,43.73,43.65,0.0018310831392178706,0.00023264450203764795,0.005663282588812312
2013-03-05,2013-03-04,SJC_Gold,43.85,43.73,0.002740353393363204,0.00023264450203764795,0.005663282588812312
2013-03-06,2013-03-05,SJC_Gold,44.05,43.85,0.004550633563996431,0.00023264450203764795,0.005663282588812312
2013-03-07,2013-03-06,SJC_Gold,44.02,44.05,-0.0006812762838728226,0.00023264450203764795,0.005663282588812312
2013-03-08,2013-03-07,SJC_Gold,44.0,44.02,-0.00045444218005474823,0.00023264450203764795,0.005663282588812312
2013-03-09,2013-03-08,SJC_Gold,43.95,44.0,-0.001137009787075094,0.00023264450203764795,0.005663282588812312
2013-03-10,2013-03-09,SJC_Gold,43.95,43.95,0.0,0.00023264450203764795,0.005663282588812312
2013-03-11,2013-03-10,SJC_Gold,43.89,43.95,-0.0013661204310433384,0.00023264450203764795,0.005663282588812312
2013-03-12,2013-03-11,SJC_Gold,43.9,43.89,0.0002278163809830147,0.00023264450203764795,0.005663282588812312
2013-03-13,2013-03-12,SJC_Gold,44.1,43.9,0.004545462371674525,0.00023264450203764795,0.005663282588812312
2013-03-14,2013-03-13,SJC_Gold,44.05,44.1,-0.0011344300706115362,0.00023264450203764795,0.005663282588812312
2013-03-15,2013-03-14,SJC_Gold,44.05,44.05,0.0,0.00023264450203764795,0.005663282588812312
2013-03-16,2013-03-15,SJC_Gold,44.1,44.05,0.0011344300706115362,0.00023264450203764795,0.005663282588812312
2013-03-17,2013-03-16,SJC_Gold,44.1,44.1,0.0,0.00023264450203764795,0.005663282588812312
2013-03-18,2013-03-17,SJC_Gold,44.12,44.1,0.00045341193250170164,0.00023264450203764795,0.005663282588812312
2013-03-19,2013-03-18,SJC_Gold,44.08,44.12,-0.000907029540643034,0.00023264450203764795,0.005663282588812312
2013-03-20,2013-03-19,SJC_Gold,44.05,44.08,-0.0006808124624702039,0.00023264450203764795,0.005663282588812312
2013-03-21,2013-03-20,SJC_Gold,43.95,44.05,-0.0022727282510026647,0.00023264450203764795,0.005663282588812312
2013-03-22,2013-03-21,SJC_Gold,43.94,43.95,-0.00022755717472167092,0.00023264450203764795,0.005663282588812312
2013-03-23,2013-03-22,SJC_Gold,43.93,43.94,-0.00022760896877604964,0.00023264450203764795,0.005663282588812312
2013-03-24,2013-03-23,SJC_Gold,43.93,43.93,0.0,0.00023264450203764795,0.005663282588812312
2013-03-25,2013-03-24,SJC_Gold,43.83,43.93,-0.0022789435569703365,0.00023264450203764795,0.005663282588812312
2013-03-26,2013-03-25,SJC_Gold,43.71,43.83,-0.0027416055554945196,0.00023264450203764795,0.005663282588812312
2013-03-27,2013-03-26,SJC_Gold,43.45,43.71,-0.005966057163822036,0.00023264450203764795,0.005663282588812312
2013-03-28,2013-03-27,SJC_Gold,43.85,43.45,0.009163867106790846,0.00023264450203764795,0.005663282588812312
2013-03-29,2013-03-28,SJC_Gold,43.83,43.85,-0.0004562043874742905,0.00023264450203764795,0.005663282588812312
2013-03-30,2013-03-29,SJC_Gold,43.87,43.83,0.0009122007474045013,0.00023264450203764795,0.005663282588812312
2013-03-31,2013-03-30,SJC_Gold,43.87,43.87,0.0,0.00023264450203764795,0.005663282588812312
2013-04-01,2013-03-31,SJC_Gold,43.84,43.87,-0.0006840725383621127,0.00023264450203764795,0.005663282588812312
2013-04-02,2013-04-01,SJC_Gold,43.89,43.84,0.00113986106038233,0.00023264450203764795,0.005663282588812312
2013-04-03,2013-04-02,SJC_Gold,43.68,43.89,-0.004796172263493048,0.00023264450203764795,0.005663282588812312
2013-04-04,2013-04-03,SJC_Gold,43.35,43.68,-0.007583628210098503,0.00023264450203764795,0.005663282588812312
2013-04-05,2013-04-04,SJC_Gold,43.4,43.35,0.0011527378798081855,0.00023264450203764795,0.005663282588812312
2013-04-06,2013-04-05,SJC_Gold,43.6,43.4,0.004597709248629567,0.00023264450203764795,0.005663282588812312
2013-04-07,2013-04-06,SJC_Gold,43.6,43.6,0.0,0.00023264450203764795,0.005663282588812312
2013-04-08,2013-04-07,SJC_Gold,43.45,43.6,-0.0034462986435874754,0.00023264450203764795,0.005663282588812312
2013-04-09,2013-04-08,SJC_Gold,43.34,43.45,-0.002534855603188113,0.00023264450203764795,0.005663282588812312
2013-04-10,2013-04-09,SJC_Gold,43.33,43.34,-0.0002307603563953542,0.00023264450203764795,0.005663282588812312
2013-04-11,2013-04-10,SJC_Gold,43.06,43.33,-0.006250743815600757,0.00023264450203764795,0.005663282588812312
2013-04-12,2013-04-11,SJC_Gold,42.98,43.06,-0.001859600721852761,0.00023264450203764795,0.005663282588812312
2013-04-13,2013-04-12,SJC_Gold,42.2,42.98,-0.018314670172398184,0.00023264450203764795,0.005663282588812312
2013-04-14,2013-04-13,SJC_Gold,42.2,42.2,0.0,0.00023264450203764795,0.005663282588812312
2013-04-15,2013-04-14,SJC_Gold,41.4,42.2,-0.01913934021069741,0.00023264450203764795,0.005663282588812312
2013-04-16,2013-04-15,SJC_Gold,41.4,41.4,0.0,0.00023264450203764795,0.005663282588812312
2013-04-17,2013-04-16,SJC_Gold,41.35,41.4,-0.001208459361568437,0.00023264450203764795,0.005663282588812312
2013-04-18,2013-04-17,SJC_Gold,41.5,41.35,0.0036210057669521234,0.00023264450203764795,0.005663282588812312
2013-04-19,2013-04-18,SJC_Gold,41.5,41.5,0.0,0.00023264450203764795,0.005663282588812312
2013-04-20,2013-04-19,SJC_Gold,42.0,41.5,0.01197619104671599,0.00023264450203764795,0.005663282588812312
2013-04-21,2013-04-20,SJC_Gold,42.0,42.0,0.0,0.00023264450203764795,0.005663282588812312
2013-04-22,2013-04-21,SJC_Gold,42.13,42.0,0.003090457707557004,0.00023264450203764795,0.005663282588812312
2013-04-23,2013-04-22,SJC_Gold,42.12,42.13,-0.00023738872515055576,0.00023264450203764795,0.005663282588812312
2013-04-24,2013-04-23,SJC_Gold,42.22,42.12,0.00237135515439979,0.00023264450203764795,0.005663282588812312
2013-04-25,2013-04-24,SJC_Gold,42.38,42.22,0.0037825104199784576,0.00023264450203764795,0.005663282588812312
2013-04-26,2013-04-25,SJC_Gold,42.9,42.38,0.01219527309381796,0.00023264450203764795,0.005663282588812312
2013-04-27,2013-04-26,SJC_Gold,42.9,42.9,0.0,0.00023264450203764795,0.005663282588812312
2013-04-28,2013-04-27,SJC_Gold,42.9,42.9,0.0,0.00023264450203764795,0.005663282588812312
2013-04-29,2013-04-28,SJC_Gold,42.9,42.9,0.0,0.00023264450203764795,0.005663282588812312
2013-04-30,2013-04-29,SJC_Gold,42.9,42.9,0.0,0.00023264450203764795,0.005663282588812312
2013-05-01,2013-04-30,SJC_Gold,42.9,42.9,0.0,0.00023264450203764795,0.005663282588812312
2013-05-02,2013-05-01,SJC_Gold,42.35,42.9,-0.012903404835907573,0.00023264450203764795,0.005663282588812312
2013-05-03,2013-05-02,SJC_Gold,42.38,42.35,0.0007081317420896127,0.00023264450203764795,0.005663282588812312
2013-05-04,2013-05-03,SJC_Gold,42.23,42.38,-0.0035456838943010993,0.00023264450203764795,0.005663282588812312
2013-05-05,2013-05-04,SJC_Gold,42.23,42.23,0.0,0.00023264450203764795,0.005663282588812312
2013-05-06,2013-05-05,SJC_Gold,41.95,42.23,-0.006652436032636544,0.00023264450203764795,0.005663282588812312
2013-05-07,2013-05-06,SJC_Gold,41.45,41.95,-0.011990551331911625,0.00023264450203764795,0.005663282588812312
2013-05-08,2013-05-07,SJC_Gold,41.4,41.45,-0.0012070007500351032,0.00023264450203764795,0.005663282588812312
2013-05-09,2013-05-08,SJC_Gold,41.64,41.4,0.005780362915499548,0.00023264450203764795,0.005663282588812312
2013-05-10,2013-05-09,SJC_Gold,41.41,41.64,-0.005538846189292457,0.00023264450203764795,0.005663282588812312
2013-05-11,2013-05-10,SJC_Gold,41.45,41.41,0.0009654840238280116,0.00023264450203764795,0.005663282588812312
2013-05-12,2013-05-11,SJC_Gold,41.45,41.45,0.0,0.00023264450203764795,0.005663282588812312
2013-05-13,2013-05-12,SJC_Gold,41.35,41.45,-0.00241546011160354,0.00023264450203764795,0.005663282588812312
2013-05-14,2013-05-13,SJC_Gold,41.34,41.35,-0.00024186721607799555,0.00023264450203764795,0.005663282588812312
2013-05-15,2013-05-14,SJC_Gold,41.15,41.34,-0.004606627130543384,0.00023264450203764795,0.005663282588812312
2013-05-16,2013-05-15,SJC_Gold,40.83,41.15,-0.0078068217915947535,0.00023264450203764795,0.005663282588812312
2013-05-17,2013-05-16,SJC_Gold,40.9,40.83,0.001712957717271646,0.00023264450203764795,0.005663282588812312
2013-05-18,2013-05-17,SJC_Gold,40.75,40.9,-0.003674223361884277,0.00023264450203764795,0.005663282588812312
2013-05-19,2013-05-18,SJC_Gold,40.75,40.75,0.0,0.00023264450203764795,0.005663282588812312
2013-05-20,2013-05-19,SJC_Gold,40.65,40.75,-0.0024570036930517958,0.00023264450203764795,0.005663282588812312
2013-05-21,2013-05-20,SJC_Gold,40.76,40.65,0.0027023723607042527,0.00023264450203764795,0.005663282588812312
2013-05-22,2013-05-21,SJC_Gold,40.95,40.76,0.004650601944554467,0.00023264450203764795,0.005663282588812312
2013-05-23,2013-05-22,SJC_Gold,40.85,40.95,-0.0024449889930666657,0.00023264450203764795,0.005663282588812312
2013-05-24,2013-05-23,SJC_Gold,40.83,40.85,-0.0004897159745276269,0.00023264450203764795,0.005663282588812312
2013-05-25,2013-05-24,SJC_Gold,40.85,40.83,0.0004897159745276269,0.00023264450203764795,0.005663282588812312
2013-05-26,2013-05-25,SJC_Gold,40.85,40.85,0.0,0.00023264450203764795,0.005663282588812312
2013-05-27,2013-05-26,SJC_Gold,41.0,40.85,0.0036652453982961575,0.00023264450203764795,0.005663282588812312
2013-05-28,2013-05-27,SJC_Gold,40.87,41.0,-0.00317576912812223,0.00023264450203764795,0.005663282588812312
2013-05-29,2013-05-28,SJC_Gold,40.9,40.87,0.0007337654725700915,0.00023264450203764795,0.005663282588812312
2013-05-30,2013-05-29,SJC_Gold,41.0,40.9,0.0024420036555521385,0.00023264450203764795,0.005663282588812312
2013-05-31,2013-05-30,SJC_Gold,41.2,41.0,0.004866189651172803,0.00023264450203764795,0.005663282588812312
2013-06-01,2013-05-31,SJC_Gold,41.0,41.2,-0.004866189651172803,0.00023264450203764795,0.005663282588812312
2013-06-02,2013-06-01,SJC_Gold,41.0,41.0,0.0,0.00023264450203764795,0.005663282588812312
2013-06-03,2013-06-02,SJC_Gold,41.03,41.0,0.0007314397497868441,0.00023264450203764795,0.005663282588812312
2013-06-04,2013-06-03,SJC_Gold,41.06,41.03,0.0007309051366926056,0.00023264450203764795,0.005663282588812312
2013-06-05,2013-06-04,SJC_Gold,41.04,41.06,-0.0004872107282731797,0.00023264450203764795,0.005663282588812312
2013-06-06,2013-06-05,SJC_Gold,40.92,41.04,-0.0029282597790882825,0.00023264450203764795,0.005663282588812312
2013-06-07,2013-06-06,SJC_Gold,40.89,40.92,-0.0007334067068751615,0.00023264450203764795,0.005663282588812312
2013-06-08,2013-06-07,SJC_Gold,40.77,40.89,-0.0029390175453887224,0.00023264450203764795,0.005663282588812312
2013-06-09,2013-06-08,SJC_Gold,40.77,40.77,0.0,0.00023264450203764795,0.005663282588812312
2013-06-10,2013-06-09,SJC_Gold,40.8,40.77,0.0007355645789539622,0.00023264450203764795,0.005663282588812312
2013-06-11,2013-06-10,SJC_Gold,40.67,40.8,-0.003191361490982647,0.00023264450203764795,0.005663282588812312
2013-06-12,2013-06-11,SJC_Gold,40.68,40.67,0.0002458512612260044,0.00023264450203764795,0.005663282588812312
2013-06-13,2013-06-12,SJC_Gold,40.68,40.68,0.0,0.00023264450203764795,0.005663282588812312
2013-06-14,2013-06-13,SJC_Gold,40.46,40.68,-0.005422739440759994,0.00023264450203764795,0.005663282588812312
2013-06-15,2013-06-14,SJC_Gold,40.5,40.46,0.0009881423728939076,0.00023264450203764795,0.005663282588812312
2013-06-16,2013-06-15,SJC_Gold,40.5,40.5,0.0,0.00023264450203764795,0.005663282588812312
2013-06-17,2013-06-16,SJC_Gold,40.36,40.5,-0.0034627786270848837,0.00023264450203764795,0.005663282588812312
2013-06-18,2013-06-17,SJC_Gold,40.05,40.36,-0.007710521971040052,0.00023264450203764795,0.005663282588812312
2013-06-19,2013-06-18,SJC_Gold,39.93,40.05,-0.0030007524392385854,0.00023264450203764795,0.005663282588812312
2013-06-20,2013-06-19,SJC_Gold,39.35,39.93,-0.014631946211717484,0.00023264450203764795,0.005663282588812312
2013-06-21,2013-06-20,SJC_Gold,39.2,39.35,-0.003819228066995528,0.00023264450203764795,0.005663282588812312
2013-06-22,2013-06-21,SJC_Gold,39.4,39.2,0.005089069507471233,0.00023264450203764795,0.005663282588812312
2013-06-23,2013-06-22,SJC_Gold,39.4,39.4,0.0,0.00023264450203764795,0.005663282588812312
2013-06-24,2013-06-23,SJC_Gold,38.85,39.4,-0.01405773949023148,0.00023264450203764795,0.005663282588812312
2013-06-25,2013-06-24,SJC_Gold,38.67,38.85,-0.004643971194450813,0.00023264450203764795,0.005663282588812312
2013-06-26,2013-06-25,SJC_Gold,37.5,38.67,-0.030723172642840524,0.00023264450203764795,0.005663282588812312
2013-06-27,2013-06-26,SJC_Gold,36.65,37.5,-0.022927504643704744,0.00023264450203764795,0.005663282588812312
2013-06-28,2013-06-27,SJC_Gold,37.0,36.65,0.009504484311563921,0.00023264450203764795,0.005663282588812312
2013-06-29,2013-06-28,SJC_Gold,37.7,37.0,0.018742181809740632,0.00023264450203764795,0.005663282588812312
2013-06-30,2013-06-29,SJC_Gold,37.7,37.7,0.0,0.00023264450203764795,0.005663282588812312
2013-07-01,2013-06-30,SJC_Gold,37.15,37.7,-0.014696323290196656,0.00023264450203764795,0.005663282588812312
2013-07-02,2013-07-01,SJC_Gold,37.55,37.15,0.010709607046375247,0.00023264450203764795,0.005663282588812312
2013-07-03,2013-07-02,SJC_Gold,37.6,37.55,0.0013306721857051507,0.00023264450203764795,0.005663282588812312
2013-07-04,2013-07-03,SJC_Gold,38.2,37.6,0.015831465216680662,0.00023264450203764795,0.005663282588812312
2013-07-05,2013-07-04,SJC_Gold,38.1,38.2,-0.0026212334798740855,0.00023264450203764795,0.005663282588812312
2013-07-06,2013-07-05,SJC_Gold,38.2,38.1,0.0026212334798740855,0.00023264450203764795,0.005663282588812312
2013-07-07,2013-07-06,SJC_Gold,38.2,38.2,0.0,0.00023264450203764795,0.005663282588812312
2013-07-08,2013-07-07,SJC_Gold,37.65,38.2,-0.014502561366626754,0.00023264450203764795,0.005663282588812312
2013-07-09,2013-07-08,SJC_Gold,37.7,37.65,0.0013271402080623496,0.00023264450203764795,0.005663282588812312
2013-07-10,2013-07-09,SJC_Gold,37.6,37.7,-0.002656044058116258,0.00023264450203764795,0.005663282588812312
2013-07-11,2013-07-10,SJC_Gold,37.7,37.6,0.002656044058116258,0.00023264450203764795,0.005663282588812312
2013-07-12,2013-07-11,SJC_Gold,37.45,37.7,-0.006653384490736602,0.00023264450203764795,0.005663282588812312
2013-07-13,2013-07-12,SJC_Gold,37.5,37.45,0.0013342230131367927,0.00023264450203764795,0.005663282588812312
2013-07-14,2013-07-13,SJC_Gold,37.5,37.5,0.0,0.00023264450203764795,0.005663282588812312
2013-07-15,2013-07-14,SJC_Gold,37.58,37.5,0.002131061008954216,0.00023264450203764795,0.005663282588812312
2013-07-16,2013-07-15,SJC_Gold,37.45,37.58,-0.0034652840220910086,0.00023264450203764795,0.005663282588812312
2013-07-17,2013-07-16,SJC_Gold,37.62,37.45,0.004529113909655713,0.00023264450203764795,0.005663282588812312
2013-07-18,2013-07-17,SJC_Gold,37.74,37.62,0.0031847160675200215,0.00023264450203764795,0.005663282588812312
2013-07-19,2013-07-18,SJC_Gold,37.78,37.74,0.0010593221329595615,0.00023264450203764795,0.005663282588812312
2013-07-20,2013-07-19,SJC_Gold,37.9,37.78,0.0031712500150171685,0.00023264450203764795,0.005663282588812312
2013-07-21,2013-07-20,SJC_Gold,37.9,37.9,0.0,0.00023264450203764795,0.005663282588812312
2013-07-22,2013-07-21,SJC_Gold,38.24,37.9,0.008930976094819965,0.00023264450203764795,0.005663282588812312
2013-07-23,2013-07-22,SJC_Gold,38.7,38.24,0.01195751185253524,0.00023264450203764795,0.005663282588812312
2013-07-24,2013-07-23,SJC_Gold,38.85,38.7,0.00386847677792046,0.00023264450203764795,0.005663282588812312
2013-07-25,2013-07-24,SJC_Gold,38.3,38.85,-0.014258180627056305,0.00023264450203764795,0.005663282588812312
2013-07-26,2013-07-25,SJC_Gold,38.45,38.3,0.003908799765052873,0.00023264450203764795,0.005663282588812312
2013-07-27,2013-07-26,SJC_Gold,38.5,38.45,0.0012995453420856506,0.00023264450203764795,0.005663282588812312
2013-07-28,2013-07-27,SJC_Gold,38.5,38.5,0.0,0.00023264450203764795,0.005663282588812312
2013-07-29,2013-07-28,SJC_Gold,38.42,38.5,-0.002080083953328149,0.00023264450203764795,0.005663282588812312
2013-07-30,2013-07-29,SJC_Gold,38.1,38.42,-0.008363875207755278,0.00023264450203764795,0.005663282588812312
2013-07-31,2013-07-30,SJC_Gold,38.1,38.1,0.0,0.00023264450203764795,0.005663282588812312
2013-08-01,2013-07-31,SJC_Gold,37.78,38.1,-0.008434420059291625,0.00023264450203764795,0.005663282588812312
2013-08-02,2013-08-01,SJC_Gold,37.57,37.78,-0.005574002487485963,0.00023264450203764795,0.005663282588812312
2013-08-03,2013-08-02,SJC_Gold,37.85,37.57,0.007425120297579912,0.00023264450203764795,0.005663282588812312
2013-08-04,2013-08-03,SJC_Gold,37.85,37.85,0.0,0.00023264450203764795,0.005663282588812312
2013-08-05,2013-08-04,SJC_Gold,37.78,37.85,-0.0018511178100939496,0.00023264450203764795,0.005663282588812312
2013-08-06,2013-08-05,SJC_Gold,37.55,37.78,-0.006106483863220102,0.00023264450203764795,0.005663282588812312
2013-08-07,2013-08-06,SJC_Gold,37.45,37.55,-0.0026666682469151937,0.00023264450203764795,0.005663282588812312
2013-08-08,2013-08-07,SJC_Gold,37.65,37.45,0.005326244282674253,0.00023264450203764795,0.005663282588812312
2013-08-09,2013-08-08,SJC_Gold,37.85,37.65,0.005298025637554993,0.00023264450203764795,0.005663282588812312
2013-08-10,2013-08-09,SJC_Gold,37.9,37.85,0.001320132204923219,0.00023264450203764795,0.005663282588812312
2013-08-11,2013-08-10,SJC_Gold,37.9,37.9,0.0,0.00023264450203764795,0.005663282588812312
2013-08-12,2013-08-11,SJC_Gold,37.97,37.9,0.0018452621553302073,0.00023264450203764795,0.005663282588812312
2013-08-13,2013-08-12,SJC_Gold,37.93,37.97,-0.0010540185429035454,0.00023264450203764795,0.005663282588812312
2013-08-14,2013-08-13,SJC_Gold,37.77,37.93,-0.004227218976442071,0.00023264450203764795,0.005663282588812312
2013-08-15,2013-08-14,SJC_Gold,37.93,37.77,0.004227218976442071,0.00023264450203764795,0.005663282588812312
2013-08-16,2013-08-15,SJC_Gold,38.15,37.93,0.0057834020296585464,0.00023264450203764795,0.005663282588812312
2013-08-17,2013-08-16,SJC_Gold,38.25,38.15,0.002617802542078884,0.00023264450203764795,0.005663282588812312
2013-08-18,2013-08-17,SJC_Gold,38.25,38.25,0.0,0.00023264450203764795,0.005663282588812312
2013-08-19,2013-08-18,SJC_Gold,38.26,38.25,0.0002614037395618496,0.00023264450203764795,0.005663282588812312
2013-08-20,2013-08-19,SJC_Gold,38.08,38.26,-0.004715754088942425,0.00023264450203764795,0.005663282588812312
2013-08-21,2013-08-20,SJC_Gold,38.03,38.08,-0.0013138879829961425,0.00023264450203764795,0.005663282588812312
2013-08-22,2013-08-21,SJC_Gold,37.9,38.03,-0.0034242098517873742,0.00023264450203764795,0.005663282588812312
2013-08-23,2013-08-22,SJC_Gold,37.88,37.9,-0.0005278437705031891,0.00023264450203764795,0.005663282588812312
2013-08-24,2013-08-23,SJC_Gold,38.1,37.88,0.005791013814777646,0.00023264450203764795,0.005663282588812312
2013-08-25,2013-08-24,SJC_Gold,38.1,38.1,0.0,0.00023264450203764795,0.005663282588812312
2013-08-26,2013-08-25,SJC_Gold,38.1,38.1,0.0,0.00023264450203764795,0.005663282588812312
2013-08-27,2013-08-26,SJC_Gold,38.2,38.1,0.0026212334798740855,0.00023264450203764795,0.005663282588812312
2013-08-28,2013-08-27,SJC_Gold,38.8,38.2,0.015584731016698328,0.00023264450203764795,0.005663282588812312
2013-08-29,2013-08-28,SJC_Gold,38.55,38.8,-0.006464146619889366,0.00023264450203764795,0.005663282588812312
2013-08-30,2013-08-29,SJC_Gold,38.45,38.55,-0.002597404057685271,0.00023264450203764795,0.005663282588812312
2013-08-31,2013-08-30,SJC_Gold,38.45,38.45,0.0,0.00023264450203764795,0.005663282588812312
2013-09-01,2013-08-31,SJC_Gold,38.45,38.45,0.0,0.00023264450203764795,0.005663282588812312
2013-09-02,2013-09-01,SJC_Gold,38.45,38.45,0.0,0.00023264450203764795,0.005663282588812312
2013-09-03,2013-09-02,SJC_Gold,38.33,38.45,-0.0031258165591894205,0.00023264450203764795,0.005663282588812312
2013-09-04,2013-09-03,SJC_Gold,38.47,38.33,0.0036458373717400683,0.00023264450203764795,0.005663282588812312
2013-09-05,2013-09-04,SJC_Gold,38.47,38.47,0.0,0.00023264450203764795,0.005663282588812312
2013-09-06,2013-09-05,SJC_Gold,38.33,38.47,-0.0036458373717400683,0.00023264450203764795,0.005663282588812312
2013-09-07,2013-09-06,SJC_Gold,38.47,38.33,0.0036458373717400683,0.00023264450203764795,0.005663282588812312
2013-09-08,2013-09-07,SJC_Gold,38.47,38.47,0.0,0.00023264450203764795,0.005663282588812312
2013-09-09,2013-09-08,SJC_Gold,38.47,38.47,0.0,0.00023264450203764795,0.005663282588812312
2013-09-10,2013-09-09,SJC_Gold,38.37,38.47,-0.0026028125053425555,0.00023264450203764795,0.005663282588812312
2013-09-11,2013-09-10,SJC_Gold,38.15,38.37,-0.005750146528395117,0.00023264450203764795,0.005663282588812312
2013-09-12,2013-09-11,SJC_Gold,37.85,38.15,-0.007894777847008427,0.00023264450203764795,0.005663282588812312
2013-09-13,2013-09-12,SJC_Gold,37.55,37.85,-0.007957601673314052,0.00023264450203764795,0.005663282588812312
2013-09-14,2013-09-13,SJC_Gold,37.7,37.55,0.003986716243821409,0.00023264450203764795,0.005663282588812312
2013-09-15,2013-09-14,SJC_Gold,37.7,37.7,0.0,0.00023264450203764795,0.005663282588812312
2013-09-16,2013-09-15,SJC_Gold,37.64,37.7,-0.0015927797367862873,0.00023264450203764795,0.005663282588812312
2013-09-17,2013-09-16,SJC_Gold,37.57,37.64,-0.001861455131300982,0.00023264450203764795,0.005663282588812312
2013-09-18,2013-09-17,SJC_Gold,37.47,37.57,-0.0026652467802819046,0.00023264450203764795,0.005663282588812312
2013-09-19,2013-09-18,SJC_Gold,38.05,37.47,0.01536047150209896,0.00023264450203764795,0.005663282588812312
2013-09-20,2013-09-19,SJC_Gold,37.83,38.05,-0.005798645662757007,0.00023264450203764795,0.005663282588812312
2013-09-21,2013-09-20,SJC_Gold,37.55,37.83,-0.007429060434794188,0.00023264450203764795,0.005663282588812312
2013-09-22,2013-09-21,SJC_Gold,37.55,37.55,0.0,0.00023264450203764795,0.005663282588812312
2013-09-23,2013-09-22,SJC_Gold,37.62,37.55,0.0018624456627405195,0.00023264450203764795,0.005663282588812312
2013-09-24,2013-09-23,SJC_Gold,37.53,37.62,-0.0023952107259543887,0.00023264450203764795,0.005663282588812312
2013-09-25,2013-09-24,SJC_Gold,37.5,37.53,-0.0007996801705645318,0.00023264450203764795,0.005663282588812312
2013-09-26,2013-09-25,SJC_Gold,37.56,37.5,0.0015987213636972086,0.00023264450203764795,0.005663282588812312
2013-09-27,2013-09-26,SJC_Gold,37.48,37.56,-0.002132196969840905,0.00023264450203764795,0.005663282588812312
2013-09-28,2013-09-27,SJC_Gold,37.58,37.48,0.002664536615097912,0.00023264450203764795,0.005663282588812312
2013-09-29,2013-09-28,SJC_Gold,37.58,37.58,0.0,0.00023264450203764795,0.005663282588812312
2013-09-30,2013-09-29,SJC_Gold,37.56,37.58,-0.0005323396452570073,0.00023264450203764795,0.005663282588812312
2013-10-01,2013-09-30,SJC_Gold,37.6,37.56,0.001064396055786343,0.00023264450203764795,0.005663282588812312
2013-10-02,2013-10-01,SJC_Gold,37.42,37.6,-0.004798729549905012,0.00023264450203764795,0.005663282588812312
2013-10-03,2013-10-02,SJC_Gold,37.5,37.42,0.0021356121304214604,0.00023264450203764795,0.005663282588812312
2013-10-04,2013-10-03,SJC_Gold,37.5,37.5,0.0,0.00023264450203764795,0.005663282588812312
2013-10-05,2013-10-04,SJC_Gold,37.5,37.5,0.0,0.00023264450203764795,0.005663282588812312
2013-10-06,2013-10-05,SJC_Gold,37.5,37.5,0.0,0.00023264450203764795,0.005663282588812312
2013-10-07,2013-10-06,SJC_Gold,37.5,37.5,0.0,0.00023264450203764795,0.005663282588812312
2013-10-08,2013-10-07,SJC_Gold,37.55,37.5,0.001332445233778401,0.00023264450203764795,0.005663282588812312
2013-10-09,2013-10-08,SJC_Gold,37.5,37.55,-0.001332445233778401,0.00023264450203764795,0.005663282588812312
2013-10-10,2013-10-09,SJC_Gold,37.41,37.5,-0.002402884616310441,0.00023264450203764795,0.005663282588812312
2013-10-11,2013-10-10,SJC_Gold,37.35,37.41,-0.0016051367812282002,0.00023264450203764795,0.005663282588812312
2013-10-12,2013-10-11,SJC_Gold,37.3,37.35,-0.0013395849290569473,0.00023264450203764795,0.005663282588812312
2013-10-13,2013-10-12,SJC_Gold,37.3,37.3,0.0,0.00023264450203764795,0.005663282588812312
2013-10-14,2013-10-13,SJC_Gold,37.27,37.3,-0.0008046131586025851,0.00023264450203764795,0.005663282588812312
2013-10-15,2013-10-14,SJC_Gold,37.1,37.27,-0.004571743877777479,0.00023264450203764795,0.005663282588812312
2013-10-16,2013-10-15,SJC_Gold,37.2,37.1,0.0026917916657116514,0.00023264450203764795,0.005663282588812312
2013-10-17,2013-10-16,SJC_Gold,37.32,37.2,0.0032206147000417573,0.00023264450203764795,0.005663282588812312
2013-10-18,2013-10-17,SJC_Gold,37.36,37.32,0.0010712373814989462,0.00023264450203764795,0.005663282588812312
2013-10-19,2013-10-18,SJC_Gold,37.35,37.36,-0.00026770178181534376,0.00023264450203764795,0.005663282588812312
2013-10-20,2013-10-19,SJC_Gold,37.35,37.35,0.0,0.00023264450203764795,0.005663282588812312
2013-10-21,2013-10-20,SJC_Gold,37.34,37.35,-0.0002677734652500874,0.00023264450203764795,0.005663282588812312
2013-10-22,2013-10-21,SJC_Gold,37.27,37.34,-0.001876424622409445,0.00023264450203764795,0.005663282588812312
2013-10-23,2013-10-22,SJC_Gold,37.37,37.27,0.002679530006225672,0.00023264450203764795,0.005663282588812312
2013-10-24,2013-10-23,SJC_Gold,37.34,37.37,-0.0008031053838162272,0.00023264450203764795,0.005663282588812312
2013-10-25,2013-10-24,SJC_Gold,37.34,37.34,0.0,0.00023264450203764795,0.005663282588812312
2013-10-26,2013-10-25,SJC_Gold,37.4,37.34,0.001605566306909889,0.00023264450203764795,0.005663282588812312
2013-10-27,2013-10-26,SJC_Gold,37.4,37.4,0.0,0.00023264450203764795,0.005663282588812312
2013-10-28,2013-10-27,SJC_Gold,37.32,37.4,-0.002141328441343404,0.00023264450203764795,0.005663282588812312
2013-10-29,2013-10-28,SJC_Gold,37.27,37.32,-0.00134066248797593,0.00023264450203764795,0.005663282588812312
2013-10-30,2013-10-29,SJC_Gold,37.26,37.27,-0.0002683483177245982,0.00023264450203764795,0.005663282588812312
2013-10-31,2013-10-30,SJC_Gold,37.16,37.26,-0.0026874512278047824,0.00023264450203764795,0.005663282588812312
2013-11-01,2013-10-31,SJC_Gold,36.97,37.16,-0.005126140997097295,0.00023264450203764795,0.005663282588812312
2013-11-02,2013-11-01,SJC_Gold,36.92,36.97,-0.0013533633138886891,0.00023264450203764795,0.005663282588812312
2013-11-03,2013-11-02,SJC_Gold,36.92,36.92,0.0,0.00023264450203764795,0.005663282588812312
2013-11-04,2013-11-03,SJC_Gold,36.82,36.92,-0.0027122338297198567,0.00023264450203764795,0.005663282588812312
2013-11-05,2013-11-04,SJC_Gold,36.71,36.82,-0.002991978296188691,0.00023264450203764795,0.005663282588812312
2013-11-06,2013-11-05,SJC_Gold,36.72,36.71,0.0002723682435465946,0.00023264450203764795,0.005663282588812312
2013-11-07,2013-11-06,SJC_Gold,36.8,36.72,0.002176279422595684,0.00023264450203764795,0.005663282588812312
2013-11-08,2013-11-07,SJC_Gold,36.7,36.8,-0.0027210901143606137,0.00023264450203764795,0.005663282588812312
2013-11-09,2013-11-08,SJC_Gold,36.6,36.7,-0.002728514653204339,0.00023264450203764795,0.005663282588812312
2013-11-10,2013-11-09,SJC_Gold,36.6,36.6,0.0,0.00023264450203764795,0.005663282588812312
2013-11-11,2013-11-10,SJC_Gold,36.54,36.6,-0.0016406894574596542,0.00023264450203764795,0.005663282588812312
2013-11-12,2013-11-11,SJC_Gold,36.51,36.54,-0.0008213552823153059,0.00023264450203764795,0.005663282588812312
2013-11-13,2013-11-12,SJC_Gold,36.44,36.51,-0.001919123275787804,0.00023264450203764795,0.005663282588812312
2013-11-14,2013-11-13,SJC_Gold,36.53,36.44,0.0024667684154335845,0.00023264450203764795,0.005663282588812312
2013-11-15,2013-11-14,SJC_Gold,36.53,36.53,0.0,0.00023264450203764795,0.005663282588812312
2013-11-16,2013-11-15,SJC_Gold,36.54,36.53,0.0002737101426695254,0.00023264450203764795,0.005663282588812312
2013-11-17,2013-11-16,SJC_Gold,36.54,36.54,0.0,0.00023264450203764795,0.005663282588812312
2013-11-18,2013-11-17,SJC_Gold,36.51,36.54,-0.0008213552823153059,0.00023264450203764795,0.005663282588812312
2013-11-19,2013-11-18,SJC_Gold,36.45,36.51,-0.0016447372128780557,0.00023264450203764795,0.005663282588812312
2013-11-20,2013-11-19,SJC_Gold,36.43,36.45,-0.0005488474341950322,0.00023264450203764795,0.005663282588812312
2013-11-21,2013-11-20,SJC_Gold,36.07,36.43,-0.009931116105024618,0.00023264450203764795,0.005663282588812312
2013-11-22,2013-11-21,SJC_Gold,35.99,36.07,-0.0022203728245084875,0.00023264450203764795,0.005663282588812312
2013-11-23,2013-11-22,SJC_Gold,35.94,35.99,-0.0013902407355264046,0.00023264450203764795,0.005663282588812312
2013-11-24,2013-11-23,SJC_Gold,35.94,35.94,0.0,0.00023264450203764795,0.005663282588812312
2013-11-25,2013-11-24,SJC_Gold,35.23,35.94,-0.019952889002266883,0.00023264450203764795,0.005663282588812312
2013-11-26,2013-11-25,SJC_Gold,35.5,35.23,0.00763470412822409,0.00023264450203764795,0.005663282588812312
2013-11-27,2013-11-26,SJC_Gold,35.4,35.5,-0.0028208763416412985,0.00023264450203764795,0.005663282588812312
2013-11-28,2013-11-27,SJC_Gold,35.28,35.4,-0.003395589001138344,0.00023264450203764795,0.005663282588812312
2013-11-29,2013-11-28,SJC_Gold,35.45,35.28,0.004807021839546177,0.00023264450203764795,0.005663282588812312
2013-11-30,2013-11-29,SJC_Gold,35.55,35.45,0.002816903271113169,0.00023264450203764795,0.005663282588812312
2013-12-01,2013-11-30,SJC_Gold,35.55,35.55,0.0,0.00023264450203764795,0.005663282588812312
2013-12-02,2013-12-01,SJC_Gold,35.45,35.55,-0.002816903271113169,0.00023264450203764795,0.005663282588812312
2013-12-03,2013-12-02,SJC_Gold,35.24,35.45,-0.0059414519101577135,0.00023264450203764795,0.005663282588812312
2013-12-04,2013-12-03,SJC_Gold,35.2,35.24,-0.0011357184639275708,0.00023264450203764795,0.005663282588812312
2013-12-05,2013-12-04,SJC_Gold,35.38,35.2,0.005100606127587781,0.00023264450203764795,0.005663282588812312
2013-12-06,2013-12-05,SJC_Gold,35.35,35.38,-0.000848296389057257,0.00023264450203764795,0.005663282588812312
2013-12-07,2013-12-06,SJC_Gold,35.36,35.35,0.000282845426860856,0.00023264450203764795,0.005663282588812312
2013-12-08,2013-12-07,SJC_Gold,35.36,35.36,0.0,0.00023264450203764795,0.005663282588812312
2013-12-09,2013-12-08,SJC_Gold,35.36,35.36,0.0,0.00023264450203764795,0.005663282588812312
2013-12-10,2013-12-09,SJC_Gold,35.5,35.36,0.003951458711927369,0.00023264450203764795,0.005663282588812312
2013-12-11,2013-12-10,SJC_Gold,35.76,35.5,0.007297253823943084,0.00023264450203764795,0.005663282588812312
2013-12-12,2013-12-11,SJC_Gold,35.7,35.76,-0.0016792615197198657,0.00023264450203764795,0.005663282588812312
2013-12-13,2013-12-12,SJC_Gold,35.42,35.7,-0.007874056430905885,0.00023264450203764795,0.005663282588812312
2013-12-14,2013-12-13,SJC_Gold,35.54,35.42,0.0033821903718176394,0.00023264450203764795,0.005663282588812312
2013-12-15,2013-12-14,SJC_Gold,35.54,35.54,0.0,0.00023264450203764795,0.005663282588812312
2013-12-16,2013-12-15,SJC_Gold,35.41,35.54,-0.0036645566026929366,0.00023264450203764795,0.005663282588812312
2013-12-17,2013-12-16,SJC_Gold,35.5,35.41,0.0025384303575579636,0.00023264450203764795,0.005663282588812312
2013-12-18,2013-12-17,SJC_Gold,35.47,35.5,-0.0008454276958396179,0.00023264450203764795,0.005663282588812312
2013-12-19,2013-12-18,SJC_Gold,35.25,35.47,-0.006221739527252801,0.00023264450203764795,0.005663282588812312
2013-12-20,2013-12-19,SJC_Gold,35.12,35.25,-0.0036947604913617482,0.00023264450203764795,0.005663282588812312
2013-12-21,2013-12-20,SJC_Gold,35.26,35.12,0.003978408202808037,0.00023264450203764795,0.005663282588812312
2013-12-22,2013-12-21,SJC_Gold,35.26,35.26,0.0,0.00023264450203764795,0.005663282588812312
2013-12-23,2013-12-22,SJC_Gold,35.15,35.26,-0.003124558713050174,0.00023264450203764795,0.005663282588812312
2013-12-24,2013-12-23,SJC_Gold,35.06,35.15,-0.002563738763585288,0.00023264450203764795,0.005663282588812312
2013-12-25,2013-12-24,SJC_Gold,35.08,35.06,0.0005702880108939823,0.00023264450203764795,0.005663282588812312
2013-12-26,2013-12-25,SJC_Gold,35.12,35.08,0.0011396012629334429,0.00023264450203764795,0.005663282588812312
2013-12-27,2013-12-26,SJC_Gold,35.15,35.12,0.000853849489757863,0.00023264450203764795,0.005663282588812312
2013-12-28,2013-12-27,SJC_Gold,35.08,35.15,-0.001993450752691306,0.00023264450203764795,0.005663282588812312
2013-12-29,2013-12-28,SJC_Gold,35.08,35.08,0.0,0.00023264450203764795,0.005663282588812312
2013-12-30,2013-12-29,SJC_Gold,34.92,35.08,-0.004571436532581075,0.00023264450203764795,0.005663282588812312
2013-12-31,2013-12-30,SJC_Gold,34.78,34.92,-0.004017222045264557,0.00023264450203764795,0.005663282588812312
2014-01-01,2013-12-31,SJC_Gold,34.78,34.78,0.0,0.00023264450203764795,0.005663282588812312
2014-01-02,2014-01-01,SJC_Gold,35.02,34.78,0.006876817931569246,0.00023264450203764795,0.005663282588812312
2014-01-03,2014-01-02,SJC_Gold,35.09,35.02,0.001996862737417615,0.00023264450203764795,0.005663282588812312
2014-01-04,2014-01-03,SJC_Gold,35.13,35.09,0.0011392766826121559,0.00023264450203764795,0.005663282588812312
2014-01-05,2014-01-04,SJC_Gold,35.13,35.13,0.0,0.00023264450203764795,0.005663282588812312
2014-01-06,2014-01-05,SJC_Gold,35.23,35.13,0.0028425260754101345,0.00023264450203764795,0.005663282588812312
2014-01-07,2014-01-06,SJC_Gold,35.19,35.23,-0.0011360410196523674,0.00023264450203764795,0.005663282588812312
2014-01-08,2014-01-07,SJC_Gold,35.04,35.19,-0.00427168526530286,0.00023264450203764795,0.005663282588812312
2014-01-09,2014-01-08,SJC_Gold,35.06,35.04,0.0005706134248977257,0.00023264450203764795,0.005663282588812312
2014-01-10,2014-01-09,SJC_Gold,35.09,35.06,0.0008553101020352116,0.00023264450203764795,0.005663282588812312
2014-01-11,2014-01-10,SJC_Gold,35.25,35.09,0.004549339663153962,0.00023264450203764795,0.005663282588812312
2014-01-12,2014-01-11,SJC_Gold,35.25,35.25,0.0,0.00023264450203764795,0.005663282588812312
2014-01-13,2014-01-12,SJC_Gold,35.23,35.25,-0.0005675369051316714,0.00023264450203764795,0.005663282588812312
2014-01-14,2014-01-13,SJC_Gold,35.22,35.23,-0.0002838892850860475,0.00023264450203764795,0.005663282588812312
2014-01-15,2014-01-14,SJC_Gold,35.03,35.22,-0.005409265858664636,0.00023264450203764795,0.005663282588812312
2014-01-16,2014-01-15,SJC_Gold,35.03,35.03,0.0,0.00023264450203764795,0.005663282588812312
2014-01-17,2014-01-16,SJC_Gold,35.09,35.03,0.001711352385728393,0.00023264450203764795,0.005663282588812312
2014-01-18,2014-01-17,SJC_Gold,35.19,35.09,0.002845761738369923,0.00023264450203764795,0.005663282588812312
2014-01-19,2014-01-18,SJC_Gold,35.19,35.19,0.0,0.00023264450203764795,0.005663282588812312
2014-01-20,2014-01-19,SJC_Gold,35.07,35.19,-0.0034158871814069514,0.00023264450203764795,0.005663282588812312
2014-01-21,2014-01-20,SJC_Gold,35.02,35.07,-0.0014267372943805867,0.00023264450203764795,0.005663282588812312
2014-01-22,2014-01-21,SJC_Gold,34.92,35.02,-0.002859595886304689,0.00023264450203764795,0.005663282588812312
2014-01-23,2014-01-22,SJC_Gold,35.02,34.92,0.002859595886304689,0.00023264450203764795,0.005663282588812312
2014-01-24,2014-01-23,SJC_Gold,35.07,35.02,0.0014267372943805867,0.00023264450203764795,0.005663282588812312
2014-01-25,2014-01-24,SJC_Gold,35.26,35.07,0.005403112817637279,0.00023264450203764795,0.005663282588812312
2014-01-26,2014-01-25,SJC_Gold,35.26,35.26,0.0,0.00023264450203764795,0.005663282588812312
2014-01-27,2014-01-26,SJC_Gold,35.36,35.26,0.002832060799718761,0.00023264450203764795,0.005663282588812312
2014-01-28,2014-01-27,SJC_Gold,35.36,35.36,0.0,0.00023264450203764795,0.005663282588812312
2014-01-29,2014-01-28,SJC_Gold,35.36,35.36,0.0,0.00023264450203764795,0.005663282588812312
2014-01-30,2014-01-29,SJC_Gold,35.36,35.36,0.0,0.00023264450203764795,0.005663282588812312
2014-01-31,2014-01-30,SJC_Gold,35.36,35.36,0.0,0.00023264450203764795,0.005663282588812312
2014-02-01,2014-01-31,SJC_Gold,35.36,35.36,0.0,0.00023264450203764795,0.005663282588812312
2014-02-02,2014-02-01,SJC_Gold,35.36,35.36,0.0,0.00023264450203764795,0.005663282588812312
2014-02-03,2014-02-02,SJC_Gold,35.36,35.36,0.0,0.00023264450203764795,0.005663282588812312
2014-02-04,2014-02-03,SJC_Gold,35.36,35.36,0.0,0.00023264450203764795,0.005663282588812312
2014-02-05,2014-02-04,SJC_Gold,35.36,35.36,0.0,0.00023264450203764795,0.005663282588812312
2014-02-06,2014-02-05,SJC_Gold,35.3,35.36,-0.00169827383019161,0.00023264450203764795,0.005663282588812312
2014-02-07,2014-02-06,SJC_Gold,35.37,35.3,0.001981039278138308,0.00023264450203764795,0.005663282588812312
2014-02-08,2014-02-07,SJC_Gold,35.44,35.37,0.0019771225194906705,0.00023264450203764795,0.005663282588812312
2014-02-09,2014-02-08,SJC_Gold,35.48,35.44,0.0011280317044986,0.00023264450203764795,0.005663282588812312
2014-02-10,2014-02-09,SJC_Gold,35.46,35.48,-0.0005638567953170082,0.00023264450203764795,0.005663282588812312
2014-02-11,2014-02-10,SJC_Gold,35.54,35.46,0.002253522080443382,0.00023264450203764795,0.005663282588812312
2014-02-12,2014-02-11,SJC_Gold,35.53,35.54,-0.000281412693569294,0.00023264450203764795,0.005663282588812312
2014-02-13,2014-02-12,SJC_Gold,35.52,35.53,-0.0002814919089662027,0.00023264450203764795,0.005663282588812312
2014-02-14,2014-02-13,SJC_Gold,35.94,35.52,0.011754963231443316,0.00023264450203764795,0.005663282588812312
2014-02-15,2014-02-14,SJC_Gold,36.19,35.94,0.0069319562202383445,0.00023264450203764795,0.005663282588812312
2014-02-16,2014-02-15,SJC_Gold,36.19,36.19,0.0,0.00023264450203764795,0.005663282588812312
2014-02-17,2014-02-16,SJC_Gold,36.78,36.19,0.016171381600524004,0.00023264450203764795,0.005663282588812312
2014-02-18,2014-02-17,SJC_Gold,36.52,36.78,-0.007094163449407276,0.00023264450203764795,0.005663282588812312
2014-02-19,2014-02-18,SJC_Gold,36.4,36.52,-0.003291281084072839,0.00023264450203764795,0.005663282588812312
2014-02-20,2014-02-19,SJC_Gold,36.13,36.4,-0.007445229483145965,0.00023264450203764795,0.005663282588812312
2014-02-21,2014-02-20,SJC_Gold,36.16,36.13,0.0008299903644264361,0.00023264450203764795,0.005663282588812312
2014-02-22,2014-02-21,SJC_Gold,36.21,36.16,0.0013817882535742676,0.00023264450203764795,0.005663282588812312
2014-02-23,2014-02-22,SJC_Gold,36.21,36.21,0.0,0.00023264450203764795,0.005663282588812312
2014-02-24,2014-02-23,SJC_Gold,36.35,36.21,0.003858880201978554,0.00023264450203764795,0.005663282588812312
2014-02-25,2014-02-24,SJC_Gold,36.43,36.35,0.0021984070409439838,0.00023264450203764795,0.005663282588812312
2014-02-26,2014-02-25,SJC_Gold,36.43,36.43,0.0,0.00023264450203764795,0.005663282588812312
2014-02-27,2014-02-26,SJC_Gold,36.18,36.43,-0.006886131053323474,0.00023264450203764795,0.005663282588812312
2014-02-28,2014-02-27,SJC_Gold,36.17,36.18,-0.0002764340031422563,0.00023264450203764795,0.005663282588812312
2014-03-01,2014-02-28,SJC_Gold,36.16,36.17,-0.0002765104400310747,0.00023264450203764795,0.005663282588812312
2014-03-02,2014-03-01,SJC_Gold,36.16,36.16,0.0,0.00023264450203764795,0.005663282588812312
2014-03-03,2014-03-02,SJC_Gold,36.34,36.16,0.0049655274440496555,0.00023264450203764795,0.005663282588812312
2014-03-04,2014-03-03,SJC_Gold,36.22,36.34,-0.0033076105127580746,0.00023264450203764795,0.005663282588812312
2014-03-05,2014-03-04,SJC_Gold,36.13,36.22,-0.002487907295718017,0.00023264450203764795,0.005663282588812312
2014-03-06,2014-03-05,SJC_Gold,36.12,36.13,-0.00027681661076472963,0.00023264450203764795,0.005663282588812312
2014-03-07,2014-03-06,SJC_Gold,36.22,36.12,0.0027647239064827467,0.00023264450203764795,0.005663282588812312
2014-03-08,2014-03-07,SJC_Gold,36.16,36.22,-0.001657916931291581,0.00023264450203764795,0.005663282588812312
2014-03-09,2014-03-08,SJC_Gold,36.16,36.16,0.0,0.00023264450203764795,0.005663282588812312
2014-03-10,2014-03-09,SJC_Gold,36.11,36.16,-0.0013837002346090976,0.00023264450203764795,0.005663282588812312
2014-03-11,2014-03-10,SJC_Gold,36.19,36.11,0.0022130022862847376,0.00023264450203764795,0.005663282588812312
2014-03-12,2014-03-11,SJC_Gold,36.26,36.19,0.001932367751053654,0.00023264450203764795,0.005663282588812312
2014-03-13,2014-03-12,SJC_Gold,36.32,36.26,0.0016533484063878667,0.00023264450203764795,0.005663282588812312
2014-03-14,2014-03-13,SJC_Gold,36.27,36.32,-0.001377600438281501,0.00023264450203764795,0.005663282588812312
2014-03-15,2014-03-14,SJC_Gold,36.4,36.27,0.0035778213478838694,0.00023264450203764795,0.005663282588812312
2014-03-16,2014-03-15,SJC_Gold,36.4,36.4,0.0,0.00023264450203764795,0.005663282588812312
2014-03-17,2014-03-16,SJC_Gold,36.39,36.4,-0.00027476301862661145,0.00023264450203764795,0.005663282588812312
2014-03-18,2014-03-17,SJC_Gold,36.24,36.39,-0.004130530449289793,0.00023264450203764795,0.005663282588812312
2014-03-19,2014-03-18,SJC_Gold,36.16,36.24,-0.0022099456508031246,0.00023264450203764795,0.005663282588812312
2014-03-20,2014-03-19,SJC_Gold,35.97,36.16,-0.005268277816443234,0.00023264450203764795,0.005663282588812312
2014-03-21,2014-03-20,SJC_Gold,36.04,35.97,0.0019441750326048002,0.00023264450203764795,0.005663282588812312
2014-03-22,2014-03-21,SJC_Gold,36.04,36.04,0.0,0.00023264450203764795,0.005663282588812312
2014-03-23,2014-03-22,SJC_Gold,36.04,36.04,0.0,0.00023264450203764795,0.005663282588812312
2014-03-24,2014-03-23,SJC_Gold,35.91,36.04,-0.0036136245021456403,0.00023264450203764795,0.005663282588812312
2014-03-25,2014-03-24,SJC_Gold,35.76,35.91,-0.0041858579326783385,0.00023264450203764795,0.005663282588812312
2014-03-26,2014-03-25,SJC_Gold,35.75,35.76,-0.0002796811652965303,0.00023264450203764795,0.005663282588812312
2014-03-27,2014-03-26,SJC_Gold,35.56,35.75,-0.005328858494312527,0.00023264450203764795,0.005663282588812312
2014-03-28,2014-03-27,SJC_Gold,35.55,35.56,-0.0002812543964543224,0.00023264450203764795,0.005663282588812312
2014-03-29,2014-03-28,SJC_Gold,35.57,35.55,0.0005624297111141985,0.00023264450203764795,0.005663282588812312
2014-03-30,2014-03-29,SJC_Gold,35.57,35.57,0.0,0.00023264450203764795,0.005663282588812312
2014-03-31,2014-03-30,SJC_Gold,35.55,35.57,-0.0005624297111141985,0.00023264450203764795,0.005663282588812312
2014-04-01,2014-03-31,SJC_Gold,35.42,35.55,-0.0036635238945623705,0.00023264450203764795,0.005663282588812312
2014-04-02,2014-04-01,SJC_Gold,35.39,35.42,-0.0008473379973152895,0.00023264450203764795,0.005663282588812312
2014-04-03,2014-04-02,SJC_Gold,35.42,35.39,0.0008473379973152895,0.00023264450203764795,0.005663282588812312
2014-04-04,2014-04-03,SJC_Gold,35.51,35.42,0.002537714600308938,0.00023264450203764795,0.005663282588812312
2014-04-05,2014-04-04,SJC_Gold,35.62,35.51,0.0030929309065190758,0.00023264450203764795,0.005663282588812312
2014-04-06,2014-04-05,SJC_Gold,35.62,35.62,0.0,0.00023264450203764795,0.005663282588812312
2014-04-07,2014-04-06,SJC_Gold,35.63,35.62,0.0002807017562291847,0.00023264450203764795,0.005663282588812312
2014-04-08,2014-04-07,SJC_Gold,35.74,35.63,0.0030825301135375405,0.00023264450203764795,0.005663282588812312
2014-04-09,2014-04-08,SJC_Gold,35.74,35.74,0.0,0.00023264450203764795,0.005663282588812312
2014-04-10,2014-04-09,SJC_Gold,35.86,35.74,0.0033519584457044616,0.00023264450203764795,0.005663282588812312
2014-04-11,2014-04-10,SJC_Gold,35.79,35.86,-0.0019539433990520827,0.00023264450203764795,0.005663282588812312
2014-04-12,2014-04-11,SJC_Gold,35.79,35.79,0.0,0.00023264450203764795,0.005663282588812312
2014-04-13,2014-04-12,SJC_Gold,35.79,35.79,0.0,0.00023264450203764795,0.005663282588812312
2014-04-14,2014-04-13,SJC_Gold,35.91,35.79,0.003347283460056971,0.00023264450203764795,0.005663282588812312
2014-04-15,2014-04-14,SJC_Gold,35.71,35.91,-0.005585046631634505,0.00023264450203764795,0.005663282588812312
2014-04-16,2014-04-15,SJC_Gold,35.51,35.71,-0.005616414651360646,0.00023264450203764795,0.005663282588812312
2014-04-17,2014-04-16,SJC_Gold,35.49,35.51,-0.0005633802965911983,0.00023264450203764795,0.005663282588812312
2014-04-18,2014-04-17,SJC_Gold,35.46,35.49,-0.0008456660123434823,0.00023264450203764795,0.005663282588812312
2014-04-19,2014-04-18,SJC_Gold,35.5,35.46,0.001127395835308409,0.00023264450203764795,0.005663282588812312
2014-04-20,2014-04-19,SJC_Gold,35.5,35.5,0.0,0.00023264450203764795,0.005663282588812312
2014-04-21,2014-04-20,SJC_Gold,35.4,35.5,-0.0028208763416412985,0.00023264450203764795,0.005663282588812312
2014-04-22,2014-04-21,SJC_Gold,35.41,35.4,0.0002824459840833349,0.00023264450203764795,0.005663282588812312
2014-04-23,2014-04-22,SJC_Gold,35.38,35.41,-0.0008475773921730045,0.00023264450203764795,0.005663282588812312
2014-04-24,2014-04-23,SJC_Gold,35.41,35.38,0.0008475773921730045,0.00023264450203764795,0.005663282588812312
2014-04-25,2014-04-24,SJC_Gold,35.5,35.41,0.0025384303575579636,0.00023264450203764795,0.005663282588812312
2014-04-26,2014-04-25,SJC_Gold,35.65,35.5,0.004216450378935033,0.00023264450203764795,0.005663282588812312
2014-04-27,2014-04-26,SJC_Gold,35.65,35.65,0.0,0.00023264450203764795,0.005663282588812312
2014-04-28,2014-04-27,SJC_Gold,35.61,35.65,-0.0011226495706186945,0.00023264450203764795,0.005663282588812312
2014-04-29,2014-04-28,SJC_Gold,35.46,35.61,-0.004221196643624747,0.00023264450203764795,0.005663282588812312
2014-04-30,2014-04-29,SJC_Gold,35.46,35.46,0.0,0.00023264450203764795,0.005663282588812312
2014-05-01,2014-04-30,SJC_Gold,35.46,35.46,0.0,0.00023264450203764795,0.005663282588812312
2014-05-02,2014-05-01,SJC_Gold,35.46,35.46,0.0,0.00023264450203764795,0.005663282588812312
2014-05-03,2014-05-02,SJC_Gold,35.46,35.46,0.0,0.00023264450203764795,0.005663282588812312
2014-05-04,2014-05-03,SJC_Gold,35.46,35.46,0.0,0.00023264450203764795,0.005663282588812312
2014-05-05,2014-05-04,SJC_Gold,35.59,35.46,0.00365939887603961,0.00023264450203764795,0.005663282588812312
2014-05-06,2014-05-05,SJC_Gold,35.5,35.59,-0.002532003040731201,0.00023264450203764795,0.005663282588812312
2014-05-07,2014-05-06,SJC_Gold,35.51,35.5,0.0002816504736262715,0.00023264450203764795,0.005663282588812312
2014-05-08,2014-05-07,SJC_Gold,35.42,35.51,-0.002537714600308938,0.00023264450203764795,0.005663282588812312
2014-05-09,2014-05-08,SJC_Gold,35.48,35.42,0.0016925250866912656,0.00023264450203764795,0.005663282588812312
2014-05-10,2014-05-09,SJC_Gold,35.6,35.48,0.00337648041660632,0.00023264450203764795,0.005663282588812312
2014-05-11,2014-05-10,SJC_Gold,35.6,35.6,0.0,0.00023264450203764795,0.005663282588812312
2014-05-12,2014-05-11,SJC_Gold,35.66,35.6,0.0016839745770091952,0.00023264450203764795,0.005663282588812312
2014-05-13,2014-05-12,SJC_Gold,35.73,35.66,0.001961059600324333,0.00023264450203764795,0.005663282588812312
2014-05-14,2014-05-13,SJC_Gold,35.72,35.73,-0.0002799160270203771,0.00023264450203764795,0.005663282588812312
2014-05-15,2014-05-14,SJC_Gold,36.45,35.72,0.020230702446369264,0.00023264450203764795,0.005663282588812312
2014-05-16,2014-05-15,SJC_Gold,36.5,36.45,0.0013708021337786036,0.00023264450203764795,0.005663282588812312
2014-05-17,2014-05-16,SJC_Gold,36.5,36.5,0.0,0.00023264450203764795,0.005663282588812312
2014-05-18,2014-05-17,SJC_Gold,36.55,36.5,0.0013689256073412537,0.00023264450203764795,0.005663282588812312
2014-05-19,2014-05-18,SJC_Gold,36.55,36.55,0.0,0.00023264450203764795,0.005663282588812312
2014-05-20,2014-05-19,SJC_Gold,36.9,36.55,0.009530364850694362,0.00023264450203764795,0.005663282588812312
2014-05-21,2014-05-20,SJC_Gold,37.15,36.9,0.006752220117286711,0.00023264450203764795,0.005663282588812312
2014-05-22,2014-05-21,SJC_Gold,36.62,37.15,-0.014369231917403802,0.00023264450203764795,0.005663282588812312
2014-05-23,2014-05-22,SJC_Gold,36.72,36.62,0.0027270265059251564,0.00023264450203764795,0.005663282588812312
2014-05-24,2014-05-23,SJC_Gold,36.9,36.72,0.004889985294191934,0.00023264450203764795,0.005663282588812312
2014-05-25,2014-05-24,SJC_Gold,36.85,36.9,-0.0013559324111360738,0.00023264450203764795,0.005663282588812312
2014-05-26,2014-05-25,SJC_Gold,36.73,36.85,-0.0032617588037697764,0.00023264450203764795,0.005663282588812312
2014-05-27,2014-05-26,SJC_Gold,36.75,36.73,0.0005443658272699103,0.00023264450203764795,0.005663282588812312
2014-05-28,2014-05-27,SJC_Gold,36.56,36.75,-0.00518347907289618,0.00023264450203764795,0.005663282588812312
2014-05-29,2014-05-28,SJC_Gold,36.44,36.56,-0.0032876741941918475,0.00023264450203764795,0.005663282588812312
2014-05-30,2014-05-29,SJC_Gold,36.5,36.44,0.001645188196688352,0.00023264450203764795,0.005663282588812312
2014-05-31,2014-05-30,SJC_Gold,36.48,36.5,-0.0005480953823155943,0.00023264450203764795,0.005663282588812312
2014-06-01,2014-05-31,SJC_Gold,36.48,36.48,0.0,0.00023264450203764795,0.005663282588812312
2014-06-02,2014-06-01,SJC_Gold,36.33,36.48,-0.004120318973019899,0.00023264450203764795,0.005663282588812312
2014-06-03,2014-06-02,SJC_Gold,36.26,36.33,-0.0019286409064056542,0.00023264450203764795,0.005663282588812312
2014-06-04,2014-06-03,SJC_Gold,36.04,36.26,-0.006085772586567728,0.00023264450203764795,0.005663282588812312
2014-06-05,2014-06-04,SJC_Gold,36.0,36.04,-0.001110494284027208,0.00023264450203764795,0.005663282588812312
2014-06-06,2014-06-05,SJC_Gold,36.35,36.0,0.009675265523418464,0.00023264450203764795,0.005663282588812312
2014-06-07,2014-06-06,SJC_Gold,36.32,36.35,-0.0008256502464356608,0.00023264450203764795,0.005663282588812312
2014-06-08,2014-06-07,SJC_Gold,36.33,36.32,0.0002752925000177875,0.00023264450203764795,0.005663282588812312
2014-06-09,2014-06-08,SJC_Gold,36.36,36.33,0.0008254230761677306,0.00023264450203764795,0.005663282588812312
2014-06-10,2014-06-09,SJC_Gold,36.37,36.36,0.00027498968961925385,0.00023264450203764795,0.005663282588812312
2014-06-11,2014-06-10,SJC_Gold,36.67,36.37,0.008214723084337017,0.00023264450203764795,0.005663282588812312
2014-06-12,2014-06-11,SJC_Gold,36.67,36.67,0.0,0.00023264450203764795,0.005663282588812312
2014-06-13,2014-06-12,SJC_Gold,36.85,36.67,0.004896636552111033,0.00023264450203764795,0.005663282588812312
2014-06-14,2014-06-13,SJC_Gold,36.8,36.85,-0.0013577734604601766,0.00023264450203764795,0.005663282588812312
2014-06-15,2014-06-14,SJC_Gold,36.78,36.8,-0.0005436259987101622,0.00023264450203764795,0.005663282588812312
2014-06-16,2014-06-15,SJC_Gold,36.75,36.78,-0.0008159935173295274,0.00023264450203764795,0.005663282588812312
2014-06-17,2014-06-16,SJC_Gold,36.48,36.75,-0.00737406045271527,0.00023264450203764795,0.005663282588812312
2014-06-18,2014-06-17,SJC_Gold,36.55,36.48,0.001917020989656848,0.00023264450203764795,0.005663282588812312
2014-06-19,2014-06-18,SJC_Gold,36.82,36.55,0.007359989609144524,0.00023264450203764795,0.005663282588812312
2014-06-20,2014-06-19,SJC_Gold,37.1,36.82,0.0075757938084577425,0.00023264450203764795,0.005663282588812312
2014-06-21,2014-06-20,SJC_Gold,37.05,37.1,-0.0013486178712938113,0.00023264450203764795,0.005663282588812312
2014-06-22,2014-06-21,SJC_Gold,37.0,37.05,-0.0013504390978713587,0.00023264450203764795,0.005663282588812312
2014-06-23,2014-06-22,SJC_Gold,36.82,37.0,-0.0048767368392925725,0.00023264450203764795,0.005663282588812312
2014-06-24,2014-06-23,SJC_Gold,36.88,36.82,0.0016282228834612056,0.00023264450203764795,0.005663282588812312
2014-06-25,2014-06-24,SJC_Gold,36.83,36.88,-0.0013566682314190004,0.00023264450203764795,0.005663282588812312
2014-06-26,2014-06-25,SJC_Gold,36.76,36.83,-0.0019024329694876663,0.00023264450203764795,0.005663282588812312
2014-06-27,2014-06-26,SJC_Gold,36.83,36.76,0.0019024329694876663,0.00023264450203764795,0.005663282588812312
2014-06-28,2014-06-27,SJC_Gold,36.82,36.83,-0.0002715546520422052,0.00023264450203764795,0.005663282588812312
2014-06-29,2014-06-28,SJC_Gold,36.82,36.82,0.0,0.00023264450203764795,0.005663282588812312
2014-06-30,2014-06-29,SJC_Gold,36.8,36.82,-0.0005433306300464125,0.00023264450203764795,0.005663282588812312
2014-07-01,2014-06-30,SJC_Gold,36.93,36.8,0.0035263836895862433,0.00023264450203764795,0.005663282588812312
2014-07-02,2014-07-01,SJC_Gold,36.92,36.93,-0.0002708192298199741,0.00023264450203764795,0.005663282588812312
2014-07-03,2014-07-02,SJC_Gold,36.89,36.92,-0.0008128980260675434,0.00023264450203764795,0.005663282588812312
2014-07-04,2014-07-03,SJC_Gold,36.85,36.89,-0.0010848929732385493,0.00023264450203764795,0.005663282588812312
2014-07-05,2014-07-04,SJC_Gold,36.84,36.85,-0.00027140724823926377,0.00023264450203764795,0.005663282588812312
2014-07-06,2014-07-05,SJC_Gold,36.82,36.84,-0.0005430355821745003,0.00023264450203764795,0.005663282588812312
2014-07-07,2014-07-06,SJC_Gold,36.78,36.82,-0.0010869566287565746,0.00023264450203764795,0.005663282588812312
2014-07-08,2014-07-07,SJC_Gold,36.84,36.78,0.001629992210931075,0.00023264450203764795,0.005663282588812312
2014-07-09,2014-07-08,SJC_Gold,36.88,36.84,0.0010851873012867053,0.00023264450203764795,0.005663282588812312
2014-07-10,2014-07-09,SJC_Gold,36.98,36.88,0.0027078272705858275,0.00023264450203764795,0.005663282588812312
2014-07-11,2014-07-10,SJC_Gold,37.0,36.98,0.0005406866852455394,0.00023264450203764795,0.005663282588812312
2014-07-12,2014-07-11,SJC_Gold,36.96,37.0,-0.0010816658707408777,0.00023264450203764795,0.005663282588812312
2014-07-13,2014-07-12,SJC_Gold,36.96,36.96,0.0,0.00023264450203764795,0.005663282588812312
2014-07-14,2014-07-13,SJC_Gold,36.86,36.96,-0.00270929453180635,0.00023264450203764795,0.005663282588812312
2014-07-15,2014-07-14,SJC_Gold,36.84,36.86,-0.0005427408545708445,0.00023264450203764795,0.005663282588812312
2014-07-16,2014-07-15,SJC_Gold,36.76,36.84,-0.0021739138996199614,0.00023264450203764795,0.005663282588812312
2014-07-17,2014-07-16,SJC_Gold,36.83,36.76,0.0019024329694876663,0.00023264450203764795,0.005663282588812312
2014-07-18,2014-07-17,SJC_Gold,36.88,36.83,0.0013566682314190004,0.00023264450203764795,0.005663282588812312
2014-07-19,2014-07-18,SJC_Gold,36.86,36.88,-0.0005424464467158607,0.00023264450203764795,0.005663282588812312
2014-07-20,2014-07-19,SJC_Gold,36.85,36.86,-0.00027133360633158077,0.00023264450203764795,0.005663282588812312
2014-07-21,2014-07-20,SJC_Gold,36.84,36.85,-0.00027140724823926377,0.00023264450203764795,0.005663282588812312
2014-07-22,2014-07-21,SJC_Gold,36.78,36.84,-0.001629992210931075,0.00023264450203764795,0.005663282588812312
2014-07-23,2014-07-22,SJC_Gold,36.77,36.78,-0.00027192386299468296,0.00023264450203764795,0.005663282588812312
2014-07-24,2014-07-23,SJC_Gold,36.71,36.77,-0.0016330978044374334,0.00023264450203764795,0.005663282588812312
2014-07-25,2014-07-24,SJC_Gold,36.72,36.71,0.0002723682435465946,0.00023264450203764795,0.005663282588812312
2014-07-26,2014-07-25,SJC_Gold,36.68,36.72,-0.0010899183640256105,0.00023264450203764795,0.005663282588812312
2014-07-27,2014-07-26,SJC_Gold,36.82,36.68,0.003809528416667707,0.00023264450203764795,0.005663282588812312
2014-07-28,2014-07-27,SJC_Gold,36.74,36.82,-0.0021750960179520717,0.00023264450203764795,0.005663282588812312
2014-07-29,2014-07-28,SJC_Gold,36.75,36.74,0.0002721458718659697,0.00023264450203764795,0.005663282588812312
2014-07-30,2014-07-29,SJC_Gold,36.68,36.75,-0.0019065782705816048,0.00023264450203764795,0.005663282588812312
2014-07-31,2014-07-30,SJC_Gold,36.68,36.68,0.0,0.00023264450203764795,0.005663282588812312
2014-08-01,2014-07-31,SJC_Gold,36.6,36.68,-0.0021834069809436585,0.00023264450203764795,0.005663282588812312
2014-08-02,2014-08-01,SJC_Gold,36.61,36.6,0.00027318672482445905,0.00023264450203764795,0.005663282588812312
2014-08-03,2014-08-02,SJC_Gold,36.7,36.61,0.00245532792837988,0.00023264450203764795,0.005663282588812312
2014-08-04,2014-08-03,SJC_Gold,36.65,36.7,-0.0013633267278643224,0.00023264450203764795,0.005663282588812312
2014-08-05,2014-08-04,SJC_Gold,36.62,36.65,-0.0008188890862959042,0.00023264450203764795,0.005663282588812312
2014-08-06,2014-08-05,SJC_Gold,36.63,36.62,0.00027303754435870076,0.00023264450203764795,0.005663282588812312
2014-08-07,2014-08-06,SJC_Gold,36.72,36.63,0.0024539889615664556,0.00023264450203764795,0.005663282588812312
2014-08-08,2014-08-07,SJC_Gold,36.77,36.72,0.0013607295608908387,0.00023264450203764795,0.005663282588812312
2014-08-09,2014-08-08,SJC_Gold,36.76,36.77,-0.0002719978256942035,0.00023264450203764795,0.005663282588812312
2014-08-10,2014-08-09,SJC_Gold,36.73,36.76,-0.0008164376559105513,0.00023264450203764795,0.005663282588812312
2014-08-11,2014-08-10,SJC_Gold,36.73,36.73,0.0,0.00023264450203764795,0.005663282588812312
2014-08-12,2014-08-11,SJC_Gold,36.72,36.73,-0.00027229407928608396,0.00023264450203764795,0.005663282588812312
2014-08-13,2014-08-12,SJC_Gold,36.72,36.72,0.0,0.00023264450203764795,0.005663282588812312
2014-08-14,2014-08-13,SJC_Gold,36.73,36.72,0.00027229407928608396,0.00023264450203764795,0.005663282588812312
2014-08-15,2014-08-14,SJC_Gold,36.74,36.73,0.0002722199554039406,0.00023264450203764795,0.005663282588812312
2014-08-16,2014-08-15,SJC_Gold,36.68,36.74,-0.001634432398715635,0.00023264450203764795,0.005663282588812312
2014-08-17,2014-08-16,SJC_Gold,36.67,36.68,-0.00027266530502956243,0.00023264450203764795,0.005663282588812312
2014-08-18,2014-08-17,SJC_Gold,36.63,36.67,-0.0010914052925112827,0.00023264450203764795,0.005663282588812312
2014-08-19,2014-08-18,SJC_Gold,36.64,36.63,0.00027296301520651767,0.00023264450203764795,0.005663282588812312
2014-08-20,2014-08-19,SJC_Gold,36.63,36.64,-0.00027296301520651767,0.00023264450203764795,0.005663282588812312
2014-08-21,2014-08-20,SJC_Gold,36.55,36.63,-0.002186390594935972,0.00023264450203764795,0.005663282588812312
2014-08-22,2014-08-21,SJC_Gold,36.5,36.55,-0.0013689256073412537,0.00023264450203764795,0.005663282588812312
2014-08-23,2014-08-22,SJC_Gold,36.52,36.5,0.0005477951383219271,0.00023264450203764795,0.005663282588812312
2014-08-24,2014-08-23,SJC_Gold,36.52,36.52,0.0,0.00023264450203764795,0.005663282588812312
2014-08-25,2014-08-24,SJC_Gold,36.47,36.52,-0.0013700509061789212,0.00023264450203764795,0.005663282588812312
2014-08-26,2014-08-25,SJC_Gold,36.49,36.47,0.0005482456277672298,0.00023264450203764795,0.005663282588812312
2014-08-27,2014-08-26,SJC_Gold,36.51,36.49,0.0005479452191892165,0.00023264450203764795,0.005663282588812312
2014-08-28,2014-08-27,SJC_Gold,36.53,36.51,0.0005476451396457804,0.00023264450203764795,0.005663282588812312
2014-08-29,2014-08-28,SJC_Gold,36.53,36.53,0.0,0.00023264450203764795,0.005663282588812312
2014-08-30,2014-08-29,SJC_Gold,36.52,36.53,-0.0002737850804233055,0.00023264450203764795,0.005663282588812312
2014-08-31,2014-08-30,SJC_Gold,36.53,36.52,0.0002737850804233055,0.00023264450203764795,0.005663282588812312
2014-09-01,2014-08-31,SJC_Gold,36.53,36.53,0.0,0.00023264450203764795,0.005663282588812312
2014-09-02,2014-09-01,SJC_Gold,36.53,36.53,0.0,0.00023264450203764795,0.005663282588812312
2014-09-03,2014-09-02,SJC_Gold,36.35,36.53,-0.004939636827662852,0.00023264450203764795,0.005663282588812312
2014-09-04,2014-09-03,SJC_Gold,36.39,36.35,0.0010998076445400962,0.00023264450203764795,0.005663282588812312
2014-09-05,2014-09-04,SJC_Gold,36.35,36.39,-0.0010998076445400962,0.00023264450203764795,0.005663282588812312
2014-09-06,2014-09-05,SJC_Gold,36.34,36.35,-0.00027514101150316606,0.00023264450203764795,0.005663282588812312
2014-09-07,2014-09-06,SJC_Gold,36.35,36.34,0.00027514101150316606,0.00023264450203764795,0.005663282588812312
2014-09-08,2014-09-07,SJC_Gold,36.35,36.35,0.0,0.00023264450203764795,0.005663282588812312
2014-09-09,2014-09-08,SJC_Gold,36.27,36.35,-0.002203250684717162,0.00023264450203764795,0.005663282588812312
2014-09-10,2014-09-09,SJC_Gold,36.16,36.27,-0.0030374177708356598,0.00023264450203764795,0.005663282588812312
2014-09-11,2014-09-10,SJC_Gold,36.06,36.16,-0.0027693177488044007,0.00023264450203764795,0.005663282588812312
2014-09-12,2014-09-11,SJC_Gold,35.99,36.06,-0.0019430956842318992,0.00023264450203764795,0.005663282588812312
2014-09-13,2014-09-12,SJC_Gold,35.94,35.99,-0.0013902407355264046,0.00023264450203764795,0.005663282588812312
2014-09-14,2014-09-13,SJC_Gold,35.95,35.94,0.0002782028116428137,0.00023264450203764795,0.005663282588812312
2014-09-15,2014-09-14,SJC_Gold,36.02,35.95,0.0019452555807544236,0.00023264450203764795,0.005663282588812312
2014-09-16,2014-09-15,SJC_Gold,36.12,36.02,0.0027723888009743014,0.00023264450203764795,0.005663282588812312
2014-09-17,2014-09-16,SJC_Gold,36.13,36.12,0.00027681661076472963,0.00023264450203764795,0.005663282588812312
2014-09-18,2014-09-17,SJC_Gold,36.0,36.13,-0.003604606703439206,0.00023264450203764795,0.005663282588812312
2014-09-19,2014-09-18,SJC_Gold,36.09,36.0,0.0024968801985871814,0.00023264450203764795,0.005663282588812312
2014-09-20,2014-09-19,SJC_Gold,36.09,36.09,0.0,0.00023264450203764795,0.005663282588812312
2014-09-21,2014-09-20,SJC_Gold,36.08,36.09,-0.00027712346027408685,0.00023264450203764795,0.005663282588812312
2014-09-22,2014-09-21,SJC_Gold,35.97,36.08,-0.0030534374868906866,0.00023264450203764795,0.005663282588812312
2014-09-23,2014-09-22,SJC_Gold,35.97,35.97,0.0,0.00023264450203764795,0.005663282588812312
2014-09-24,2014-09-23,SJC_Gold,36.0,35.97,0.0008336807485775921,0.00023264450203764795,0.005663282588812312
2014-09-25,2014-09-24,SJC_Gold,35.95,36.0,-0.0013898542890542487,0.00023264450203764795,0.005663282588812312
2014-09-26,2014-09-25,SJC_Gold,36.02,35.95,0.0019452555807544236,0.00023264450203764795,0.005663282588812312
2014-09-27,2014-09-26,SJC_Gold,35.97,36.02,-0.001389082040277767,0.00023264450203764795,0.005663282588812312
2014-09-28,2014-09-27,SJC_Gold,35.98,35.97,0.000277970814854811,0.00023264450203764795,0.005663282588812312
2014-09-29,2014-09-28,SJC_Gold,35.96,35.98,-0.0005560189189677267,0.00023264450203764795,0.005663282588812312
2014-09-30,2014-09-29,SJC_Gold,35.82,35.96,-0.00390081297085354,0.00023264450203764795,0.005663282588812312
2014-10-01,2014-09-30,SJC_Gold,35.68,35.82,-0.0039160889207572325,0.00023264450203764795,0.005663282588812312
2014-10-02,2014-10-01,SJC_Gold,35.77,35.68,0.0025192455591178664,0.00023264450203764795,0.005663282588812312
2014-10-03,2014-10-02,SJC_Gold,35.77,35.77,0.0,0.00023264450203764795,0.005663282588812312
2014-10-04,2014-10-03,SJC_Gold,35.6,35.77,-0.004763915412941522,0.00023264450203764795,0.005663282588812312
2014-10-05,2014-10-04,SJC_Gold,35.61,35.6,0.000280859431701419,0.00023264450203764795,0.005663282588812312
2014-10-06,2014-10-05,SJC_Gold,35.66,35.61,0.0014031151453077761,0.00023264450203764795,0.005663282588812312
2014-10-07,2014-10-06,SJC_Gold,35.75,35.66,0.0025206567050224393,0.00023264450203764795,0.005663282588812312
2014-10-08,2014-10-07,SJC_Gold,35.79,35.75,0.0011182556379178976,0.00023264450203764795,0.005663282588812312
2014-10-09,2014-10-08,SJC_Gold,35.89,35.79,0.0027901803815812976,0.00023264450203764795,0.005663282588812312
2014-10-10,2014-10-09,SJC_Gold,35.8,35.89,-0.002510811752861386,0.00023264450203764795,0.005663282588812312
2014-10-11,2014-10-10,SJC_Gold,35.82,35.8,0.0005585032259114442,0.00023264450203764795,0.005663282588812312
2014-10-12,2014-10-11,SJC_Gold,35.83,35.82,0.00027913468429652255,0.00023264450203764795,0.005663282588812312
2014-10-13,2014-10-12,SJC_Gold,35.85,35.83,0.0005580357287668924,0.00023264450203764795,0.005663282588812312
2014-10-14,2014-10-13,SJC_Gold,35.84,35.85,-0.000278978938899499,0.00023264450203764795,0.005663282588812312
2014-10-15,2014-10-14,SJC_Gold,35.78,35.84,-0.0016755100261565126,0.00023264450203764795,0.005663282588812312
2014-10-16,2014-10-15,SJC_Gold,35.87,35.78,0.0025122134636177407,0.00023264450203764795,0.005663282588812312
2014-10-17,2014-10-16,SJC_Gold,35.9,35.87,0.0008360039500421301,0.00023264450203764795,0.005663282588812312
2014-10-18,2014-10-17,SJC_Gold,35.89,35.9,-0.0002785903347173324,0.00023264450203764795,0.005663282588812312
2014-10-19,2014-10-18,SJC_Gold,35.9,35.89,0.0002785903347173324,0.00023264450203764795,0.005663282588812312
2014-10-20,2014-10-19,SJC_Gold,35.85,35.9,-0.0013937284486038592,0.00023264450203764795,0.005663282588812312
2014-10-21,2014-10-20,SJC_Gold,35.9,35.85,0.0013937284486038592,0.00023264450203764795,0.005663282588812312
2014-10-22,2014-10-21,SJC_Gold,35.84,35.9,-0.0016727073875033582,0.00023264450203764795,0.005663282588812312
2014-10-23,2014-10-22,SJC_Gold,35.79,35.84,-0.0013960633287952717,0.00023264450203764795,0.005663282588812312
2014-10-24,2014-10-23,SJC_Gold,35.71,35.79,-0.0022377631715775337,0.00023264450203764795,0.005663282588812312
2014-10-25,2014-10-24,SJC_Gold,35.72,35.71,0.00027999440194115266,0.00023264450203764795,0.005663282588812312
2014-10-26,2014-10-25,SJC_Gold,35.72,35.72,0.0,0.00023264450203764795,0.005663282588812312
2014-10-27,2014-10-26,SJC_Gold,35.71,35.72,-0.00027999440194115266,0.00023264450203764795,0.005663282588812312
2014-10-28,2014-10-27,SJC_Gold,35.69,35.71,-0.0005602241042881317,0.00023264450203764795,0.005663282588812312
2014-10-29,2014-10-28,SJC_Gold,35.7,35.69,0.0002801512835244324,0.00023264450203764795,0.005663282588812312
2014-10-30,2014-10-29,SJC_Gold,35.59,35.7,-0.003085989263492017,0.00023264450203764795,0.005663282588812312
2014-10-31,2014-10-30,SJC_Gold,35.42,35.59,-0.0047880671674138675,0.00023264450203764795,0.005663282588812312
2014-11-01,2014-10-31,SJC_Gold,35.4,35.42,-0.0005648122149586321,0.00023264450203764795,0.005663282588812312
2014-11-02,2014-11-01,SJC_Gold,35.41,35.4,0.0002824459840833349,0.00023264450203764795,0.005663282588812312
2014-11-03,2014-11-02,SJC_Gold,35.42,35.41,0.0002823662308752972,0.00023264450203764795,0.005663282588812312
2014-11-04,2014-11-03,SJC_Gold,35.38,35.42,-0.0011299436230483018,0.00023264450203764795,0.005663282588812312
2014-11-05,2014-11-04,SJC_Gold,35.13,35.38,-0.0070912224539032565,0.00023264450203764795,0.005663282588812312
2014-11-06,2014-11-05,SJC_Gold,34.98,35.13,-0.0042789966872800456,0.00023264450203764795,0.005663282588812312
2014-11-07,2014-11-06,SJC_Gold,34.97,34.98,-0.00028591851517134614,0.00023264450203764795,0.005663282588812312
2014-11-08,2014-11-07,SJC_Gold,35.24,34.97,0.007691249992694438,0.00023264450203764795,0.005663282588812312
2014-11-09,2014-11-08,SJC_Gold,35.25,35.24,0.00028372819029875984,0.00023264450203764795,0.005663282588812312
2014-11-10,2014-11-09,SJC_Gold,35.26,35.25,0.00028364771144628875,0.00023264450203764795,0.005663282588812312
2014-11-11,2014-11-10,SJC_Gold,35.08,35.26,-0.00511800946574148,0.00023264450203764795,0.005663282588812312
2014-11-12,2014-11-11,SJC_Gold,35.15,35.08,0.001993450752691306,0.00023264450203764795,0.005663282588812312
2014-11-13,2014-11-12,SJC_Gold,35.15,35.15,0.0,0.00023264450203764795,0.005663282588812312
2014-11-14,2014-11-13,SJC_Gold,35.13,35.15,-0.0005691519789379207,0.00023264450203764795,0.005663282588812312
2014-11-15,2014-11-14,SJC_Gold,35.36,35.13,0.0065257714917068554,0.00023264450203764795,0.005663282588812312
2014-11-16,2014-11-15,SJC_Gold,35.37,35.36,0.0002827654479466979,0.00023264450203764795,0.005663282588812312
2014-11-17,2014-11-16,SJC_Gold,35.36,35.37,-0.0002827654479466979,0.00023264450203764795,0.005663282588812312
2014-11-18,2014-11-17,SJC_Gold,35.41,35.36,0.0014130283543694055,0.00023264450203764795,0.005663282588812312
2014-11-19,2014-11-18,SJC_Gold,35.43,35.41,0.0005646527535683177,0.00023264450203764795,0.005663282588812312
2014-11-20,2014-11-19,SJC_Gold,35.35,35.43,-0.0022605265347985792,0.00023264450203764795,0.005663282588812312
2014-11-21,2014-11-20,SJC_Gold,35.4,35.35,0.0014134277971469267,0.00023264450203764795,0.005663282588812312
2014-11-22,2014-11-21,SJC_Gold,35.39,35.4,-0.0002825257823566574,0.00023264450203764795,0.005663282588812312
2014-11-23,2014-11-22,SJC_Gold,35.45,35.39,0.0016939586207644908,0.00023264450203764795,0.005663282588812312
2014-11-24,2014-11-23,SJC_Gold,35.43,35.45,-0.0005643341007561808,0.00023264450203764795,0.005663282588812312
2014-11-25,2014-11-24,SJC_Gold,35.4,35.43,-0.0008470987376516526,0.00023264450203764795,0.005663282588812312
2014-11-26,2014-11-25,SJC_Gold,35.41,35.4,0.0002824459840833349,0.00023264450203764795,0.005663282588812312
2014-11-27,2014-11-26,SJC_Gold,35.3,35.41,-0.0031113021845610156,0.00023264450203764795,0.005663282588812312
2014-11-28,2014-11-27,SJC_Gold,35.14,35.3,-0.004542881180300107,0.00023264450203764795,0.005663282588812312
2014-11-29,2014-11-28,SJC_Gold,35.07,35.14,-0.001994018606864323,0.00023264450203764795,0.005663282588812312
2014-11-30,2014-11-29,SJC_Gold,35.08,35.07,0.00028510335189579905,0.00023264450203764795,0.005663282588812312
2014-12-01,2014-11-30,SJC_Gold,35.18,35.08,0.0028465718054295763,0.00023264450203764795,0.005663282588812312
2014-12-02,2014-12-01,SJC_Gold,35.26,35.18,0.0022714376603119035,0.00023264450203764795,0.005663282588812312
2014-12-03,2014-12-02,SJC_Gold,35.25,35.26,-0.00028364771144628875,0.00023264450203764795,0.005663282588812312
2014-12-04,2014-12-03,SJC_Gold,35.26,35.25,0.00028364771144628875,0.00023264450203764795,0.005663282588812312
2014-12-05,2014-12-04,SJC_Gold,35.19,35.26,-0.0019872256362303276,0.00023264450203764795,0.005663282588812312
2014-12-06,2014-12-05,SJC_Gold,35.14,35.19,-0.0014218685745426285,0.00023264450203764795,0.005663282588812312
2014-12-07,2014-12-06,SJC_Gold,35.15,35.14,0.0002845354977227821,0.00023264450203764795,0.005663282588812312
2014-12-08,2014-12-07,SJC_Gold,35.15,35.15,0.0,0.00023264450203764795,0.005663282588812312
2014-12-09,2014-12-08,SJC_Gold,35.18,35.15,0.0008531210527382704,0.00023264450203764795,0.005663282588812312
2014-12-10,2014-12-09,SJC_Gold,35.33,35.18,0.004254722061641569,0.00023264450203764795,0.005663282588812312
2014-12-11,2014-12-10,SJC_Gold,35.26,35.33,-0.0019832844013296658,0.00023264450203764795,0.005663282588812312
2014-12-12,2014-12-11,SJC_Gold,35.28,35.26,0.0005670541688664876,0.00023264450203764795,0.005663282588812312
2014-12-13,2014-12-12,SJC_Gold,35.29,35.28,0.00028340654858816094,0.00023264450203764795,0.005663282588812312
2014-12-14,2014-12-13,SJC_Gold,35.29,35.29,0.0,0.00023264450203764795,0.005663282588812312
2014-12-15,2014-12-14,SJC_Gold,35.29,35.29,0.0,0.00023264450203764795,0.005663282588812312
2014-12-16,2014-12-15,SJC_Gold,35.22,35.29,-0.0019855346191186563,0.00023264450203764795,0.005663282588812312
2014-12-17,2014-12-16,SJC_Gold,35.21,35.22,-0.00028396990109857967,0.00023264450203764795,0.005663282588812312
2014-12-18,2014-12-17,SJC_Gold,35.25,35.21,0.0011353960913162986,0.00023264450203764795,0.005663282588812312
2014-12-19,2014-12-18,SJC_Gold,35.26,35.25,0.00028364771144628875,0.00023264450203764795,0.005663282588812312
2014-12-20,2014-12-19,SJC_Gold,35.27,35.26,0.00028356727823686256,0.00023264450203764795,0.005663282588812312
2014-12-21,2014-12-20,SJC_Gold,35.27,35.27,0.0,0.00023264450203764795,0.005663282588812312
2014-12-22,2014-12-21,SJC_Gold,35.27,35.27,0.0,0.00023264450203764795,0.005663282588812312
2014-12-23,2014-12-22,SJC_Gold,35.13,35.27,-0.003977277970224957,0.00023264450203764795,0.005663282588812312
2014-12-24,2014-12-23,SJC_Gold,35.13,35.13,0.0,0.00023264450203764795,0.005663282588812312
2014-12-25,2014-12-24,SJC_Gold,35.12,35.13,-0.0002846975108199423,0.00023264450203764795,0.005663282588812312
2014-12-26,2014-12-25,SJC_Gold,35.16,35.12,0.0011383040500603236,0.00023264450203764795,0.005663282588812312
2014-12-27,2014-12-26,SJC_Gold,35.2,35.16,0.001137009787075094,0.00023264450203764795,0.005663282588812312
2014-12-28,2014-12-27,SJC_Gold,35.19,35.2,-0.00028413127055770815,0.00023264450203764795,0.005663282588812312
2014-12-29,2014-12-28,SJC_Gold,35.19,35.19,0.0,0.00023264450203764795,0.005663282588812312
2014-12-30,2014-12-29,SJC_Gold,35.13,35.19,-0.001706485055757767,0.00023264450203764795,0.005663282588812312
2014-12-31,2014-12-30,SJC_Gold,35.15,35.13,0.0005691519789379207,0.00023264450203764795,0.005663282588812312
2015-01-01,2014-12-31,SJC_Gold,35.13,35.15,-0.0005691519789379207,0.00023264450203764795,0.005663282588812312
2015-01-02,2015-01-01,SJC_Gold,35.15,35.13,0.0005691519789379207,0.00023264450203764795,0.005663282588812312
2015-01-03,2015-01-02,SJC_Gold,35.15,35.15,0.0,0.00023264450203764795,0.005663282588812312
2015-01-04,2015-01-03,SJC_Gold,35.15,35.15,0.0,0.00023264450203764795,0.005663282588812312
2015-01-05,2015-01-04,SJC_Gold,35.17,35.15,0.000568828229217555,0.00023264450203764795,0.005663282588812312
2015-01-06,2015-01-05,SJC_Gold,35.26,35.17,0.002555730483832619,0.00023264450203764795,0.005663282588812312
2015-01-07,2015-01-06,SJC_Gold,35.29,35.26,0.0008504607174546486,0.00023264450203764795,0.005663282588812312
2015-01-08,2015-01-07,SJC_Gold,35.23,35.29,-0.0017016453340326088,0.00023264450203764795,0.005663282588812312
2015-01-09,2015-01-08,SJC_Gold,35.2,35.23,-0.0008519097490946592,0.00023264450203764795,0.005663282588812312
2015-01-10,2015-01-09,SJC_Gold,35.28,35.2,0.002270148534539107,0.00023264450203764795,0.005663282588812312
2015-01-11,2015-01-10,SJC_Gold,35.27,35.28,-0.00028348689062962507,0.00023264450203764795,0.005663282588812312
2015-01-12,2015-01-11,SJC_Gold,35.29,35.27,0.000566893439217786,0.00023264450203764795,0.005663282588812312
2015-01-13,2015-01-12,SJC_Gold,35.37,35.29,0.00226436553021081,0.00023264450203764795,0.005663282588812312
2015-01-14,2015-01-13,SJC_Gold,35.31,35.37,-0.001697793277094295,0.00023264450203764795,0.005663282588812312
2015-01-15,2015-01-14,SJC_Gold,35.28,35.31,-0.0008499788017046761,0.00023264450203764795,0.005663282588812312
2015-01-16,2015-01-15,SJC_Gold,35.47,35.28,0.0053710376469400245,0.00023264450203764795,0.005663282588812312
2015-01-17,2015-01-16,SJC_Gold,35.57,35.47,0.0028153171748335204,0.00023264450203764795,0.005663282588812312
2015-01-18,2015-01-17,SJC_Gold,35.6,35.57,0.0008430518976210166,0.00023264450203764795,0.005663282588812312
2015-01-19,2015-01-18,SJC_Gold,35.57,35.6,-0.0008430518976210166,0.00023264450203764795,0.005663282588812312
2015-01-20,2015-01-19,SJC_Gold,35.54,35.57,-0.0008437632338589296,0.00023264450203764795,0.005663282588812312
2015-01-21,2015-01-20,SJC_Gold,35.84,35.54,0.00840576538022475,0.00023264450203764795,0.005663282588812312
2015-01-22,2015-01-21,SJC_Gold,35.7,35.84,-0.003913899321136505,0.00023264450203764795,0.005663282588812312
2015-01-23,2015-01-22,SJC_Gold,35.7,35.7,0.0,0.00023264450203764795,0.005663282588812312
2015-01-24,2015-01-23,SJC_Gold,35.68,35.7,-0.0005603810737846437,0.00023264450203764795,0.005663282588812312
2015-01-25,2015-01-24,SJC_Gold,35.67,35.68,-0.00028030834100833957,0.00023264450203764795,0.005663282588812312
2015-01-26,2015-01-25,SJC_Gold,35.47,35.67,-0.005622730585269853,0.00023264450203764795,0.005663282588812312
2015-01-27,2015-01-26,SJC_Gold,35.41,35.47,-0.0016930026617183458,0.00023264450203764795,0.005663282588812312
2015-01-28,2015-01-27,SJC_Gold,35.44,35.41,0.0008468596130679629,0.00023264450203764795,0.005663282588812312
2015-01-29,2015-01-28,SJC_Gold,35.42,35.44,-0.0005644933821926656,0.00023264450203764795,0.005663282588812312
2015-01-30,2015-01-29,SJC_Gold,35.33,35.42,-0.002544170983633798,0.00023264450203764795,0.005663282588812312
2015-01-31,2015-01-30,SJC_Gold,35.45,35.33,0.003390791607082999,0.00023264450203764795,0.005663282588812312
2015-02-01,2015-01-31,SJC_Gold,35.43,35.45,-0.0005643341007561808,0.00023264450203764795,0.005663282588812312
2015-02-02,2015-02-01,SJC_Gold,35.36,35.43,-0.0019776811079377232,0.00023264450203764795,0.005663282588812312
2015-02-03,2015-02-02,SJC_Gold,35.36,35.36,0.0,0.00023264450203764795,0.005663282588812312
2015-02-04,2015-02-03,SJC_Gold,35.3,35.36,-0.00169827383019161,0.00023264450203764795,0.005663282588812312
2015-02-05,2015-02-04,SJC_Gold,35.32,35.3,0.0005664117965080706,0.00023264450203764795,0.005663282588812312
2015-02-06,2015-02-05,SJC_Gold,35.34,35.32,0.0005660911557914261,0.00023264450203764795,0.005663282588812312
2015-02-07,2015-02-06,SJC_Gold,35.21,35.34,-0.003685333724589235,0.00023264450203764795,0.005663282588812312
2015-02-08,2015-02-07,SJC_Gold,35.22,35.21,0.00028396990109857967,0.00023264450203764795,0.005663282588812312
2015-02-09,2015-02-08,SJC_Gold,35.3,35.22,0.0022688608711911584,0.00023264450203764795,0.005663282588812312
2015-02-10,2015-02-09,SJC_Gold,35.29,35.3,-0.00028332625207250217,0.00023264450203764795,0.005663282588812312
2015-02-11,2015-02-10,SJC_Gold,35.3,35.29,0.00028332625207250217,0.00023264450203764795,0.005663282588812312
2015-02-12,2015-02-11,SJC_Gold,35.34,35.3,0.0011325029522994967,0.00023264450203764795,0.005663282588812312
2015-02-13,2015-02-12,SJC_Gold,35.43,35.34,0.0025434519858298366,0.00023264450203764795,0.005663282588812312
2015-02-14,2015-02-13,SJC_Gold,35.47,35.43,0.0011283499081500281,0.00023264450203764795,0.005663282588812312
2015-02-15,2015-02-14,SJC_Gold,35.48,35.47,0.000281888655848217,0.00023264450203764795,0.005663282588812312
2015-02-16,2015-02-15,SJC_Gold,35.78,35.48,0.008419920639194611,0.00023264450203764795,0.005663282588812312
2015-02-17,2015-02-16,SJC_Gold,35.8,35.78,0.0005588153260811524,0.00023264450203764795,0.005663282588812312
2015-02-18,2015-02-17,SJC_Gold,35.8,35.8,0.0,0.00023264450203764795,0.005663282588812312
2015-02-19,2015-02-18,SJC_Gold,35.8,35.8,0.0,0.00023264450203764795,0.005663282588812312
2015-02-20,2015-02-19,SJC_Gold,35.8,35.8,0.0,0.00023264450203764795,0.005663282588812312
2015-02-21,2015-02-20,SJC_Gold,35.8,35.8,0.0,0.00023264450203764795,0.005663282588812312
2015-02-22,2015-02-21,SJC_Gold,35.8,35.8,0.0,0.00023264450203764795,0.005663282588812312
2015-02-23,2015-02-22,SJC_Gold,35.8,35.8,0.0,0.00023264450203764795,0.005663282588812312
2015-02-24,2015-02-23,SJC_Gold,35.36,35.8,-0.012366655637211732,0.00023264450203764795,0.005663282588812312
2015-02-25,2015-02-24,SJC_Gold,35.47,35.36,0.0031060310160877513,0.00023264450203764795,0.005663282588812312
2015-02-26,2015-02-25,SJC_Gold,35.67,35.47,0.005622730585269853,0.00023264450203764795,0.005663282588812312
2015-02-27,2015-02-26,SJC_Gold,35.56,35.67,-0.0030885887250962085,0.00023264450203764795,0.005663282588812312
2015-02-28,2015-02-27,SJC_Gold,35.7,35.56,0.003929278139889192,0.00023264450203764795,0.005663282588812312
2015-03-01,2015-02-28,SJC_Gold,35.65,35.7,-0.0014015419252881856,0.00023264450203764795,0.005663282588812312
2015-03-02,2015-03-01,SJC_Gold,35.53,35.65,-0.0033717368273693538,0.00023264450203764795,0.005663282588812312
2015-03-03,2015-03-02,SJC_Gold,35.46,35.53,-0.001972109386874088,0.00023264450203764795,0.005663282588812312
2015-03-04,2015-03-03,SJC_Gold,35.43,35.46,-0.0008463817686812369,0.00023264450203764795,0.005663282588812312
2015-03-05,2015-03-04,SJC_Gold,35.38,35.43,-0.0014122301457413222,0.00023264450203764795,0.005663282588812312
2015-03-06,2015-03-05,SJC_Gold,35.38,35.38,0.0,0.00023264450203764795,0.005663282588812312
2015-03-07,2015-03-06,SJC_Gold,35.26,35.38,-0.003397511761915162,0.00023264450203764795,0.005663282588812312
2015-03-08,2015-03-07,SJC_Gold,35.25,35.26,-0.00028364771144628875,0.00023264450203764795,0.005663282588812312
2015-03-09,2015-03-08,SJC_Gold,35.3,35.25,0.0014174346809734395,0.00023264450203764795,0.005663282588812312
2015-03-10,2015-03-09,SJC_Gold,35.26,35.3,-0.0011337869695271507,0.00023264450203764795,0.005663282588812312
2015-03-11,2015-03-10,SJC_Gold,35.29,35.26,0.0008504607174546486,0.00023264450203764795,0.005663282588812312
2015-03-12,2015-03-11,SJC_Gold,35.31,35.29,0.0005665722531165152,0.00023264450203764795,0.005663282588812312
2015-03-13,2015-03-12,SJC_Gold,35.33,35.31,0.000566251430758502,0.00023264450203764795,0.005663282588812312
2015-03-14,2015-03-13,SJC_Gold,35.4,35.33,0.0019793587686751657,0.00023264450203764795,0.005663282588812312
2015-03-15,2015-03-14,SJC_Gold,35.42,35.4,0.0005648122149586321,0.00023264450203764795,0.005663282588812312
2015-03-16,2015-03-15,SJC_Gold,35.36,35.42,-0.0016953945852447028,0.00023264450203764795,0.005663282588812312
2015-03-17,2015-03-16,SJC_Gold,35.31,35.36,-0.001415027829147597,0.00023264450203764795,0.005663282588812312
2015-03-18,2015-03-17,SJC_Gold,35.27,35.31,-0.0011334656923343012,0.00023264450203764795,0.005663282588812312
2015-03-19,2015-03-18,SJC_Gold,35.32,35.27,0.0014166314877983588,0.00023264450203764795,0.005663282588812312
2015-03-20,2015-03-19,SJC_Gold,35.34,35.32,0.0005660911557914261,0.00023264450203764795,0.005663282588812312
2015-03-21,2015-03-20,SJC_Gold,35.39,35.34,0.0014138274658215266,0.00023264450203764795,0.005663282588812312
2015-03-22,2015-03-21,SJC_Gold,35.38,35.39,-0.0002826056257330123,0.00023264450203764795,0.005663282588812312
2015-03-23,2015-03-22,SJC_Gold,35.35,35.38,-0.000848296389057257,0.00023264450203764795,0.005663282588812312
2015-03-24,2015-03-23,SJC_Gold,35.35,35.35,0.0,0.00023264450203764795,0.005663282588812312
2015-03-25,2015-03-24,SJC_Gold,35.35,35.35,0.0,0.00023264450203764795,0.005663282588812312
2015-03-26,2015-03-25,SJC_Gold,35.38,35.35,0.000848296389057257,0.00023264450203764795,0.005663282588812312
2015-03-27,2015-03-26,SJC_Gold,35.34,35.38,-0.0011312218400885143,0.00023264450203764795,0.005663282588812312
2015-03-28,2015-03-27,SJC_Gold,35.33,35.34,-0.0002830055204969817,0.00023264450203764795,0.005663282588812312
2015-03-29,2015-03-28,SJC_Gold,35.33,35.33,0.0,0.00023264450203764795,0.005663282588812312
2015-03-30,2015-03-29,SJC_Gold,35.23,35.33,-0.002834469017907626,0.00023264450203764795,0.005663282588812312
2015-03-31,2015-03-30,SJC_Gold,35.18,35.23,-0.0014202530437339433,0.00023264450203764795,0.005663282588812312
2015-04-01,2015-03-31,SJC_Gold,35.21,35.18,0.0008523938575493162,0.00023264450203764795,0.005663282588812312
2015-04-02,2015-04-01,SJC_Gold,35.28,35.21,0.001986097971629075,0.00023264450203764795,0.005663282588812312
2015-04-03,2015-04-02,SJC_Gold,35.25,35.28,-0.0008507018803127764,0.00023264450203764795,0.005663282588812312
2015-04-04,2015-04-03,SJC_Gold,35.32,35.25,0.00198384647748151,0.00023264450203764795,0.005663282588812312
2015-04-05,2015-04-04,SJC_Gold,35.31,35.32,-0.0002831657954640576,0.00023264450203764795,0.005663282588812312
2015-04-06,2015-04-05,SJC_Gold,35.37,35.31,0.001697793277094295,0.00023264450203764795,0.005663282588812312
2015-04-07,2015-04-06,SJC_Gold,35.29,35.37,-0.00226436553021081,0.00023264450203764795,0.005663282588812312
2015-04-08,2015-04-07,SJC_Gold,35.27,35.29,-0.000566893439217786,0.00023264450203764795,0.005663282588812312
2015-04-09,2015-04-08,SJC_Gold,35.22,35.27,-0.0014186411799008702,0.00023264450203764795,0.005663282588812312
2015-04-10,2015-04-09,SJC_Gold,35.25,35.22,0.0008514261902177189,0.00023264450203764795,0.005663282588812312
2015-04-11,2015-04-10,SJC_Gold,35.26,35.25,0.00028364771144628875,0.00023264450203764795,0.005663282588812312
2015-04-12,2015-04-11,SJC_Gold,35.27,35.26,0.00028356727823686256,0.00023264450203764795,0.005663282588812312
2015-04-13,2015-04-12,SJC_Gold,35.23,35.27,-0.0011347518948148227,0.00023264450203764795,0.005663282588812312
2015-04-14,2015-04-13,SJC_Gold,35.2,35.23,-0.0008519097490946592,0.00023264450203764795,0.005663282588812312
2015-04-15,2015-04-14,SJC_Gold,35.2,35.2,0.0,0.00023264450203764795,0.005663282588812312
2015-04-16,2015-04-15,SJC_Gold,35.22,35.2,0.0005680204640086117,0.00023264450203764795,0.005663282588812312
2015-04-17,2015-04-16,SJC_Gold,35.2,35.22,-0.0005680204640086117,0.00023264450203764795,0.005663282588812312
2015-04-18,2015-04-17,SJC_Gold,35.19,35.2,-0.00028413127055770815,0.00023264450203764795,0.005663282588812312
2015-04-19,2015-04-18,SJC_Gold,35.2,35.19,0.00028413127055770815,0.00023264450203764795,0.005663282588812312
2015-04-20,2015-04-19,SJC_Gold,35.16,35.2,-0.001137009787075094,0.00023264450203764795,0.005663282588812312
2015-04-21,2015-04-20,SJC_Gold,35.09,35.16,-0.001992883221852537,0.00023264450203764795,0.005663282588812312
2015-04-22,2015-04-21,SJC_Gold,35.13,35.09,0.0011392766826121559,0.00023264450203764795,0.005663282588812312
2015-04-23,2015-04-22,SJC_Gold,35.07,35.13,-0.0017094021256491843,0.00023264450203764795,0.005663282588812312
2015-04-24,2015-04-23,SJC_Gold,35.11,35.07,0.0011399260282543011,0.00023264450203764795,0.005663282588812312
2015-04-25,2015-04-24,SJC_Gold,35.07,35.11,-0.0011399260282543011,0.00023264450203764795,0.005663282588812312
2015-04-26,2015-04-25,SJC_Gold,35.06,35.07,-0.00028518465899818324,0.00023264450203764795,0.005663282588812312
2015-04-27,2015-04-26,SJC_Gold,35.09,35.06,0.0008553101020352116,0.00023264450203764795,0.005663282588812312
2015-04-28,2015-04-27,SJC_Gold,35.07,35.09,-0.0005701254430370284,0.00023264450203764795,0.005663282588812312
2015-04-29,2015-04-28,SJC_Gold,35.07,35.07,0.0,0.00023264450203764795,0.005663282588812312
2015-04-30,2015-04-29,SJC_Gold,35.07,35.07,0.0,0.00023264450203764795,0.005663282588812312
2015-05-01,2015-04-30,SJC_Gold,35.07,35.07,0.0,0.00023264450203764795,0.005663282588812312
2015-05-02,2015-05-01,SJC_Gold,35.07,35.07,0.0,0.00023264450203764795,0.005663282588812312
2015-05-03,2015-05-02,SJC_Gold,35.13,35.07,0.0017094021256491843,0.00023264450203764795,0.005663282588812312
2015-05-04,2015-05-03,SJC_Gold,35.04,35.13,-0.002565200209545093,0.00023264450203764795,0.005663282588812312
2015-05-05,2015-05-04,SJC_Gold,34.99,35.04,-0.0014279596885939938,0.00023264450203764795,0.005663282588812312
2015-05-06,2015-05-05,SJC_Gold,35.03,34.99,0.0011425308297985382,0.00023264450203764795,0.005663282588812312
2015-05-07,2015-05-06,SJC_Gold,35.04,35.03,0.00028542885879545565,0.00023264450203764795,0.005663282588812312
2015-05-08,2015-05-07,SJC_Gold,35.03,35.04,-0.00028542885879545565,0.00023264450203764795,0.005663282588812312
2015-05-09,2015-05-08,SJC_Gold,35.06,35.03,0.0008560422836931814,0.00023264450203764795,0.005663282588812312
2015-05-10,2015-05-09,SJC_Gold,35.04,35.06,-0.0005706134248977257,0.00023264450203764795,0.005663282588812312
2015-05-11,2015-05-10,SJC_Gold,35.04,35.04,0.0,0.00023264450203764795,0.005663282588812312
2015-05-12,2015-05-11,SJC_Gold,35.0,35.04,-0.0011422045787772284,0.00023264450203764795,0.005663282588812312
2015-05-13,2015-05-12,SJC_Gold,35.04,35.0,0.0011422045787772284,0.00023264450203764795,0.005663282588812312
2015-05-14,2015-05-13,SJC_Gold,35.1,35.04,0.0017108644036292198,0.00023264450203764795,0.005663282588812312
2015-05-15,2015-05-14,SJC_Gold,35.09,35.1,-0.00028494087669628243,0.00023264450203764795,0.005663282588812312
2015-05-16,2015-05-15,SJC_Gold,35.11,35.09,0.0005698005852172727,0.00023264450203764795,0.005663282588812312
2015-05-17,2015-05-16,SJC_Gold,35.1,35.11,-0.0002848597085209903,0.00023264450203764795,0.005663282588812312
2015-05-18,2015-05-17,SJC_Gold,35.1,35.1,0.0,0.00023264450203764795,0.005663282588812312
2015-05-19,2015-05-18,SJC_Gold,35.03,35.1,-0.0019962932624246754,0.00023264450203764795,0.005663282588812312
2015-05-20,2015-05-19,SJC_Gold,35.02,35.03,-0.0002855103516892221,0.00023264450203764795,0.005663282588812312
2015-05-21,2015-05-20,SJC_Gold,35.02,35.02,0.0,0.00023264450203764795,0.005663282588812312
2015-05-22,2015-05-21,SJC_Gold,35.1,35.02,0.0022818036141138975,0.00023264450203764795,0.005663282588812312
2015-05-23,2015-05-22,SJC_Gold,34.98,35.1,-0.003424660881364172,0.00023264450203764795,0.005663282588812312
2015-05-24,2015-05-23,SJC_Gold,34.99,34.98,0.00028583678914095856,0.00023264450203764795,0.005663282588812312
2015-05-25,2015-05-24,SJC_Gold,34.98,34.99,-0.00028583678914095856,0.00023264450203764795,0.005663282588812312
2015-05-26,2015-05-25,SJC_Gold,34.95,34.98,-0.0008580009106364805,0.00023264450203764795,0.005663282588812312
2015-05-27,2015-05-26,SJC_Gold,34.91,34.95,-0.0011451475628745378,0.00023264450203764795,0.005663282588812312
2015-05-28,2015-05-27,SJC_Gold,34.91,34.91,0.0,0.00023264450203764795,0.005663282588812312
2015-05-29,2015-05-28,SJC_Gold,34.93,34.91,0.000572737701795667,0.00023264450203764795,0.005663282588812312
2015-05-30,2015-05-29,SJC_Gold,34.94,34.93,0.00028624588717018895,0.00023264450203764795,0.005663282588812312
2015-05-31,2015-05-30,SJC_Gold,34.95,34.94,0.00028616397390868187,0.00023264450203764795,0.005663282588812312
2015-06-01,2015-05-31,SJC_Gold,34.94,34.95,-0.00028616397390868187,0.00023264450203764795,0.005663282588812312
2015-06-02,2015-06-01,SJC_Gold,34.9,34.94,-0.0011454754975290804,0.00023264450203764795,0.005663282588812312
2015-06-03,2015-06-02,SJC_Gold,34.94,34.9,0.0011454754975290804,0.00023264450203764795,0.005663282588812312
2015-06-04,2015-06-03,SJC_Gold,34.87,34.94,-0.0020054440183510103,0.00023264450203764795,0.005663282588812312
2015-06-05,2015-06-04,SJC_Gold,34.83,34.87,-0.001147776309649906,0.00023264450203764795,0.005663282588812312
2015-06-06,2015-06-05,SJC_Gold,34.82,34.83,-0.00028715003786672355,0.00023264450203764795,0.005663282588812312
2015-06-07,2015-06-06,SJC_Gold,34.81,34.82,-0.0002872325166953793,0.00023264450203764795,0.005663282588812312
2015-06-08,2015-06-07,SJC_Gold,34.78,34.81,-0.0008621928972107895,0.00023264450203764795,0.005663282588812312
2015-06-09,2015-06-08,SJC_Gold,34.76,34.78,-0.0005752085289456588,0.00023264450203764795,0.005663282588812312
2015-06-10,2015-06-09,SJC_Gold,34.73,34.76,-0.0008634336412085553,0.00023264450203764795,0.005663282588812312
2015-06-11,2015-06-10,SJC_Gold,34.73,34.73,0.0,0.00023264450203764795,0.005663282588812312
2015-06-12,2015-06-11,SJC_Gold,34.74,34.73,0.0002878940569761568,0.00023264450203764795,0.005663282588812312
2015-06-13,2015-06-12,SJC_Gold,34.73,34.74,-0.0002878940569761568,0.00023264450203764795,0.005663282588812312
2015-06-14,2015-06-13,SJC_Gold,34.74,34.73,0.0002878940569761568,0.00023264450203764795,0.005663282588812312
2015-06-15,2015-06-14,SJC_Gold,34.73,34.74,-0.0002878940569761568,0.00023264450203764795,0.005663282588812312
2015-06-16,2015-06-15,SJC_Gold,34.74,34.73,0.0002878940569761568,0.00023264450203764795,0.005663282588812312
2015-06-17,2015-06-16,SJC_Gold,34.72,34.74,-0.0005758710208092488,0.00023264450203764795,0.005663282588812312
2015-06-18,2015-06-17,SJC_Gold,34.73,34.72,0.000287976963833092,0.00023264450203764795,0.005663282588812312
2015-06-19,2015-06-18,SJC_Gold,34.77,34.73,0.0011510792637876577,0.00023264450203764795,0.005663282588812312
2015-06-20,2015-06-19,SJC_Gold,34.76,34.77,-0.0002876456225791024,0.00023264450203764795,0.005663282588812312
2015-06-21,2015-06-20,SJC_Gold,34.76,34.76,0.0,0.00023264450203764795,0.005663282588812312
2015-06-22,2015-06-21,SJC_Gold,34.69,34.76,-0.0020158394155327386,0.00023264450203764795,0.005663282588812312
2015-06-23,2015-06-22,SJC_Gold,34.58,34.69,-0.0031759807265139273,0.00023264450203764795,0.005663282588812312
2015-06-24,2015-06-23,SJC_Gold,34.45,34.58,-0.0037664827954766444,0.00023264450203764795,0.005663282588812312
2015-06-25,2015-06-24,SJC_Gold,34.4,34.45,-0.0014524330803151742,0.00023264450203764795,0.005663282588812312
2015-06-26,2015-06-25,SJC_Gold,34.4,34.4,0.0,0.00023264450203764795,0.005663282588812312
2015-06-27,2015-06-26,SJC_Gold,34.43,34.4,0.0008717129710795746,0.00023264450203764795,0.005663282588812312
2015-06-28,2015-06-27,SJC_Gold,34.43,34.43,0.0,0.00023264450203764795,0.005663282588812312
2015-06-29,2015-06-28,SJC_Gold,34.46,34.43,0.0008709537493514219,0.00023264450203764795,0.005663282588812312
2015-06-30,2015-06-29,SJC_Gold,34.46,34.46,0.0,0.00023264450203764795,0.005663282588812312
2015-07-01,2015-06-30,SJC_Gold,34.42,34.46,-0.0011614403163902054,0.00023264450203764795,0.005663282588812312
2015-07-02,2015-07-01,SJC_Gold,34.34,34.42,-0.002326935314064027,0.00023264450203764795,0.005663282588812312
2015-07-03,2015-07-02,SJC_Gold,34.34,34.34,0.0,0.00023264450203764795,0.005663282588812312
2015-07-04,2015-07-03,SJC_Gold,34.35,34.34,0.00029116319902877663,0.00023264450203764795,0.005663282588812312
2015-07-05,2015-07-04,SJC_Gold,34.35,34.35,0.0,0.00023264450203764795,0.005663282588812312
2015-07-06,2015-07-05,SJC_Gold,34.32,34.35,-0.0008737440485968584,0.00023264450203764795,0.005663282588812312
2015-07-07,2015-07-06,SJC_Gold,34.3,34.32,-0.0005829204478673411,0.00023264450203764795,0.005663282588812312
2015-07-08,2015-07-07,SJC_Gold,34.13,34.3,-0.004968591253278198,0.00023264450203764795,0.005663282588812312
2015-07-09,2015-07-08,SJC_Gold,34.06,34.13,-0.002053087684073418,0.00023264450203764795,0.005663282588812312
2015-07-10,2015-07-09,SJC_Gold,34.04,34.06,-0.0005873715293689408,0.00023264450203764795,0.005663282588812312
2015-07-11,2015-07-10,SJC_Gold,34.07,34.04,0.0008809279677017834,0.00023264450203764795,0.005663282588812312
2015-07-12,2015-07-11,SJC_Gold,34.07,34.07,0.0,0.00023264450203764795,0.005663282588812312
2015-07-13,2015-07-12,SJC_Gold,34.0,34.07,-0.0020567070567136803,0.00023264450203764795,0.005663282588812312
2015-07-14,2015-07-13,SJC_Gold,33.94,34.0,-0.0017662648100813527,0.00023264450203764795,0.005663282588812312
2015-07-15,2015-07-14,SJC_Gold,33.73,33.94,-0.0062066107325216,0.00023264450203764795,0.005663282588812312
2015-07-16,2015-07-15,SJC_Gold,33.02,33.73,-0.021274210581576636,0.00023264450203764795,0.005663282588812312
2015-07-17,2015-07-16,SJC_Gold,33.5,33.02,0.014432000339038797,0.00023264450203764795,0.005663282588812312
2015-07-18,2015-07-17,SJC_Gold,33.3,33.5,-0.00598804184462276,0.00023264450203764795,0.005663282588812312
2015-07-19,2015-07-18,SJC_Gold,33.3,33.3,0.0,0.00023264450203764795,0.005663282588812312
2015-07-20,2015-07-19,SJC_Gold,33.2,33.3,-0.0030075210639548544,0.00023264450203764795,0.005663282588812312
2015-07-21,2015-07-20,SJC_Gold,33.18,33.2,-0.0006025911601446055,0.00023264450203764795,0.005663282588812312
2015-07-22,2015-07-21,SJC_Gold,33.1,33.18,-0.0024140023792811327,0.00023264450203764795,0.005663282588812312
2015-07-23,2015-07-22,SJC_Gold,33.2,33.1,0.003016593539425738,0.00023264450203764795,0.005663282588812312
2015-07-24,2015-07-23,SJC_Gold,33.06,33.2,-0.0042257835295651525,0.00023264450203764795,0.005663282588812312
2015-07-25,2015-07-24,SJC_Gold,33.18,33.06,0.003623192369420547,0.00023264450203764795,0.005663282588812312
2015-07-26,2015-07-25,SJC_Gold,33.18,33.18,0.0,0.00023264450203764795,0.005663282588812312
2015-07-27,2015-07-26,SJC_Gold,33.09,33.18,-0.002716162828777513,0.00023264450203764795,0.005663282588812312
2015-07-28,2015-07-27,SJC_Gold,33.05,33.09,-0.0012095556358260318,0.00023264450203764795,0.005663282588812312
2015-07-29,2015-07-28,SJC_Gold,33.08,33.05,0.0009073038577955828,0.00023264450203764795,0.005663282588812312
2015-07-30,2015-07-29,SJC_Gold,33.05,33.08,-0.0009073038577955828,0.00023264450203764795,0.005663282588812312
2015-07-31,2015-07-30,SJC_Gold,33.04,33.05,-0.0003026176449179019,0.00023264450203764795,0.005663282588812312
2015-08-01,2015-07-31,SJC_Gold,33.12,33.04,0.0024183808642819216,0.00023264450203764795,0.005663282588812312
2015-08-02,2015-08-01,SJC_Gold,33.12,33.12,0.0,0.00023264450203764795,0.005663282588812312
2015-08-03,2015-08-02,SJC_Gold,33.03,33.12,-0.0027210901143606137,0.00023264450203764795,0.005663282588812312
2015-08-04,2015-08-03,SJC_Gold,32.96,33.03,-0.0021215343614273685,0.00023264450203764795,0.005663282588812312
2015-08-05,2015-08-04,SJC_Gold,32.92,32.96,-0.001214329232401834,0.00023264450203764795,0.005663282588812312
2015-08-06,2015-08-05,SJC_Gold,32.87,32.92,-0.0015199881327414566,0.00023264450203764795,0.005663282588812312
2015-08-07,2015-08-06,SJC_Gold,32.9,32.87,0.000912270095198231,0.00023264450203764795,0.005663282588812312
2015-08-08,2015-08-07,SJC_Gold,32.9,32.9,0.0,0.00023264450203764795,0.005663282588812312
2015-08-09,2015-08-08,SJC_Gold,32.9,32.9,0.0,0.00023264450203764795,0.005663282588812312
2015-08-10,2015-08-09,SJC_Gold,32.92,32.9,0.0006077180375432256,0.00023264450203764795,0.005663282588812312
2015-08-11,2015-08-10,SJC_Gold,33.06,32.92,0.004243716584008794,0.00023264450203764795,0.005663282588812312
2015-08-12,2015-08-11,SJC_Gold,33.72,33.06,0.019767040740776842,0.00023264450203764795,0.005663282588812312
2015-08-13,2015-08-12,SJC_Gold,34.8,33.72,0.03152625364677375,0.00023264450203764795,0.005663282588812312
2015-08-14,2015-08-13,SJC_Gold,34.2,34.8,-0.01739174271186883,0.00023264450203764795,0.005663282588812312
2015-08-15,2015-08-14,SJC_Gold,34.25,34.2,0.0014609206396745122,0.00023264450203764795,0.005663282588812312
2015-08-16,2015-08-15,SJC_Gold,34.25,34.25,0.0,0.00023264450203764795,0.005663282588812312
2015-08-17,2015-08-16,SJC_Gold,34.18,34.25,-0.0020458870207895608,0.00023264450203764795,0.005663282588812312
2015-08-18,2015-08-17,SJC_Gold,34.1,34.18,-0.002343293397973678,0.00023264450203764795,0.005663282588812312
2015-08-19,2015-08-18,SJC_Gold,34.6,34.1,0.01455629777420775,0.00023264450203764795,0.005663282588812312
2015-08-20,2015-08-19,SJC_Gold,34.55,34.6,-0.0014461318499998654,0.00023264450203764795,0.005663282588812312
2015-08-21,2015-08-20,SJC_Gold,35.3,34.55,0.021475413725572157,0.00023264450203764795,0.005663282588812312
2015-08-22,2015-08-21,SJC_Gold,35.3,35.3,0.0,0.00023264450203764795,0.005663282588812312
2015-08-23,2015-08-22,SJC_Gold,35.3,35.3,0.0,0.00023264450203764795,0.005663282588812312
2015-08-24,2015-08-23,SJC_Gold,35.3,35.3,0.0,0.00023264450203764795,0.005663282588812312
2015-08-25,2015-08-24,SJC_Gold,35.15,35.3,-0.004258345682577325,0.00023264450203764795,0.005663282588812312
2015-08-26,2015-08-25,SJC_Gold,34.5,35.15,-0.018665294219359474,0.00023264450203764795,0.005663282588812312
2015-08-27,2015-08-26,SJC_Gold,34.25,34.5,-0.007272759329080003,0.00023264450203764795,0.005663282588812312
2015-08-28,2015-08-27,SJC_Gold,34.45,34.25,0.0058224327514335705,0.00023264450203764795,0.005663282588812312
2015-08-29,2015-08-28,SJC_Gold,34.55,34.45,0.0028985527540110745,0.00023264450203764795,0.005663282588812312
2015-08-30,2015-08-29,SJC_Gold,34.55,34.55,0.0,0.00023264450203764795,0.005663282588812312
2015-08-31,2015-08-30,SJC_Gold,34.4,34.55,-0.004350985834326249,0.00023264450203764795,0.005663282588812312
2015-09-01,2015-08-31,SJC_Gold,34.45,34.4,0.0014524330803151742,0.00023264450203764795,0.005663282588812312
2015-09-02,2015-09-01,SJC_Gold,34.45,34.45,0.0,0.00023264450203764795,0.005663282588812312
2015-09-03,2015-09-02,SJC_Gold,34.25,34.45,-0.0058224327514335705,0.00023264450203764795,0.005663282588812312
2015-09-04,2015-09-03,SJC_Gold,34.21,34.25,-0.0011685657187210374,0.00023264450203764795,0.005663282588812312
2015-09-05,2015-09-04,SJC_Gold,34.21,34.21,0.0,0.00023264450203764795,0.005663282588812312
2015-09-06,2015-09-05,SJC_Gold,34.21,34.21,0.0,0.00023264450203764795,0.005663282588812312
2015-09-07,2015-09-06,SJC_Gold,34.18,34.21,-0.0008773213020685233,0.00023264450203764795,0.005663282588812312
2015-09-08,2015-09-07,SJC_Gold,34.13,34.18,-0.0014639147688289,0.00023264450203764795,0.005663282588812312
2015-09-09,2015-09-08,SJC_Gold,34.17,34.13,0.0011713032085847175,0.00023264450203764795,0.005663282588812312
2015-09-10,2015-09-09,SJC_Gold,34.1,34.17,-0.0020506818377294955,0.00023264450203764795,0.005663282588812312
2015-09-11,2015-09-10,SJC_Gold,34.13,34.1,0.000879378629144778,0.00023264450203764795,0.005663282588812312
2015-09-12,2015-09-11,SJC_Gold,34.13,34.13,0.0,0.00023264450203764795,0.005663282588812312
2015-09-13,2015-09-12,SJC_Gold,34.13,34.13,0.0,0.00023264450203764795,0.005663282588812312
2015-09-14,2015-09-13,SJC_Gold,34.06,34.13,-0.002053087684073418,0.00023264450203764795,0.005663282588812312
2015-09-15,2015-09-14,SJC_Gold,34.07,34.06,0.0002935564383328426,0.00023264450203764795,0.005663282588812312
2015-09-16,2015-09-15,SJC_Gold,34.08,34.07,0.00029347028823956123,0.00023264450203764795,0.005663282588812312
2015-09-17,2015-09-16,SJC_Gold,34.16,34.08,0.0023446669592543934,0.00023264450203764795,0.005663282588812312
2015-09-18,2015-09-17,SJC_Gold,34.27,34.16,0.003214966966148314,0.00023264450203764795,0.005663282588812312
2015-09-19,2015-09-18,SJC_Gold,34.29,34.27,0.000583430588311451,0.00023264450203764795,0.005663282588812312
2015-09-20,2015-09-19,SJC_Gold,34.29,34.29,0.0,0.00023264450203764795,0.005663282588812312
2015-09-21,2015-09-20,SJC_Gold,34.25,34.29,-0.0011672017665946832,0.00023264450203764795,0.005663282588812312
2015-09-22,2015-09-21,SJC_Gold,34.14,34.25,-0.0032168473419398325,0.00023264450203764795,0.005663282588812312
2015-09-23,2015-09-22,SJC_Gold,34.05,34.14,-0.002639684770773254,0.00023264450203764795,0.005663282588812312
2015-09-24,2015-09-23,SJC_Gold,34.1,34.05,0.0014673516939498477,0.00023264450203764795,0.005663282588812312
2015-09-25,2015-09-24,SJC_Gold,34.14,34.1,0.0011723330768234064,0.00023264450203764795,0.005663282588812312
2015-09-26,2015-09-25,SJC_Gold,34.15,34.14,0.00029286865050437427,0.00023264450203764795,0.005663282588812312
2015-09-27,2015-09-26,SJC_Gold,34.15,34.15,0.0,0.00023264450203764795,0.005663282588812312
2015-09-28,2015-09-27,SJC_Gold,33.98,34.15,-0.004990469773012762,0.00023264450203764795,0.005663282588812312
2015-09-29,2015-09-28,SJC_Gold,33.88,33.98,-0.0029472464599322734,0.00023264450203764795,0.005663282588812312
2015-09-30,2015-09-29,SJC_Gold,33.9,33.88,0.0005901446025506907,0.00023264450203764795,0.005663282588812312
2015-10-01,2015-09-30,SJC_Gold,33.84,33.9,-0.0017714796483816464,0.00023264450203764795,0.005663282588812312
2015-10-02,2015-10-01,SJC_Gold,33.81,33.84,-0.0008869180182280445,0.00023264450203764795,0.005663282588812312
2015-10-03,2015-10-02,SJC_Gold,34.0,33.81,0.005603907896366778,0.00023264450203764795,0.005663282588812312
2015-10-04,2015-10-03,SJC_Gold,34.0,34.0,0.0,0.00023264450203764795,0.005663282588812312
2015-10-05,2015-10-04,SJC_Gold,33.91,34.0,-0.0026505684786144457,0.00023264450203764795,0.005663282588812312
2015-10-06,2015-10-05,SJC_Gold,33.87,33.91,-0.0011802893078667331,0.00023264450203764795,0.005663282588812312
2015-10-07,2015-10-06,SJC_Gold,33.92,33.87,0.0014751440940221627,0.00023264450203764795,0.005663282588812312
2015-10-08,2015-10-07,SJC_Gold,33.87,33.92,-0.0014751440940221627,0.00023264450203764795,0.005663282588812312
2015-10-09,2015-10-08,SJC_Gold,33.94,33.87,0.002064592976399826,0.00023264450203764795,0.005663282588812312
2015-10-10,2015-10-09,SJC_Gold,33.96,33.94,0.0005891016370664914,0.00023264450203764795,0.005663282588812312
2015-10-11,2015-10-10,SJC_Gold,33.96,33.96,0.0,0.00023264450203764795,0.005663282588812312
2015-10-12,2015-10-11,SJC_Gold,34.04,33.96,0.002352942262026758,0.00023264450203764795,0.005663282588812312
2015-10-13,2015-10-12,SJC_Gold,33.97,34.04,-0.0020585215326809347,0.00023264450203764795,0.005663282588812312
2015-10-14,2015-10-13,SJC_Gold,34.06,33.97,0.0026458930620498755,0.00023264450203764795,0.005663282588812312
2015-10-15,2015-10-14,SJC_Gold,34.17,34.06,0.0032243908926581355,0.00023264450203764795,0.005663282588812312
2015-10-16,2015-10-15,SJC_Gold,34.12,34.17,-0.0014643435037222652,0.00023264450203764795,0.005663282588812312
2015-10-17,2015-10-16,SJC_Gold,34.08,34.12,-0.0011730206623634665,0.00023264450203764795,0.005663282588812312
2015-10-18,2015-10-17,SJC_Gold,34.08,34.08,0.0,0.00023264450203764795,0.005663282588812312
2015-10-19,2015-10-18,SJC_Gold,33.98,34.08,-0.0029385857173287455,0.00023264450203764795,0.005663282588812312
2015-10-20,2015-10-19,SJC_Gold,33.96,33.98,-0.0005887548006393573,0.00023264450203764795,0.005663282588812312
2015-10-21,2015-10-20,SJC_Gold,33.98,33.96,0.0005887548006393573,0.00023264450203764795,0.005663282588812312
2015-10-22,2015-10-21,SJC_Gold,33.97,33.98,-0.00029433407129353384,0.00023264450203764795,0.005663282588812312
2015-10-23,2015-10-22,SJC_Gold,34.0,33.97,0.0008827424436690379,0.00023264450203764795,0.005663282588812312
2015-10-24,2015-10-23,SJC_Gold,33.96,34.0,-0.0011771631730148613,0.00023264450203764795,0.005663282588812312
2015-10-25,2015-10-24,SJC_Gold,33.96,33.96,0.0,0.00023264450203764795,0.005663282588812312
2015-10-26,2015-10-25,SJC_Gold,33.95,33.96,-0.0002945074384412827,0.00023264450203764795,0.005663282588812312
2015-10-27,2015-10-26,SJC_Gold,33.95,33.95,0.0,0.00023264450203764795,0.005663282588812312
2015-10-28,2015-10-27,SJC_Gold,33.95,33.95,0.0,0.00023264450203764795,0.005663282588812312
2015-10-29,2015-10-28,SJC_Gold,33.87,33.95,-0.002359187175025035,0.00023264450203764795,0.005663282588812312
2015-10-30,2015-10-29,SJC_Gold,33.8,33.87,-0.0020688643407074103,0.00023264450203764795,0.005663282588812312
2015-10-31,2015-10-30,SJC_Gold,33.79,33.8,-0.00029590176277460856,0.00023264450203764795,0.005663282588812312
2015-11-01,2015-10-31,SJC_Gold,33.79,33.79,0.0,0.00023264450203764795,0.005663282588812312
2015-11-02,2015-11-01,SJC_Gold,33.78,33.79,-0.00029598934654417874,0.00023264450203764795,0.005663282588812312
2015-11-03,2015-11-02,SJC_Gold,33.73,33.78,-0.0014812623060955765,0.00023264450203764795,0.005663282588812312
2015-11-04,2015-11-03,SJC_Gold,33.56,33.73,-0.005052767474553299,0.00023264450203764795,0.005663282588812312
2015-11-05,2015-11-04,SJC_Gold,33.38,33.56,-0.005377963365316152,0.00023264450203764795,0.005663282588812312
2015-11-06,2015-11-05,SJC_Gold,33.5,33.38,0.0035885205973316125,0.00023264450203764795,0.005663282588812312
2015-11-07,2015-11-06,SJC_Gold,33.44,33.5,-0.0017926506145200527,0.00023264450203764795,0.005663282588812312
2015-11-08,2015-11-07,SJC_Gold,33.44,33.44,0.0,0.00023264450203764795,0.005663282588812312
2015-11-09,2015-11-08,SJC_Gold,33.44,33.44,0.0,0.00023264450203764795,0.005663282588812312
2015-11-10,2015-11-09,SJC_Gold,33.47,33.44,0.0008967270067343769,0.00023264450203764795,0.005663282588812312
2015-11-11,2015-11-10,SJC_Gold,33.44,33.47,-0.0008967270067343769,0.00023264450203764795,0.005663282588812312
2015-11-12,2015-11-11,SJC_Gold,33.42,33.44,-0.0005982650492528663,0.00023264450203764795,0.005663282588812312
2015-11-13,2015-11-12,SJC_Gold,33.36,33.42,-0.0017969456767019665,0.00023264450203764795,0.005663282588812312
2015-11-14,2015-11-13,SJC_Gold,33.36,33.36,0.0,0.00023264450203764795,0.005663282588812312
2015-11-15,2015-11-14,SJC_Gold,33.36,33.36,0.0,0.00023264450203764795,0.005663282588812312
2015-11-16,2015-11-15,SJC_Gold,33.49,33.36,0.003889309315567413,0.00023264450203764795,0.005663282588812312
2015-11-17,2015-11-16,SJC_Gold,33.42,33.49,-0.0020923636388654465,0.00023264450203764795,0.005663282588812312
2015-11-18,2015-11-17,SJC_Gold,33.3,33.42,-0.003597126180849841,0.00023264450203764795,0.005663282588812312
2015-11-19,2015-11-18,SJC_Gold,33.37,33.3,0.0020998957768845194,0.00023264450203764795,0.005663282588812312
2015-11-20,2015-11-19,SJC_Gold,33.4,33.37,0.0008986072193719608,0.00023264450203764795,0.005663282588812312
2015-11-21,2015-11-20,SJC_Gold,33.38,33.4,-0.0005989817489653326,0.00023264450203764795,0.005663282588812312
2015-11-22,2015-11-21,SJC_Gold,33.38,33.38,0.0,0.00023264450203764795,0.005663282588812312
2015-11-23,2015-11-22,SJC_Gold,33.3,33.38,-0.0023995212472911476,0.00023264450203764795,0.005663282588812312
2015-11-24,2015-11-23,SJC_Gold,33.29,33.3,-0.00030034539946433014,0.00023264450203764795,0.005663282588812312
2015-11-25,2015-11-24,SJC_Gold,33.29,33.29,0.0,0.00023264450203764795,0.005663282588812312
2015-11-26,2015-11-25,SJC_Gold,33.29,33.29,0.0,0.00023264450203764795,0.005663282588812312
2015-11-27,2015-11-26,SJC_Gold,33.25,33.29,-0.0012022844850703152,0.00023264450203764795,0.005663282588812312
2015-11-28,2015-11-27,SJC_Gold,33.21,33.25,-0.0012037317132080894,0.00023264450203764795,0.005663282588812312
2015-11-29,2015-11-28,SJC_Gold,33.21,33.21,0.0,0.00023264450203764795,0.005663282588812312
2015-11-30,2015-11-29,SJC_Gold,33.08,33.21,-0.003922165233164687,0.00023264450203764795,0.005663282588812312
2015-12-01,2015-11-30,SJC_Gold,33.13,33.08,0.0015103461563139575,0.00023264450203764795,0.005663282588812312
2015-12-02,2015-12-01,SJC_Gold,33.09,33.13,-0.0012080943782835085,0.00023264450203764795,0.005663282588812312
2015-12-03,2015-12-02,SJC_Gold,32.95,33.09,-0.004239860985004729,0.00023264450203764795,0.005663282588812312
2015-12-04,2015-12-03,SJC_Gold,33.02,32.95,0.0021221775434656642,0.00023264450203764795,0.005663282588812312
2015-12-05,2015-12-04,SJC_Gold,33.25,33.02,0.006941328609881392,0.00023264450203764795,0.005663282588812312
2015-12-06,2015-12-05,SJC_Gold,33.25,33.25,0.0,0.00023264450203764795,0.005663282588812312
2015-12-07,2015-12-06,SJC_Gold,33.24,33.25,-0.00030079711461583614,0.00023264450203764795,0.005663282588812312
2015-12-08,2015-12-07,SJC_Gold,33.2,33.24,-0.001204094064804373,0.00023264450203764795,0.005663282588812312
2015-12-09,2015-12-08,SJC_Gold,33.24,33.2,0.001204094064804373,0.00023264450203764795,0.005663282588812312
2015-12-10,2015-12-09,SJC_Gold,33.18,33.24,-0.0018066852249489784,0.00023264450203764795,0.005663282588812312
2015-12-11,2015-12-10,SJC_Gold,33.14,33.18,-0.0012062727638815218,0.00023264450203764795,0.005663282588812312
2015-12-12,2015-12-11,SJC_Gold,33.17,33.14,0.0009048409605441066,0.00023264450203764795,0.005663282588812312
2015-12-13,2015-12-12,SJC_Gold,33.17,33.17,0.0,0.00023264450203764795,0.005663282588812312
2015-12-14,2015-12-13,SJC_Gold,33.12,33.17,-0.0015085234419021099,0.00023264450203764795,0.005663282588812312
2015-12-15,2015-12-14,SJC_Gold,33.05,33.12,-0.0021157632193640197,0.00023264450203764795,0.005663282588812312
2015-12-16,2015-12-15,SJC_Gold,33.08,33.05,0.0009073038577955828,0.00023264450203764795,0.005663282588812312
2015-12-17,2015-12-16,SJC_Gold,33.06,33.08,-0.000604777762612585,0.00023264450203764795,0.005663282588812312
2015-12-18,2015-12-17,SJC_Gold,32.99,33.06,-0.0021196071523879034,0.00023264450203764795,0.005663282588812312
2015-12-19,2015-12-18,SJC_Gold,33.05,32.99,0.0018170810572049056,0.00023264450203764795,0.005663282588812312
2015-12-20,2015-12-19,SJC_Gold,33.05,33.05,0.0,0.00023264450203764795,0.005663282588812312
2015-12-21,2015-12-20,SJC_Gold,33.08,33.05,0.0009073038577955828,0.00023264450203764795,0.005663282588812312
2015-12-22,2015-12-21,SJC_Gold,33.08,33.08,0.0,0.00023264450203764795,0.005663282588812312
2015-12-23,2015-12-22,SJC_Gold,33.05,33.08,-0.0009073038577955828,0.00023264450203764795,0.005663282588812312
2015-12-24,2015-12-23,SJC_Gold,33.08,33.05,0.0009073038577955828,0.00023264450203764795,0.005663282588812312
2015-12-25,2015-12-24,SJC_Gold,33.08,33.08,0.0,0.00023264450203764795,0.005663282588812312
2015-12-26,2015-12-25,SJC_Gold,33.08,33.08,0.0,0.00023264450203764795,0.005663282588812312
2015-12-27,2015-12-26,SJC_Gold,33.08,33.08,0.0,0.00023264450203764795,0.005663282588812312
2015-12-28,2015-12-27,SJC_Gold,33.08,33.08,0.0,0.00023264450203764795,0.005663282588812312
2015-12-29,2015-12-28,SJC_Gold,33.08,33.08,0.0,0.00023264450203764795,0.005663282588812312
2015-12-30,2015-12-29,SJC_Gold,33.08,33.08,0.0,0.00023264450203764795,0.005663282588812312
2015-12-31,2015-12-30,SJC_Gold,32.73,33.08,-0.010636781642401338,0.00023264450203764795,0.005663282588812312
2016-01-01,2015-12-31,SJC_Gold,32.73,32.73,0.0,0.00023264450203764795,0.005663282588812312
2016-01-02,2016-01-01,SJC_Gold,32.73,32.73,0.0,0.00023264450203764795,0.005663282588812312
2016-01-03,2016-01-02,SJC_Gold,32.73,32.73,0.0,0.00023264450203764795,0.005663282588812312
2016-01-04,2016-01-03,SJC_Gold,32.92,32.73,0.005788287295779959,0.00023264450203764795,0.005663282588812312
2016-01-05,2016-01-04,SJC_Gold,32.89,32.92,-0.0009117156079034849,0.00023264450203764795,0.005663282588812312
2016-01-06,2016-01-05,SJC_Gold,32.89,32.89,0.0,0.00023264450203764795,0.005663282588812312
2016-01-07,2016-01-06,SJC_Gold,33.02,32.89,0.003944778291016249,0.00023264450203764795,0.005663282588812312
2016-01-08,2016-01-07,SJC_Gold,33.08,33.02,0.0018154316635086154,0.00023264450203764795,0.005663282588812312
2016-01-09,2016-01-08,SJC_Gold,33.14,33.08,0.0018121418429264402,0.00023264450203764795,0.005663282588812312
2016-01-10,2016-01-09,SJC_Gold,33.14,33.14,0.0,0.00023264450203764795,0.005663282588812312
2016-01-11,2016-01-10,SJC_Gold,33.15,33.14,0.0003017046334545803,0.00023264450203764795,0.005663282588812312
2016-01-12,2016-01-11,SJC_Gold,33.06,33.15,-0.0027186242389936055,0.00023264450203764795,0.005663282588812312
2016-01-13,2016-01-12,SJC_Gold,32.88,33.06,-0.005459522204898981,0.00023264450203764795,0.005663282588812312
2016-01-14,2016-01-13,SJC_Gold,32.92,32.88,0.0012158056208901868,0.00023264450203764795,0.005663282588812312
2016-01-15,2016-01-14,SJC_Gold,32.87,32.92,-0.0015199881327414566,0.00023264450203764795,0.005663282588812312
2016-01-16,2016-01-15,SJC_Gold,32.92,32.87,0.0015199881327414566,0.00023264450203764795,0.005663282588812312
2016-01-17,2016-01-16,SJC_Gold,32.92,32.92,0.0,0.00023264450203764795,0.005663282588812312
2016-01-18,2016-01-17,SJC_Gold,32.83,32.92,-0.002737644295367936,0.00023264450203764795,0.005663282588812312
2016-01-19,2016-01-18,SJC_Gold,32.85,32.83,0.000609013417118387,0.00023264450203764795,0.005663282588812312
2016-01-20,2016-01-19,SJC_Gold,32.84,32.85,-0.00030446034639197705,0.00023264450203764795,0.005663282588812312
2016-01-21,2016-01-20,SJC_Gold,32.9,32.84,0.0018253731870983003,0.00023264450203764795,0.005663282588812312
2016-01-22,2016-01-21,SJC_Gold,32.86,32.9,-0.0012165451622041523,0.00023264450203764795,0.005663282588812312
2016-01-23,2016-01-22,SJC_Gold,32.91,32.86,0.0015204503461268004,0.00023264450203764795,0.005663282588812312
2016-01-24,2016-01-23,SJC_Gold,32.91,32.91,0.0,0.00023264450203764795,0.005663282588812312
2016-01-25,2016-01-24,SJC_Gold,32.86,32.91,-0.0015204503461268004,0.00023264450203764795,0.005663282588812312
2016-01-26,2016-01-25,SJC_Gold,32.92,32.86,0.001824263199747378,0.00023264450203764795,0.005663282588812312
2016-01-27,2016-01-26,SJC_Gold,32.95,32.92,0.0009108851396470996,0.00023264450203764795,0.005663282588812312
2016-01-28,2016-01-27,SJC_Gold,32.95,32.95,0.0,0.00023264450203764795,0.005663282588812312
2016-01-29,2016-01-28,SJC_Gold,32.89,32.95,-0.0018226007475505845,0.00023264450203764795,0.005663282588812312
2016-01-30,2016-01-29,SJC_Gold,32.92,32.89,0.0009117156079034849,0.00023264450203764795,0.005663282588812312
2016-01-31,2016-01-30,SJC_Gold,32.92,32.92,0.0,0.00023264450203764795,0.005663282588812312
2016-02-01,2016-01-31,SJC_Gold,32.94,32.92,0.0006073489406248633,0.00023264450203764795,0.005663282588812312
2016-02-02,2016-02-01,SJC_Gold,33.0,32.94,0.0018198367169861562,0.00023264450203764795,0.005663282588812312
2016-02-03,2016-02-02,SJC_Gold,33.07,33.0,0.0021189655272211283,0.00023264450203764795,0.005663282588812312
2016-02-04,2016-02-03,SJC_Gold,33.25,33.07,0.005428240108162008,0.00023264450203764795,0.005663282588812312
2016-02-05,2016-02-04,SJC_Gold,33.38,33.25,0.003902151131825793,0.00023264450203764795,0.005663282588812312
2016-02-06,2016-02-05,SJC_Gold,33.38,33.38,0.0,0.00023264450203764795,0.005663282588812312
2016-02-07,2016-02-06,SJC_Gold,33.38,33.38,0.0,0.00023264450203764795,0.005663282588812312
2016-02-08,2016-02-07,SJC_Gold,33.38,33.38,0.0,0.00023264450203764795,0.005663282588812312
2016-02-09,2016-02-08,SJC_Gold,33.38,33.38,0.0,0.00023264450203764795,0.005663282588812312
2016-02-10,2016-02-09,SJC_Gold,33.38,33.38,0.0,0.00023264450203764795,0.005663282588812312
2016-02-11,2016-02-10,SJC_Gold,33.38,33.38,0.0,0.00023264450203764795,0.005663282588812312
2016-02-12,2016-02-11,SJC_Gold,34.4,33.38,0.030099646145663517,0.00023264450203764795,0.005663282588812312
2016-02-13,2016-02-12,SJC_Gold,34.4,34.4,0.0,0.00023264450203764795,0.005663282588812312
2016-02-14,2016-02-13,SJC_Gold,34.4,34.4,0.0,0.00023264450203764795,0.005663282588812312
2016-02-15,2016-02-14,SJC_Gold,33.73,34.4,-0.019668915305794066,0.00023264450203764795,0.005663282588812312
2016-02-16,2016-02-15,SJC_Gold,33.8,33.73,0.002073153415414364,0.00023264450203764795,0.005663282588812312
2016-02-17,2016-02-16,SJC_Gold,33.58,33.8,-0.006530150839578308,0.00023264450203764795,0.005663282588812312
2016-02-18,2016-02-17,SJC_Gold,33.45,33.58,-0.003878865075157112,0.00023264450203764795,0.005663282588812312
2016-02-19,2016-02-18,SJC_Gold,33.63,33.45,0.005366739177940616,0.00023264450203764795,0.005663282588812312
2016-02-20,2016-02-19,SJC_Gold,33.65,33.63,0.0005945303385583856,0.00023264450203764795,0.005663282588812312
2016-02-21,2016-02-20,SJC_Gold,33.65,33.65,0.0,0.00023264450203764795,0.005663282588812312
2016-02-22,2016-02-21,SJC_Gold,33.42,33.65,-0.006858532923488703,0.00023264450203764795,0.005663282588812312
2016-02-23,2016-02-22,SJC_Gold,33.52,33.42,0.0029877524466344063,0.00023264450203764795,0.005663282588812312
2016-02-24,2016-02-23,SJC_Gold,33.66,33.52,0.0041679131487777354,0.00023264450203764795,0.005663282588812312
2016-02-25,2016-02-24,SJC_Gold,33.65,33.66,-0.00029713267192343906,0.00023264450203764795,0.005663282588812312
2016-02-26,2016-02-25,SJC_Gold,33.6,33.65,-0.001486989121577853,0.00023264450203764795,0.005663282588812312
2016-02-27,2016-02-26,SJC_Gold,33.5,33.6,-0.0029806281381379307,0.00023264450203764795,0.005663282588812312
2016-02-28,2016-02-27,SJC_Gold,33.5,33.5,0.0,0.00023264450203764795,0.005663282588812312
2016-02-29,2016-02-28,SJC_Gold,33.59,33.5,0.002682964793180531,0.00023264450203764795,0.005663282588812312
2016-03-01,2016-02-29,SJC_Gold,33.67,33.59,0.00237882954878188,0.00023264450203764795,0.005663282588812312
2016-03-02,2016-03-01,SJC_Gold,33.54,33.67,-0.00386847677792046,0.00023264450203764795,0.005663282588812312
2016-03-03,2016-03-02,SJC_Gold,33.61,33.54,0.0020848853419517255,0.00023264450203764795,0.005663282588812312
2016-03-04,2016-03-03,SJC_Gold,34.07,33.61,0.013593589935860795,0.00023264450203764795,0.005663282588812312
2016-03-05,2016-03-04,SJC_Gold,34.03,34.07,-0.0011747431600608316,0.00023264450203764795,0.005663282588812312
2016-03-06,2016-03-05,SJC_Gold,34.03,34.03,0.0,0.00023264450203764795,0.005663282588812312
2016-03-07,2016-03-06,SJC_Gold,34.05,34.03,0.0005875440827067813,0.00023264450203764795,0.005663282588812312
2016-03-08,2016-03-07,SJC_Gold,34.15,34.05,0.0029325534212776283,0.00023264450203764795,0.005663282588812312
2016-03-09,2016-03-08,SJC_Gold,33.93,34.15,-0.006463007220660177,0.00023264450203764795,0.005663282588812312
2016-03-10,2016-03-09,SJC_Gold,33.8,33.93,-0.00383877630716567,0.00023264450203764795,0.005663282588812312
2016-03-11,2016-03-10,SJC_Gold,34.03,33.8,0.006781686023841438,0.00023264450203764795,0.005663282588812312
2016-03-12,2016-03-11,SJC_Gold,33.92,34.03,-0.0032376775891118648,0.00023264450203764795,0.005663282588812312
2016-03-13,2016-03-12,SJC_Gold,33.92,33.92,0.0,0.00023264450203764795,0.005663282588812312
2016-03-14,2016-03-13,SJC_Gold,33.96,33.92,0.0011785505194441548,0.00023264450203764795,0.005663282588812312
2016-03-15,2016-03-14,SJC_Gold,33.78,33.96,-0.005314450063492515,0.00023264450203764795,0.005663282588812312
2016-03-16,2016-03-15,SJC_Gold,33.7,33.78,-0.002371074021338071,0.00023264450203764795,0.005663282588812312
2016-03-17,2016-03-16,SJC_Gold,33.92,33.7,0.006506973565386431,0.00023264450203764795,0.005663282588812312
2016-03-18,2016-03-17,SJC_Gold,33.87,33.92,-0.0014751440940221627,0.00023264450203764795,0.005663282588812312
2016-03-19,2016-03-18,SJC_Gold,33.88,33.87,0.00029520295417340137,0.00023264450203764795,0.005663282588812312
2016-03-20,2016-03-19,SJC_Gold,33.88,33.88,0.0,0.00023264450203764795,0.005663282588812312
2016-03-21,2016-03-20,SJC_Gold,33.72,33.88,-0.004733736650198939,0.00023264450203764795,0.005663282588812312
2016-03-22,2016-03-21,SJC_Gold,33.75,33.72,0.0008892841848839872,0.00023264450203764795,0.005663282588812312
2016-03-23,2016-03-22,SJC_Gold,33.64,33.75,-0.003264582213791556,0.00023264450203764795,0.005663282588812312
2016-03-24,2016-03-23,SJC_Gold,33.4,33.64,-0.0071599351220927865,0.00023264450203764795,0.005663282588812312
2016-03-25,2016-03-24,SJC_Gold,33.4,33.4,0.0,0.00023264450203764795,0.005663282588812312
2016-03-26,2016-03-25,SJC_Gold,33.42,33.4,0.000598623184593361,0.00023264450203764795,0.005663282588812312
2016-03-27,2016-03-26,SJC_Gold,33.42,33.42,0.0,0.00023264450203764795,0.005663282588812312
2016-03-28,2016-03-27,SJC_Gold,33.29,33.42,-0.0038974715803141713,0.00023264450203764795,0.005663282588812312
2016-03-29,2016-03-28,SJC_Gold,33.26,33.29,-0.0009015778221521664,0.00023264450203764795,0.005663282588812312
2016-03-30,2016-03-29,SJC_Gold,33.35,33.26,0.002702298596851449,0.00023264450203764795,0.005663282588812312
2016-03-31,2016-03-30,SJC_Gold,33.34,33.35,-0.00029989503898475434,0.00023264450203764795,0.005663282588812312
2016-04-01,2016-03-31,SJC_Gold,33.33,33.34,-0.0002999850030001028,0.00023264450203764795,0.005663282588812312
2016-04-02,2016-04-01,SJC_Gold,33.27,33.33,-0.0018018022892625218,0.00023264450203764795,0.005663282588812312
2016-04-03,2016-04-02,SJC_Gold,33.27,33.27,0.0,0.00023264450203764795,0.005663282588812312
2016-04-04,2016-04-03,SJC_Gold,33.24,33.27,-0.0009021200431380549,0.00023264450203764795,0.005663282588812312
2016-04-05,2016-04-04,SJC_Gold,33.28,33.24,0.0012026459657601407,0.00023264450203764795,0.005663282588812312
2016-04-06,2016-04-05,SJC_Gold,33.23,33.28,-0.0015035335865047905,0.00023264450203764795,0.005663282588812312
2016-04-07,2016-04-06,SJC_Gold,33.33,33.23,0.0030048099531452266,0.00023264450203764795,0.005663282588812312
2016-04-08,2016-04-07,SJC_Gold,33.25,33.33,-0.0024031252177847406,0.00023264450203764795,0.005663282588812312
2016-04-09,2016-04-08,SJC_Gold,33.28,33.25,0.0009018488511443046,0.00023264450203764795,0.005663282588812312
2016-04-10,2016-04-09,SJC_Gold,33.28,33.28,0.0,0.00023264450203764795,0.005663282588812312
2016-04-11,2016-04-10,SJC_Gold,33.43,33.28,0.004497084478999547,0.00023264450203764795,0.005663282588812312
2016-04-12,2016-04-11,SJC_Gold,33.62,33.43,0.005667427548462278,0.00023264450203764795,0.005663282588812312
2016-04-13,2016-04-12,SJC_Gold,33.45,33.62,-0.005069341406231942,0.00023264450203764795,0.005663282588812312
2016-04-14,2016-04-13,SJC_Gold,33.37,33.45,-0.002394493810955023,0.00023264450203764795,0.005663282588812312
2016-04-15,2016-04-14,SJC_Gold,33.3,33.37,-0.0020998957768845194,0.00023264450203764795,0.005663282588812312
2016-04-16,2016-04-15,SJC_Gold,33.3,33.3,0.0,0.00023264450203764795,0.005663282588812312
2016-04-17,2016-04-16,SJC_Gold,33.3,33.3,0.0,0.00023264450203764795,0.005663282588812312
2016-04-18,2016-04-17,SJC_Gold,33.4,33.3,0.00299850299625648,0.00023264450203764795,0.005663282588812312
2016-04-19,2016-04-18,SJC_Gold,33.34,33.4,-0.001798022660006282,0.00023264450203764795,0.005663282588812312
2016-04-20,2016-04-19,SJC_Gold,33.43,33.34,0.002695823109359008,0.00023264450203764795,0.005663282588812312
2016-04-21,2016-04-20,SJC_Gold,33.52,33.43,0.0026885751818750414,0.00023264450203764795,0.005663282588812312
2016-04-22,2016-04-21,SJC_Gold,33.43,33.52,-0.0026885751818750414,0.00023264450203764795,0.005663282588812312
2016-04-23,2016-04-22,SJC_Gold,33.37,33.43,-0.0017964076687246866,0.00023264450203764795,0.005663282588812312
2016-04-24,2016-04-23,SJC_Gold,33.37,33.37,0.0,0.00023264450203764795,0.005663282588812312
2016-04-25,2016-04-24,SJC_Gold,33.32,33.37,-0.001499475464640465,0.00023264450203764795,0.005663282588812312
2016-04-26,2016-04-25,SJC_Gold,33.3,33.32,-0.0006004203122440543,0.00023264450203764795,0.005663282588812312
2016-04-27,2016-04-26,SJC_Gold,33.34,33.3,0.0012004803362501981,0.00023264450203764795,0.005663282588812312
2016-04-28,2016-04-27,SJC_Gold,33.5,33.34,0.004787561508372562,0.00023264450203764795,0.005663282588812312
2016-04-29,2016-04-28,SJC_Gold,33.8,33.5,0.008915363657952202,0.00023264450203764795,0.005663282588812312
2016-04-30,2016-04-29,SJC_Gold,34.35,33.8,0.016141216179385243,0.00023264450203764795,0.005663282588812312
2016-05-01,2016-04-30,SJC_Gold,34.35,34.35,0.0,0.00023264450203764795,0.005663282588812312
2016-05-02,2016-05-01,SJC_Gold,34.35,34.35,0.0,0.00023264450203764795,0.005663282588812312
2016-05-03,2016-05-02,SJC_Gold,34.35,34.35,0.0,0.00023264450203764795,0.005663282588812312
2016-05-04,2016-05-03,SJC_Gold,33.98,34.35,-0.010829902424572158,0.00023264450203764795,0.005663282588812312
2016-05-05,2016-05-04,SJC_Gold,33.94,33.98,-0.0011778564377058487,0.00023264450203764795,0.005663282588812312
2016-05-06,2016-05-05,SJC_Gold,34.03,33.94,0.0026482287067342014,0.00023264450203764795,0.005663282588812312
2016-05-07,2016-05-06,SJC_Gold,34.17,34.03,0.0041055776143861245,0.00023264450203764795,0.005663282588812312
2016-05-08,2016-05-07,SJC_Gold,34.17,34.17,0.0,0.00023264450203764795,0.005663282588812312
2016-05-09,2016-05-08,SJC_Gold,34.02,34.17,-0.004399479159484798,0.00023264450203764795,0.005663282588812312
2016-05-10,2016-05-09,SJC_Gold,33.88,34.02,-0.004123717183861952,0.00023264450203764795,0.005663282588812312
2016-05-11,2016-05-10,SJC_Gold,34.03,33.88,0.004417618728960626,0.00023264450203764795,0.005663282588812312
2016-05-12,2016-05-11,SJC_Gold,34.0,34.03,-0.0008819638966528487,0.00023264450203764795,0.005663282588812312
2016-05-13,2016-05-12,SJC_Gold,34.1,34.0,0.0029368596733094776,0.00023264450203764795,0.005663282588812312
2016-05-14,2016-05-13,SJC_Gold,34.07,34.1,-0.0008801526165957974,0.00023264450203764795,0.005663282588812312
2016-05-15,2016-05-14,SJC_Gold,34.07,34.07,0.0,0.00023264450203764795,0.005663282588812312
2016-05-16,2016-05-15,SJC_Gold,34.2,34.07,0.003808412395684524,0.00023264450203764795,0.005663282588812312
2016-05-17,2016-05-16,SJC_Gold,34.16,34.2,-0.0011702751481905693,0.00023264450203764795,0.005663282588812312
2016-05-18,2016-05-17,SJC_Gold,34.15,34.16,-0.0002927829035703766,0.00023264450203764795,0.005663282588812312
2016-05-19,2016-05-18,SJC_Gold,33.97,34.15,-0.005284803844306296,0.00023264450203764795,0.005663282588812312
2016-05-20,2016-05-19,SJC_Gold,34.01,33.97,0.001176816846611306,0.00023264450203764795,0.005663282588812312
2016-05-21,2016-05-20,SJC_Gold,33.96,34.01,-0.0014712375759571295,0.00023264450203764795,0.005663282588812312
2016-05-22,2016-05-21,SJC_Gold,33.96,33.96,0.0,0.00023264450203764795,0.005663282588812312
2016-05-23,2016-05-22,SJC_Gold,33.89,33.96,-0.0020633758241865863,0.00023264450203764795,0.005663282588812312
2016-05-24,2016-05-23,SJC_Gold,33.74,33.89,-0.004435908501137842,0.00023264450203764795,0.005663282588812312
2016-05-25,2016-05-24,SJC_Gold,33.44,33.74,-0.008931288901321555,0.00023264450203764795,0.005663282588812312
2016-05-26,2016-05-25,SJC_Gold,33.5,33.44,0.0017926506145200527,0.00023264450203764795,0.005663282588812312
2016-05-27,2016-05-26,SJC_Gold,33.43,33.5,-0.002091738399013554,0.00023264450203764795,0.005663282588812312
2016-05-28,2016-05-27,SJC_Gold,33.39,33.43,-0.001197246476444036,0.00023264450203764795,0.005663282588812312
2016-05-29,2016-05-28,SJC_Gold,33.39,33.39,0.0,0.00023264450203764795,0.005663282588812312
2016-05-30,2016-05-29,SJC_Gold,33.33,33.39,-0.0017985616359150747,0.00023264450203764795,0.005663282588812312
2016-05-31,2016-05-30,SJC_Gold,33.35,33.33,0.0005998800419848571,0.00023264450203764795,0.005663282588812312
2016-06-01,2016-05-31,SJC_Gold,33.46,33.35,0.0032929231970451056,0.00023264450203764795,0.005663282588812312
2016-06-02,2016-06-01,SJC_Gold,33.46,33.46,0.0,0.00023264450203764795,0.005663282588812312
2016-06-03,2016-06-02,SJC_Gold,33.4,33.46,-0.0017947955760235779,0.00023264450203764795,0.005663282588812312
2016-06-04,2016-06-03,SJC_Gold,33.68,33.4,0.008348289391471475,0.00023264450203764795,0.005663282588812312
2016-06-05,2016-06-04,SJC_Gold,33.68,33.68,0.0,0.00023264450203764795,0.005663282588812312
2016-06-06,2016-06-05,SJC_Gold,33.63,33.68,-0.001485663621947797,0.00023264450203764795,0.005663282588812312
2016-06-07,2016-06-06,SJC_Gold,33.58,33.63,-0.001487874102783504,0.00023264450203764795,0.005663282588812312
2016-06-08,2016-06-07,SJC_Gold,33.67,33.58,0.002676581523588517,0.00023264450203764795,0.005663282588812312
2016-06-09,2016-06-08,SJC_Gold,33.8,33.67,0.003853569315989791,0.00023264450203764795,0.005663282588812312
2016-06-10,2016-06-09,SJC_Gold,33.93,33.8,0.00383877630716567,0.00023264450203764795,0.005663282588812312
2016-06-11,2016-06-10,SJC_Gold,34.06,33.93,0.003824096438403757,0.00023264450203764795,0.005663282588812312
2016-06-12,2016-06-11,SJC_Gold,34.06,34.06,0.0,0.00023264450203764795,0.005663282588812312
2016-06-13,2016-06-12,SJC_Gold,34.27,34.06,0.006146660651975111,0.00023264450203764795,0.005663282588812312
2016-06-14,2016-06-13,SJC_Gold,34.15,34.27,-0.0035077498697186904,0.00023264450203764795,0.005663282588812312
2016-06-15,2016-06-14,SJC_Gold,34.24,34.15,0.0026319652567425855,0.00023264450203764795,0.005663282588812312
2016-06-16,2016-06-15,SJC_Gold,34.81,34.24,0.016510150549806202,0.00023264450203764795,0.005663282588812312
2016-06-17,2016-06-16,SJC_Gold,34.38,34.81,-0.012429701868644116,0.00023264450203764795,0.005663282588812312
2016-06-18,2016-06-17,SJC_Gold,34.67,34.38,0.008399759742228508,0.00023264450203764795,0.005663282588812312
2016-06-19,2016-06-18,SJC_Gold,34.67,34.67,0.0,0.00023264450203764795,0.005663282588812312
2016-06-20,2016-06-19,SJC_Gold,34.47,34.67,-0.0057853791681581335,0.00023264450203764795,0.005663282588812312
2016-06-21,2016-06-20,SJC_Gold,34.36,34.47,-0.0031962834127190476,0.00023264450203764795,0.005663282588812312
2016-06-22,2016-06-21,SJC_Gold,33.99,34.36,-0.010826733408030087,0.00023264450203764795,0.005663282588812312
2016-06-23,2016-06-22,SJC_Gold,34.1,33.99,0.003231020581446309,0.00023264450203764795,0.005663282588812312
2016-06-24,2016-06-23,SJC_Gold,35.1,34.1,0.02890374618234892,0.00023264450203764795,0.005663282588812312
2016-06-25,2016-06-24,SJC_Gold,35.15,35.1,0.0014234877848537941,0.00023264450203764795,0.005663282588812312
2016-06-26,2016-06-25,SJC_Gold,35.15,35.15,0.0,0.00023264450203764795,0.005663282588812312
2016-06-27,2016-06-26,SJC_Gold,35.35,35.15,0.005673774085908079,0.00023264450203764795,0.005663282588812312
2016-06-28,2016-06-27,SJC_Gold,35.04,35.35,-0.008808126274391093,0.00023264450203764795,0.005663282588812312
2016-06-29,2016-06-28,SJC_Gold,35.22,35.04,0.00512383699986918,0.00023264450203764795,0.005663282588812312
2016-06-30,2016-06-29,SJC_Gold,35.22,35.22,0.0,0.00023264450203764795,0.005663282588812312
2016-07-01,2016-06-30,SJC_Gold,35.58,35.22,0.010169579169629017,0.00023264450203764795,0.005663282588812312
2016-07-02,2016-07-01,SJC_Gold,35.85,35.58,0.0075598848079403425,0.00023264450203764795,0.005663282588812312
2016-07-03,2016-07-02,SJC_Gold,35.85,35.85,0.0,0.00023264450203764795,0.005663282588812312
2016-07-04,2016-07-03,SJC_Gold,36.9,35.85,0.02886798400085233,0.00023264450203764795,0.005663282588812312
2016-07-05,2016-07-04,SJC_Gold,36.9,36.9,0.0,0.00023264450203764795,0.005663282588812312
2016-07-06,2016-07-05,SJC_Gold,39.7,36.9,0.07313963664666323,0.00023264450203764795,0.005663282588812312
2016-07-07,2016-07-06,SJC_Gold,37.5,39.7,-0.057010254716779674,0.00023264450203764795,0.005663282588812312
2016-07-08,2016-07-07,SJC_Gold,37.3,37.5,-0.005347606326595589,0.00023264450203764795,0.005663282588812312
2016-07-09,2016-07-08,SJC_Gold,37.6,37.3,0.00801072374607914,0.00023264450203764795,0.005663282588812312
2016-07-10,2016-07-09,SJC_Gold,37.6,37.6,0.0,0.00023264450203764795,0.005663282588812312
2016-07-11,2016-07-10,SJC_Gold,37.5,37.6,-0.0026631174194835516,0.00023264450203764795,0.005663282588812312
2016-07-12,2016-07-11,SJC_Gold,37.3,37.5,-0.005347606326595589,0.00023264450203764795,0.005663282588812312
2016-07-13,2016-07-12,SJC_Gold,37.05,37.3,-0.006724974907673875,0.00023264450203764795,0.005663282588812312
2016-07-14,2016-07-13,SJC_Gold,36.86,37.05,-0.005141399500418586,0.00023264450203764795,0.005663282588812312
2016-07-15,2016-07-14,SJC_Gold,36.87,36.86,0.00027126000437593945,0.00023264450203764795,0.005663282588812312
2016-07-16,2016-07-15,SJC_Gold,37.1,36.87,0.006218757367336458,0.00023264450203764795,0.005663282588812312
2016-07-17,2016-07-16,SJC_Gold,37.1,37.1,0.0,0.00023264450203764795,0.005663282588812312
2016-07-18,2016-07-17,SJC_Gold,36.83,37.1,-0.007304239156415537,0.00023264450203764795,0.005663282588812312
2016-07-19,2016-07-18,SJC_Gold,36.82,36.83,-0.0002715546520422052,0.00023264450203764795,0.005663282588812312
2016-07-20,2016-07-19,SJC_Gold,36.78,36.82,-0.0010869566287565746,0.00023264450203764795,0.005663282588812312
2016-07-21,2016-07-20,SJC_Gold,36.66,36.78,-0.0032679767646164315,0.00023264450203764795,0.005663282588812312
2016-07-22,2016-07-21,SJC_Gold,36.68,36.66,0.0005454049767052993,0.00023264450203764795,0.005663282588812312
2016-07-23,2016-07-22,SJC_Gold,36.65,36.68,-0.0008182190556036417,0.00023264450203764795,0.005663282588812312
2016-07-24,2016-07-23,SJC_Gold,36.65,36.65,0.0,0.00023264450203764795,0.005663282588812312
2016-07-25,2016-07-24,SJC_Gold,36.53,36.65,-0.0032795875254691964,0.00023264450203764795,0.005663282588812312
2016-07-26,2016-07-25,SJC_Gold,36.58,36.53,0.0013678021555283415,0.00023264450203764795,0.005663282588812312
2016-07-27,2016-07-26,SJC_Gold,36.5,36.58,-0.002189382374273574,0.00023264450203764795,0.005663282588812312
2016-07-28,2016-07-27,SJC_Gold,36.72,36.5,0.006009305163843681,0.00023264450203764795,0.005663282588812312
2016-07-29,2016-07-28,SJC_Gold,36.57,36.72,-0.004093333590999837,0.00023264450203764795,0.005663282588812312
2016-07-30,2016-07-29,SJC_Gold,36.75,36.57,0.004909993497555831,0.00023264450203764795,0.005663282588812312
2016-07-31,2016-07-30,SJC_Gold,36.75,36.75,0.0,0.00023264450203764795,0.005663282588812312
2016-08-01,2016-07-31,SJC_Gold,36.74,36.75,-0.0002721458718659697,0.00023264450203764795,0.005663282588812312
2016-08-02,2016-08-01,SJC_Gold,36.85,36.74,0.002989538848365836,0.00023264450203764795,0.005663282588812312
2016-08-03,2016-08-02,SJC_Gold,36.97,36.85,0.0032511543131947818,0.00023264450203764795,0.005663282588812312
2016-08-04,2016-08-03,SJC_Gold,36.85,36.97,-0.0032511543131947818,0.00023264450203764795,0.005663282588812312
2016-08-05,2016-08-04,SJC_Gold,36.91,36.85,0.0016268984065614944,0.00023264450203764795,0.005663282588812312
2016-08-06,2016-08-05,SJC_Gold,36.62,36.91,-0.007887977795542511,0.00023264450203764795,0.005663282588812312
2016-08-07,2016-08-06,SJC_Gold,36.62,36.62,0.0,0.00023264450203764795,0.005663282588812312
2016-08-08,2016-08-07,SJC_Gold,36.58,36.62,-0.0010928962836449507,0.00023264450203764795,0.005663282588812312
2016-08-09,2016-08-08,SJC_Gold,36.63,36.58,0.0013659338280036515,0.00023264450203764795,0.005663282588812312
2016-08-10,2016-08-09,SJC_Gold,36.8,36.63,0.0046302683841621395,0.00023264450203764795,0.005663282588812312
2016-08-11,2016-08-10,SJC_Gold,36.72,36.8,-0.002176279422595684,0.00023264450203764795,0.005663282588812312
2016-08-12,2016-08-11,SJC_Gold,36.65,36.72,-0.0019081374196292522,0.00023264450203764795,0.005663282588812312
2016-08-13,2016-08-12,SJC_Gold,36.65,36.65,0.0,0.00023264450203764795,0.005663282588812312
2016-08-14,2016-08-13,SJC_Gold,36.65,36.65,0.0,0.00023264450203764795,0.005663282588812312
2016-08-15,2016-08-14,SJC_Gold,36.7,36.65,0.0013633267278643224,0.00023264450203764795,0.005663282588812312
2016-08-16,2016-08-15,SJC_Gold,36.78,36.7,0.0021774641156504515,0.00023264450203764795,0.005663282588812312
2016-08-17,2016-08-16,SJC_Gold,36.71,36.78,-0.0019050216674321163,0.00023264450203764795,0.005663282588812312
2016-08-18,2016-08-17,SJC_Gold,36.75,36.71,0.001089028150102589,0.00023264450203764795,0.005663282588812312
2016-08-19,2016-08-18,SJC_Gold,36.73,36.75,-0.0005443658272699103,0.00023264450203764795,0.005663282588812312
2016-08-20,2016-08-19,SJC_Gold,36.67,36.73,-0.0016348777483412569,0.00023264450203764795,0.005663282588812312
2016-08-21,2016-08-20,SJC_Gold,36.67,36.67,0.0,0.00023264450203764795,0.005663282588812312
2016-08-22,2016-08-21,SJC_Gold,36.61,36.67,-0.001637554951089637,0.00023264450203764795,0.005663282588812312
2016-08-23,2016-08-22,SJC_Gold,36.65,36.61,0.0010920012005155577,0.00023264450203764795,0.005663282588812312
2016-08-24,2016-08-23,SJC_Gold,36.63,36.65,-0.0005458515419372034,0.00023264450203764795,0.005663282588812312
2016-08-25,2016-08-24,SJC_Gold,36.56,36.63,-0.00191283020477373,0.00023264450203764795,0.005663282588812312
2016-08-26,2016-08-25,SJC_Gold,36.58,36.56,0.0005468963767700785,0.00023264450203764795,0.005663282588812312
2016-08-27,2016-08-26,SJC_Gold,36.55,36.58,-0.0008204567669323204,0.00023264450203764795,0.005663282588812312
2016-08-28,2016-08-27,SJC_Gold,36.55,36.55,0.0,0.00023264450203764795,0.005663282588812312
2016-08-29,2016-08-28,SJC_Gold,36.5,36.55,-0.0013689256073412537,0.00023264450203764795,0.005663282588812312
2016-08-30,2016-08-29,SJC_Gold,36.49,36.5,-0.0002740101400897643,0.00023264450203764795,0.005663282588812312
2016-08-31,2016-08-30,SJC_Gold,36.39,36.49,-0.002744238824287759,0.00023264450203764795,0.005663282588812312
2016-09-01,2016-08-31,SJC_Gold,36.2,36.39,-0.0052348927923429045,0.00023264450203764795,0.005663282588812312
2016-09-02,2016-09-01,SJC_Gold,36.2,36.2,0.0,0.00023264450203764795,0.005663282588812312
2016-09-03,2016-09-02,SJC_Gold,36.2,36.2,0.0,0.00023264450203764795,0.005663282588812312
2016-09-04,2016-09-03,SJC_Gold,36.2,36.2,0.0,0.00023264450203764795,0.005663282588812312
2016-09-05,2016-09-04,SJC_Gold,36.38,36.2,0.004960054258250857,0.00023264450203764795,0.005663282588812312
2016-09-06,2016-09-05,SJC_Gold,36.39,36.38,0.00027483853409204784,0.00023264450203764795,0.005663282588812312
2016-09-07,2016-09-06,SJC_Gold,36.57,36.39,0.004934220537221368,0.00023264450203764795,0.005663282588812312
2016-09-08,2016-09-07,SJC_Gold,36.55,36.57,-0.0005470459655025905,0.00023264450203764795,0.005663282588812312
2016-09-09,2016-09-08,SJC_Gold,36.42,36.55,-0.0035631118963252995,0.00023264450203764795,0.005663282588812312
2016-09-10,2016-09-09,SJC_Gold,36.36,36.42,-0.0016488049901837165,0.00023264450203764795,0.005663282588812312
2016-09-11,2016-09-10,SJC_Gold,36.36,36.36,0.0,0.00023264450203764795,0.005663282588812312
2016-09-12,2016-09-11,SJC_Gold,36.31,36.36,-0.0013760838830338962,0.00023264450203764795,0.005663282588812312
2016-09-13,2016-09-12,SJC_Gold,36.33,36.31,0.0005506608068661656,0.00023264450203764795,0.005663282588812312
2016-09-14,2016-09-13,SJC_Gold,36.29,36.33,-0.0011016250081317125,0.00023264450203764795,0.005663282588812312
2016-09-15,2016-09-14,SJC_Gold,36.25,36.29,-0.0011028399242949405,0.00023264450203764795,0.005663282588812312
2016-09-16,2016-09-15,SJC_Gold,36.21,36.25,-0.0011040575231340277,0.00023264450203764795,0.005663282588812312
2016-09-17,2016-09-16,SJC_Gold,36.2,36.21,-0.00027620494582425437,0.00023264450203764795,0.005663282588812312
2016-09-18,2016-09-17,SJC_Gold,36.2,36.2,0.0,0.00023264450203764795,0.005663282588812312
2016-09-19,2016-09-18,SJC_Gold,36.25,36.2,0.001380262468958282,0.00023264450203764795,0.005663282588812312
2016-09-20,2016-09-19,SJC_Gold,36.24,36.25,-0.00027590012590517077,0.00023264450203764795,0.005663282588812312
2016-09-21,2016-09-20,SJC_Gold,36.3,36.24,0.0016542600960263165,0.00023264450203764795,0.005663282588812312
2016-09-22,2016-09-21,SJC_Gold,36.36,36.3,0.0016515280384732378,0.00023264450203764795,0.005663282588812312
2016-09-23,2016-09-22,SJC_Gold,36.34,36.36,-0.0005502063412530234,0.00023264450203764795,0.005663282588812312
2016-09-24,2016-09-23,SJC_Gold,36.35,36.34,0.00027514101150316606,0.00023264450203764795,0.005663282588812312
2016-09-25,2016-09-24,SJC_Gold,36.34,36.35,-0.00027514101150316606,0.00023264450203764795,0.005663282588812312
2016-09-26,2016-09-25,SJC_Gold,36.28,36.34,-0.0016524377210891394,0.00023264450203764795,0.005663282588812312
2016-09-27,2016-09-26,SJC_Gold,36.24,36.28,-0.0011031440721573915,0.00023264450203764795,0.005663282588812312
2016-09-28,2016-09-27,SJC_Gold,36.14,36.24,-0.0027631960106964115,0.00023264450203764795,0.005663282588812312
2016-09-29,2016-09-28,SJC_Gold,36.13,36.14,-0.0002767400045331492,0.00023264450203764795,0.005663282588812312
2016-09-30,2016-09-29,SJC_Gold,36.23,36.13,0.002763959747436484,0.00023264450203764795,0.005663282588812312
2016-10-01,2016-09-30,SJC_Gold,36.17,36.23,-0.0016574589429789732,0.00023264450203764795,0.005663282588812312
2016-10-02,2016-10-01,SJC_Gold,36.17,36.17,0.0,0.00023264450203764795,0.005663282588812312
2016-10-03,2016-10-02,SJC_Gold,36.12,36.17,-0.0013833174152222405,0.00023264450203764795,0.005663282588812312
2016-10-04,2016-10-03,SJC_Gold,36.05,36.12,-0.0019398648178263755,0.00023264450203764795,0.005663282588812312
2016-10-05,2016-10-04,SJC_Gold,35.52,36.05,-0.01481094560698848,0.00023264450203764795,0.005663282588812312
2016-10-06,2016-10-05,SJC_Gold,35.5,35.52,-0.0005632216425994763,0.00023264450203764795,0.005663282588812312
2016-10-07,2016-10-06,SJC_Gold,35.5,35.5,0.0,0.00023264450203764795,0.005663282588812312
2016-10-08,2016-10-07,SJC_Gold,35.59,35.5,0.002532003040731201,0.00023264450203764795,0.005663282588812312
2016-10-09,2016-10-08,SJC_Gold,35.59,35.59,0.0,0.00023264450203764795,0.005663282588812312
2016-10-10,2016-10-09,SJC_Gold,35.75,35.59,0.004485569617915353,0.00023264450203764795,0.005663282588812312
2016-10-11,2016-10-10,SJC_Gold,35.7,35.75,-0.0013995803544233354,0.00023264450203764795,0.005663282588812312
2016-10-12,2016-10-11,SJC_Gold,35.64,35.7,-0.001682086182984488,0.00023264450203764795,0.005663282588812312
2016-10-13,2016-10-12,SJC_Gold,35.67,35.64,0.0008413967681915047,0.00023264450203764795,0.005663282588812312
2016-10-14,2016-10-13,SJC_Gold,35.67,35.67,0.0,0.00023264450203764795,0.005663282588812312
2016-10-15,2016-10-14,SJC_Gold,35.65,35.67,-0.0005608525104952022,0.00023264450203764795,0.005663282588812312
2016-10-16,2016-10-15,SJC_Gold,35.65,35.65,0.0,0.00023264450203764795,0.005663282588812312
2016-10-17,2016-10-16,SJC_Gold,35.62,35.65,-0.0008418689987896855,0.00023264450203764795,0.005663282588812312
2016-10-18,2016-10-17,SJC_Gold,35.65,35.62,0.0008418689987896855,0.00023264450203764795,0.005663282588812312
2016-10-19,2016-10-18,SJC_Gold,35.73,35.65,0.0022415251750134146,0.00023264450203764795,0.005663282588812312
2016-10-20,2016-10-19,SJC_Gold,35.71,35.73,-0.0005599104289615298,0.00023264450203764795,0.005663282588812312
2016-10-21,2016-10-20,SJC_Gold,35.67,35.71,-0.0011207622355566826,0.00023264450203764795,0.005663282588812312
2016-10-22,2016-10-21,SJC_Gold,35.7,35.67,0.0008406894147929833,0.00023264450203764795,0.005663282588812312
2016-10-23,2016-10-22,SJC_Gold,35.7,35.7,0.0,0.00023264450203764795,0.005663282588812312
2016-10-24,2016-10-23,SJC_Gold,35.7,35.7,0.0,0.00023264450203764795,0.005663282588812312
2016-10-25,2016-10-24,SJC_Gold,35.75,35.7,0.0013995803544233354,0.00023264450203764795,0.005663282588812312
2016-10-26,2016-10-25,SJC_Gold,35.78,35.75,0.0008388089405566568,0.00023264450203764795,0.005663282588812312
2016-10-27,2016-10-26,SJC_Gold,35.78,35.78,0.0,0.00023264450203764795,0.005663282588812312
2016-10-28,2016-10-27,SJC_Gold,35.78,35.78,0.0,0.00023264450203764795,0.005663282588812312
2016-10-29,2016-10-28,SJC_Gold,35.85,35.78,0.0019544889650560116,0.00023264450203764795,0.005663282588812312
2016-10-30,2016-10-29,SJC_Gold,35.85,35.85,0.0,0.00023264450203764795,0.005663282588812312
2016-10-31,2016-10-30,SJC_Gold,35.82,35.85,-0.000837170413063415,0.00023264450203764795,0.005663282588812312
2016-11-01,2016-10-31,SJC_Gold,35.95,35.82,0.003622687534489799,0.00023264450203764795,0.005663282588812312
2016-11-02,2016-11-01,SJC_Gold,36.65,35.95,0.01928434416560476,0.00023264450203764795,0.005663282588812312
2016-11-03,2016-11-02,SJC_Gold,36.4,36.65,-0.006844653689965341,0.00023264450203764795,0.005663282588812312
2016-11-04,2016-11-03,SJC_Gold,36.5,36.4,0.002743485945750912,0.00023264450203764795,0.005663282588812312
2016-11-05,2016-11-04,SJC_Gold,36.55,36.5,0.0013689256073412537,0.00023264450203764795,0.005663282588812312
2016-11-06,2016-11-05,SJC_Gold,36.55,36.55,0.0,0.00023264450203764795,0.005663282588812312
2016-11-07,2016-11-06,SJC_Gold,36.3,36.55,-0.006863444924982254,0.00023264450203764795,0.005663282588812312
2016-11-08,2016-11-07,SJC_Gold,36.28,36.3,-0.000551116023868925,0.00023264450203764795,0.005663282588812312
2016-11-09,2016-11-08,SJC_Gold,37.1,36.28,0.022350344366453445,0.00023264450203764795,0.005663282588812312
2016-11-10,2016-11-09,SJC_Gold,36.5,37.1,-0.01630470902494352,0.00023264450203764795,0.005663282588812312
2016-11-11,2016-11-10,SJC_Gold,36.15,36.5,-0.009635311983672512,0.00023264450203764795,0.005663282588812312
2016-11-12,2016-11-11,SJC_Gold,35.8,36.15,-0.009729055198119063,0.00023264450203764795,0.005663282588812312
2016-11-13,2016-11-12,SJC_Gold,35.8,35.8,0.0,0.00023264450203764795,0.005663282588812312
2016-11-14,2016-11-13,SJC_Gold,35.95,35.8,0.004181190760401243,0.00023264450203764795,0.005663282588812312
2016-11-15,2016-11-14,SJC_Gold,36.0,35.95,0.0013898542890542487,0.00023264450203764795,0.005663282588812312
2016-11-16,2016-11-15,SJC_Gold,36.0,36.0,0.0,0.00023264450203764795,0.005663282588812312
2016-11-17,2016-11-16,SJC_Gold,35.96,36.0,-0.0011117288526905078,0.00023264450203764795,0.005663282588812312
2016-11-18,2016-11-17,SJC_Gold,35.8,35.96,-0.004459316196764984,0.00023264450203764795,0.005663282588812312
2016-11-19,2016-11-18,SJC_Gold,35.85,35.8,0.0013956736389748592,0.00023264450203764795,0.005663282588812312
2016-11-20,2016-11-19,SJC_Gold,35.85,35.85,0.0,0.00023264450203764795,0.005663282588812312
2016-11-21,2016-11-20,SJC_Gold,35.85,35.85,0.0,0.00023264450203764795,0.005663282588812312
2016-11-22,2016-11-21,SJC_Gold,35.88,35.85,0.0008364701449661283,0.00023264450203764795,0.005663282588812312
2016-11-23,2016-11-22,SJC_Gold,35.82,35.88,-0.0016736405580295433,0.00023264450203764795,0.005663282588812312
2016-11-24,2016-11-23,SJC_Gold,35.62,35.82,-0.00559911877105046,0.00023264450203764795,0.005663282588812312
2016-11-25,2016-11-24,SJC_Gold,35.63,35.62,0.0002807017562291847,0.00023264450203764795,0.005663282588812312
2016-11-26,2016-11-25,SJC_Gold,35.71,35.63,0.0022427819886123856,0.00023264450203764795,0.005663282588812312
2016-11-27,2016-11-26,SJC_Gold,35.71,35.71,0.0,0.00023264450203764795,0.005663282588812312
2016-11-28,2016-11-27,SJC_Gold,35.83,35.71,0.003354769710505412,0.00023264450203764795,0.005663282588812312
2016-11-29,2016-11-28,SJC_Gold,35.79,35.83,-0.0011170065389278783,0.00023264450203764795,0.005663282588812312
2016-11-30,2016-11-29,SJC_Gold,35.82,35.79,0.0008378718546313557,0.00023264450203764795,0.005663282588812312
2016-12-01,2016-11-30,SJC_Gold,35.82,35.82,0.0,0.00023264450203764795,0.005663282588812312
2016-12-02,2016-12-01,SJC_Gold,36.2,35.82,0.010552722199159703,0.00023264450203764795,0.005663282588812312
2016-12-03,2016-12-02,SJC_Gold,36.3,36.2,0.002758622439079428,0.00023264450203764795,0.005663282588812312
2016-12-04,2016-12-03,SJC_Gold,36.3,36.3,0.0,0.00023264450203764795,0.005663282588812312
2016-12-05,2016-12-04,SJC_Gold,36.35,36.3,0.0013764627087233805,0.00023264450203764795,0.005663282588812312
2016-12-06,2016-12-05,SJC_Gold,36.65,36.35,0.008219224353132049,0.00023264450203764795,0.005663282588812312
2016-12-07,2016-12-06,SJC_Gold,36.45,36.65,-0.005471969877993033,0.00023264450203764795,0.005663282588812312
2016-12-08,2016-12-07,SJC_Gold,36.48,36.45,0.0008227067514630093,0.00023264450203764795,0.005663282588812312
2016-12-09,2016-12-08,SJC_Gold,36.3,36.48,-0.004946423935325406,0.00023264450203764795,0.005663282588812312
2016-12-10,2016-12-09,SJC_Gold,36.25,36.3,-0.0013783599701211457,0.00023264450203764795,0.005663282588812312
2016-12-11,2016-12-10,SJC_Gold,36.25,36.25,0.0,0.00023264450203764795,0.005663282588812312
2016-12-12,2016-12-11,SJC_Gold,36.39,36.25,0.0038546303233846224,0.00023264450203764795,0.005663282588812312
2016-12-13,2016-12-12,SJC_Gold,36.5,36.39,0.0030182489643775234,0.00023264450203764795,0.005663282588812312
2016-12-14,2016-12-13,SJC_Gold,36.6,36.5,0.0027359798188744122,0.00023264450203764795,0.005663282588812312
2016-12-15,2016-12-14,SJC_Gold,36.2,36.6,-0.01098912157559484,0.00023264450203764795,0.005663282588812312
2016-12-16,2016-12-15,SJC_Gold,36.15,36.2,-0.0013821702269520841,0.00023264450203764795,0.005663282588812312
2016-12-17,2016-12-16,SJC_Gold,36.3,36.15,0.004140792666031512,0.00023264450203764795,0.005663282588812312
2016-12-18,2016-12-17,SJC_Gold,36.3,36.3,0.0,0.00023264450203764795,0.005663282588812312
2016-12-19,2016-12-18,SJC_Gold,36.5,36.3,0.005494519317641,0.00023264450203764795,0.005663282588812312
2016-12-20,2016-12-19,SJC_Gold,36.48,36.5,-0.0005480953823155943,0.00023264450203764795,0.005663282588812312
2016-12-21,2016-12-20,SJC_Gold,36.5,36.48,0.0005480953823155943,0.00023264450203764795,0.005663282588812312
2016-12-22,2016-12-21,SJC_Gold,36.28,36.5,-0.006045635341509925,0.00023264450203764795,0.005663282588812312
2016-12-23,2016-12-22,SJC_Gold,36.32,36.28,0.0011019284861566447,0.00023264450203764795,0.005663282588812312
2016-12-24,2016-12-23,SJC_Gold,36.46,36.32,0.003847215517424285,0.00023264450203764795,0.005663282588812312
2016-12-25,2016-12-24,SJC_Gold,36.46,36.46,0.0,0.00023264450203764795,0.005663282588812312
2016-12-26,2016-12-25,SJC_Gold,36.32,36.46,-0.003847215517424285,0.00023264450203764795,0.005663282588812312
2016-12-27,2016-12-26,SJC_Gold,36.45,36.32,0.0035729047215746768,0.00023264450203764795,0.005663282588812312
2016-12-28,2016-12-27,SJC_Gold,36.42,36.45,-0.0008233841552054422,0.00023264450203764795,0.005663282588812312
2016-12-29,2016-12-28,SJC_Gold,36.4,36.42,-0.0005492996567668662,0.00023264450203764795,0.005663282588812312
2016-12-30,2016-12-29,SJC_Gold,36.45,36.4,0.0013726838119723084,0.00023264450203764795,0.005663282588812312
2016-12-31,2016-12-30,SJC_Gold,36.1,36.45,-0.009648593115832327,0.00023264450203764795,0.005663282588812312
2017-01-01,2016-12-31,SJC_Gold,36.1,36.1,0.0,0.00023264450203764795,0.005663282588812312
2017-01-02,2017-01-01,SJC_Gold,36.1,36.1,0.0,0.00023264450203764795,0.005663282588812312
2017-01-03,2017-01-02,SJC_Gold,36.4,36.1,0.008275909303860018,0.00023264450203764795,0.005663282588812312
2017-01-04,2017-01-03,SJC_Gold,36.52,36.4,0.003291281084072839,0.00023264450203764795,0.005663282588812312
2017-01-05,2017-01-04,SJC_Gold,36.65,36.52,0.003553372605892502,0.00023264450203764795,0.005663282588812312
2017-01-06,2017-01-05,SJC_Gold,36.57,36.65,-0.0021851961713705848,0.00023264450203764795,0.005663282588812312
2017-01-07,2017-01-06,SJC_Gold,36.64,36.57,0.001912307644639899,0.00023264450203764795,0.005663282588812312
2017-01-08,2017-01-07,SJC_Gold,36.64,36.64,0.0,0.00023264450203764795,0.005663282588812312
2017-01-09,2017-01-08,SJC_Gold,36.62,36.64,-0.0005460005595652184,0.00023264450203764795,0.005663282588812312
2017-01-10,2017-01-09,SJC_Gold,36.61,36.62,-0.00027311211421965353,0.00023264450203764795,0.005663282588812312
2017-01-11,2017-01-10,SJC_Gold,36.62,36.61,0.00027311211421965353,0.00023264450203764795,0.005663282588812312
2017-01-12,2017-01-11,SJC_Gold,36.77,36.62,0.004087756066815995,0.00023264450203764795,0.005663282588812312
2017-01-13,2017-01-12,SJC_Gold,36.72,36.77,-0.0013607295608908387,0.00023264450203764795,0.005663282588812312
2017-01-14,2017-01-13,SJC_Gold,36.73,36.72,0.00027229407928608396,0.00023264450203764795,0.005663282588812312
2017-01-15,2017-01-14,SJC_Gold,36.73,36.73,0.0,0.00023264450203764795,0.005663282588812312
2017-01-16,2017-01-15,SJC_Gold,36.75,36.73,0.0005443658272699103,0.00023264450203764795,0.005663282588812312
2017-01-17,2017-01-16,SJC_Gold,36.75,36.75,0.0,0.00023264450203764795,0.005663282588812312
2017-01-18,2017-01-17,SJC_Gold,36.73,36.75,-0.0005443658272699103,0.00023264450203764795,0.005663282588812312
2017-01-19,2017-01-18,SJC_Gold,36.65,36.73,-0.002180431498915336,0.00023264450203764795,0.005663282588812312
2017-01-20,2017-01-19,SJC_Gold,36.6,36.65,-0.0013651879253400168,0.00023264450203764795,0.005663282588812312
2017-01-21,2017-01-20,SJC_Gold,36.69,36.6,0.002455997959870171,0.00023264450203764795,0.005663282588812312
2017-01-22,2017-01-21,SJC_Gold,36.69,36.69,0.0,0.00023264450203764795,0.005663282588812312
2017-01-23,2017-01-22,SJC_Gold,36.74,36.69,0.0013618414197891227,0.00023264450203764795,0.005663282588812312
2017-01-24,2017-01-23,SJC_Gold,36.92,36.74,0.0048873298476719285,0.00023264450203764795,0.005663282588812312
2017-01-25,2017-01-24,SJC_Gold,36.8,36.92,-0.003255564459766269,0.00023264450203764795,0.005663282588812312
2017-01-26,2017-01-25,SJC_Gold,36.8,36.8,0.0,0.00023264450203764795,0.005663282588812312
2017-01-27,2017-01-26,SJC_Gold,36.8,36.8,0.0,0.00023264450203764795,0.005663282588812312
2017-01-28,2017-01-27,SJC_Gold,36.8,36.8,0.0,0.00023264450203764795,0.005663282588812312
2017-01-29,2017-01-28,SJC_Gold,36.8,36.8,0.0,0.00023264450203764795,0.005663282588812312
2017-01-30,2017-01-29,SJC_Gold,36.8,36.8,0.0,0.00023264450203764795,0.005663282588812312
2017-01-31,2017-01-30,SJC_Gold,36.8,36.8,0.0,0.00023264450203764795,0.005663282588812312
2017-02-01,2017-01-31,SJC_Gold,36.8,36.8,0.0,0.00023264450203764795,0.005663282588812312
2017-02-02,2017-02-01,SJC_Gold,37.83,36.8,0.027604593470052396,0.00023264450203764795,0.005663282588812312
2017-02-03,2017-02-02,SJC_Gold,37.63,37.83,-0.005300834039591695,0.00023264450203764795,0.005663282588812312
2017-02-04,2017-02-03,SJC_Gold,37.65,37.63,0.0005313496405565665,0.00023264450203764795,0.005663282588812312
2017-02-05,2017-02-04,SJC_Gold,37.65,37.65,0.0,0.00023264450203764795,0.005663282588812312
2017-02-06,2017-02-05,SJC_Gold,37.25,37.65,-0.010681009420334231,0.00023264450203764795,0.005663282588812312
2017-02-07,2017-02-06,SJC_Gold,36.95,37.25,-0.008086297431357359,0.00023264450203764795,0.005663282588812312
2017-02-08,2017-02-07,SJC_Gold,37.07,36.95,0.0032423697684298425,0.00023264450203764795,0.005663282588812312
2017-02-09,2017-02-08,SJC_Gold,37.27,37.07,0.005380696328526113,0.00023264450203764795,0.005663282588812312
2017-02-10,2017-02-09,SJC_Gold,37.02,37.27,-0.006730406345815343,0.00023264450203764795,0.005663282588812312
2017-02-11,2017-02-10,SJC_Gold,37.1,37.02,0.002158662468037864,0.00023264450203764795,0.005663282588812312
2017-02-12,2017-02-11,SJC_Gold,37.1,37.1,0.0,0.00023264450203764795,0.005663282588812312
2017-02-13,2017-02-12,SJC_Gold,36.94,37.1,-0.004321994842295673,0.00023264450203764795,0.005663282588812312
2017-02-14,2017-02-13,SJC_Gold,36.96,36.94,0.0005412720023896256,0.00023264450203764795,0.005663282588812312
2017-02-15,2017-02-14,SJC_Gold,36.97,36.96,0.00027052617505685106,0.00023264450203764795,0.005663282588812312
2017-02-16,2017-02-15,SJC_Gold,37.07,36.97,0.002701244214100562,0.00023264450203764795,0.005663282588812312
2017-02-17,2017-02-16,SJC_Gold,37.05,37.07,-0.0005396654205451767,0.00023264450203764795,0.005663282588812312
2017-02-18,2017-02-17,SJC_Gold,36.99,37.05,-0.001620745897732867,0.00023264450203764795,0.005663282588812312
2017-02-19,2017-02-18,SJC_Gold,36.99,36.99,0.0,0.00023264450203764795,0.005663282588812312
2017-02-20,2017-02-19,SJC_Gold,36.98,36.99,-0.0002703798853840311,0.00023264450203764795,0.005663282588812312
2017-02-21,2017-02-20,SJC_Gold,36.93,36.98,-0.0013529970945072023,0.00023264450203764795,0.005663282588812312
2017-02-22,2017-02-21,SJC_Gold,36.95,36.93,0.0005414185297394347,0.00023264450203764795,0.005663282588812312
2017-02-23,2017-02-22,SJC_Gold,36.92,36.95,-0.0008122377595594088,0.00023264450203764795,0.005663282588812312
2017-02-24,2017-02-23,SJC_Gold,37.03,36.92,0.0029749852908698138,0.00023264450203764795,0.005663282588812312
2017-02-25,2017-02-24,SJC_Gold,36.98,37.03,-0.0013511689665426374,0.00023264450203764795,0.005663282588812312
2017-02-26,2017-02-25,SJC_Gold,37.02,36.98,0.0010810811863728453,0.00023264450203764795,0.005663282588812312
2017-02-27,2017-02-26,SJC_Gold,36.95,37.02,-0.001892659751140613,0.00023264450203764795,0.005663282588812312
2017-02-28,2017-02-27,SJC_Gold,36.91,36.95,-0.001083130352304007,0.00023264450203764795,0.005663282588812312
2017-03-01,2017-02-28,SJC_Gold,36.9,36.91,-0.00027096599542542066,0.00023264450203764795,0.005663282588812312
2017-03-02,2017-03-01,SJC_Gold,36.92,36.9,0.0005418585881700189,0.00023264450203764795,0.005663282588812312
2017-03-03,2017-03-02,SJC_Gold,36.82,36.92,-0.0027122338297198567,0.00023264450203764795,0.005663282588812312
2017-03-04,2017-03-03,SJC_Gold,36.88,36.82,0.0016282228834612056,0.00023264450203764795,0.005663282588812312
2017-03-05,2017-03-04,SJC_Gold,36.88,36.88,0.0,0.00023264450203764795,0.005663282588812312
2017-03-06,2017-03-05,SJC_Gold,36.81,36.88,-0.0018998512974630621,0.00023264450203764795,0.005663282588812312
2017-03-07,2017-03-06,SJC_Gold,36.74,36.81,-0.0019034676039502152,0.00023264450203764795,0.005663282588812312
2017-03-08,2017-03-07,SJC_Gold,36.64,36.74,-0.0027255399810499625,0.00023264450203764795,0.005663282588812312
2017-03-09,2017-03-08,SJC_Gold,36.61,36.64,-0.000819112673784872,0.00023264450203764795,0.005663282588812312
2017-03-10,2017-03-09,SJC_Gold,36.58,36.61,-0.0008197841694252972,0.00023264450203764795,0.005663282588812312
2017-03-11,2017-03-10,SJC_Gold,36.65,36.58,0.001911785369940855,0.00023264450203764795,0.005663282588812312
2017-03-12,2017-03-11,SJC_Gold,36.65,36.65,0.0,0.00023264450203764795,0.005663282588812312
2017-03-13,2017-03-12,SJC_Gold,36.68,36.65,0.0008182190556036417,0.00023264450203764795,0.005663282588812312
2017-03-14,2017-03-13,SJC_Gold,36.65,36.68,-0.0008182190556036417,0.00023264450203764795,0.005663282588812312
2017-03-15,2017-03-14,SJC_Gold,36.67,36.65,0.0005455537505740793,0.00023264450203764795,0.005663282588812312
2017-03-16,2017-03-15,SJC_Gold,36.8,36.67,0.0035388630916508568,0.00023264450203764795,0.005663282588812312
2017-03-17,2017-03-16,SJC_Gold,36.77,36.8,-0.0008155498617048451,0.00023264450203764795,0.005663282588812312
2017-03-18,2017-03-17,SJC_Gold,36.76,36.77,-0.0002719978256942035,0.00023264450203764795,0.005663282588812312
2017-03-19,2017-03-18,SJC_Gold,36.76,36.76,0.0,0.00023264450203764795,0.005663282588812312
2017-03-20,2017-03-19,SJC_Gold,36.74,36.76,-0.0005442177005066107,0.00023264450203764795,0.005663282588812312
2017-03-21,2017-03-20,SJC_Gold,36.65,36.74,-0.0024526514543192768,0.00023264450203764795,0.005663282588812312
2017-03-22,2017-03-21,SJC_Gold,36.72,36.65,0.0019081374196292522,0.00023264450203764795,0.005663282588812312
2017-03-23,2017-03-22,SJC_Gold,36.65,36.72,-0.0019081374196292522,0.00023264450203764795,0.005663282588812312
2017-03-24,2017-03-23,SJC_Gold,36.63,36.65,-0.0005458515419372034,0.00023264450203764795,0.005663282588812312
2017-03-25,2017-03-24,SJC_Gold,36.66,36.63,0.0008186656208355458,0.00023264450203764795,0.005663282588812312
2017-03-26,2017-03-25,SJC_Gold,36.66,36.66,0.0,0.00023264450203764795,0.005663282588812312
2017-03-27,2017-03-26,SJC_Gold,36.65,36.66,-0.0002728140788983424,0.00023264450203764795,0.005663282588812312
2017-03-28,2017-03-27,SJC_Gold,36.64,36.65,-0.00027288852673068575,0.00023264450203764795,0.005663282588812312
2017-03-29,2017-03-28,SJC_Gold,36.64,36.64,0.0,0.00023264450203764795,0.005663282588812312
2017-03-30,2017-03-29,SJC_Gold,36.6,36.64,-0.001092299398609331,0.00023264450203764795,0.005663282588812312
2017-03-31,2017-03-30,SJC_Gold,36.54,36.6,-0.0016406894574596542,0.00023264450203764795,0.005663282588812312
2017-04-01,2017-03-31,SJC_Gold,36.55,36.54,0.0002736352459264957,0.00023264450203764795,0.005663282588812312
2017-04-02,2017-04-01,SJC_Gold,36.55,36.55,0.0,0.00023264450203764795,0.005663282588812312
2017-04-03,2017-04-02,SJC_Gold,36.52,36.55,-0.0008211304690193266,0.00023264450203764795,0.005663282588812312
2017-04-04,2017-04-03,SJC_Gold,36.58,36.52,0.001641587235951647,0.00023264450203764795,0.005663282588812312
2017-04-05,2017-04-04,SJC_Gold,36.54,36.58,-0.001094092012858816,0.00023264450203764795,0.005663282588812312
2017-04-06,2017-04-05,SJC_Gold,36.54,36.54,0.0,0.00023264450203764795,0.005663282588812312
2017-04-07,2017-04-06,SJC_Gold,36.6,36.54,0.0016406894574596542,0.00023264450203764795,0.005663282588812312
2017-04-08,2017-04-07,SJC_Gold,36.6,36.6,0.0,0.00023264450203764795,0.005663282588812312
2017-04-09,2017-04-08,SJC_Gold,36.6,36.6,0.0,0.00023264450203764795,0.005663282588812312
2017-04-10,2017-04-09,SJC_Gold,36.6,36.6,0.0,0.00023264450203764795,0.005663282588812312
2017-04-11,2017-04-10,SJC_Gold,36.6,36.6,0.0,0.00023264450203764795,0.005663282588812312
2017-04-12,2017-04-11,SJC_Gold,36.72,36.6,0.003273325344969269,0.00023264450203764795,0.005663282588812312
2017-04-13,2017-04-12,SJC_Gold,36.89,36.72,0.00461894585629441,0.00023264450203764795,0.005663282588812312
2017-04-14,2017-04-13,SJC_Gold,37.2,36.89,0.00836824967051708,0.00023264450203764795,0.005663282588812312
2017-04-15,2017-04-14,SJC_Gold,37.25,37.2,0.0013431835464672304,0.00023264450203764795,0.005663282588812312
2017-04-16,2017-04-15,SJC_Gold,37.25,37.25,0.0,0.00023264450203764795,0.005663282588812312
2017-04-17,2017-04-16,SJC_Gold,36.97,37.25,-0.0075451718770280785,0.00023264450203764795,0.005663282588812312
2017-04-18,2017-04-17,SJC_Gold,36.88,36.97,-0.0024373742601473403,0.00023264450203764795,0.005663282588812312
2017-04-19,2017-04-18,SJC_Gold,36.8,36.88,-0.002171553513507618,0.00023264450203764795,0.005663282588812312
2017-04-20,2017-04-19,SJC_Gold,36.76,36.8,-0.0010875476873990486,0.00023264450203764795,0.005663282588812312
2017-04-21,2017-04-20,SJC_Gold,36.85,36.76,0.002445321147859225,0.00023264450203764795,0.005663282588812312
2017-04-22,2017-04-21,SJC_Gold,36.88,36.85,0.0008137800530474415,0.00023264450203764795,0.005663282588812312
2017-04-23,2017-04-22,SJC_Gold,36.88,36.88,0.0,0.00023264450203764795,0.005663282588812312
2017-04-24,2017-04-23,SJC_Gold,36.76,36.88,-0.0032591012009066667,0.00023264450203764795,0.005663282588812312
2017-04-25,2017-04-24,SJC_Gold,36.73,36.76,-0.0008164376559105513,0.00023264450203764795,0.005663282588812312
2017-04-26,2017-04-25,SJC_Gold,36.73,36.73,0.0,0.00023264450203764795,0.005663282588812312
2017-04-27,2017-04-26,SJC_Gold,36.73,36.73,0.0,0.00023264450203764795,0.005663282588812312
2017-04-28,2017-04-27,SJC_Gold,36.85,36.73,0.0032617588037697764,0.00023264450203764795,0.005663282588812312
2017-04-29,2017-04-28,SJC_Gold,36.88,36.85,0.0008137800530474415,0.00023264450203764795,0.005663282588812312
2017-04-30,2017-04-29,SJC_Gold,36.88,36.88,0.0,0.00023264450203764795,0.005663282588812312
2017-05-01,2017-04-30,SJC_Gold,36.88,36.88,0.0,0.00023264450203764795,0.005663282588812312
2017-05-02,2017-05-01,SJC_Gold,36.88,36.88,0.0,0.00023264450203764795,0.005663282588812312
2017-05-03,2017-05-02,SJC_Gold,36.72,36.88,-0.004347832936103302,0.00023264450203764795,0.005663282588812312
2017-05-04,2017-05-03,SJC_Gold,36.54,36.72,-0.004914014802428923,0.00023264450203764795,0.005663282588812312
2017-05-05,2017-05-04,SJC_Gold,36.65,36.54,0.003005877382799671,0.00023264450203764795,0.005663282588812312
2017-05-06,2017-05-05,SJC_Gold,36.63,36.65,-0.0005458515419372034,0.00023264450203764795,0.005663282588812312
2017-05-07,2017-05-06,SJC_Gold,36.63,36.63,0.0,0.00023264450203764795,0.005663282588812312
2017-05-08,2017-05-07,SJC_Gold,36.62,36.63,-0.00027303754435870076,0.00023264450203764795,0.005663282588812312
2017-05-09,2017-05-08,SJC_Gold,36.6,36.62,-0.0005462988390441126,0.00023264450203764795,0.005663282588812312
2017-05-10,2017-05-09,SJC_Gold,36.54,36.6,-0.0016406894574596542,0.00023264450203764795,0.005663282588812312
2017-05-11,2017-05-10,SJC_Gold,36.53,36.54,-0.0002737101426695254,0.00023264450203764795,0.005663282588812312
2017-05-12,2017-05-11,SJC_Gold,36.6,36.53,0.0019143996001291796,0.00023264450203764795,0.005663282588812312
2017-05-13,2017-05-12,SJC_Gold,36.62,36.6,0.0005462988390441126,0.00023264450203764795,0.005663282588812312
2017-05-14,2017-05-13,SJC_Gold,36.62,36.62,0.0,0.00023264450203764795,0.005663282588812312
2017-05-15,2017-05-14,SJC_Gold,36.62,36.62,0.0,0.00023264450203764795,0.005663282588812312
2017-05-16,2017-05-15,SJC_Gold,36.6,36.62,-0.0005462988390441126,0.00023264450203764795,0.005663282588812312
2017-05-17,2017-05-16,SJC_Gold,36.63,36.6,0.0008193363834028133,0.00023264450203764795,0.005663282588812312
2017-05-18,2017-05-17,SJC_Gold,36.68,36.63,0.0013640705975408451,0.00023264450203764795,0.005663282588812312
2017-05-19,2017-05-18,SJC_Gold,36.62,36.68,-0.001637108141899546,0.00023264450203764795,0.005663282588812312
2017-05-20,2017-05-19,SJC_Gold,36.63,36.62,0.00027303754435870076,0.00023264450203764795,0.005663282588812312
2017-05-21,2017-05-20,SJC_Gold,36.63,36.63,0.0,0.00023264450203764795,0.005663282588812312
2017-05-22,2017-05-21,SJC_Gold,36.6,36.63,-0.0008193363834028133,0.00023264450203764795,0.005663282588812312
2017-05-23,2017-05-22,SJC_Gold,36.58,36.6,-0.0005465974446008381,0.00023264450203764795,0.005663282588812312
2017-05-24,2017-05-23,SJC_Gold,36.51,36.58,-0.001915447295174122,0.00023264450203764795,0.005663282588812312
2017-05-25,2017-05-24,SJC_Gold,36.54,36.51,0.0008213552823153059,0.00023264450203764795,0.005663282588812312
2017-05-26,2017-05-25,SJC_Gold,36.58,36.54,0.001094092012858816,0.00023264450203764795,0.005663282588812312
2017-05-27,2017-05-26,SJC_Gold,36.6,36.58,0.0005465974446008381,0.00023264450203764795,0.005663282588812312
2017-05-28,2017-05-27,SJC_Gold,36.6,36.6,0.0,0.00023264450203764795,0.005663282588812312
2017-05-29,2017-05-28,SJC_Gold,36.53,36.6,-0.0019143996001291796,0.00023264450203764795,0.005663282588812312
2017-05-30,2017-05-29,SJC_Gold,36.48,36.53,-0.0013696756010608269,0.00023264450203764795,0.005663282588812312
2017-05-31,2017-05-30,SJC_Gold,36.4,36.48,-0.0021953905634353177,0.00023264450203764795,0.005663282588812312
2017-06-01,2017-05-31,SJC_Gold,36.43,36.4,0.0008238363777772761,0.00023264450203764795,0.005663282588812312
2017-06-02,2017-06-01,SJC_Gold,36.42,36.43,-0.00027453672101040993,0.00023264450203764795,0.005663282588812312
2017-06-03,2017-06-02,SJC_Gold,36.54,36.42,0.0032894766503988038,0.00023264450203764795,0.005663282588812312
2017-06-04,2017-06-03,SJC_Gold,36.54,36.54,0.0,0.00023264450203764795,0.005663282588812312
2017-06-05,2017-06-04,SJC_Gold,36.53,36.54,-0.0002737101426695254,0.00023264450203764795,0.005663282588812312
2017-06-06,2017-06-05,SJC_Gold,36.55,36.53,0.0005473453885960211,0.00023264450203764795,0.005663282588812312
2017-06-07,2017-06-06,SJC_Gold,36.59,36.55,0.0010937928353280668,0.00023264450203764795,0.005663282588812312
2017-06-08,2017-06-07,SJC_Gold,36.54,36.59,-0.0013674280812545625,0.00023264450203764795,0.005663282588812312
2017-06-09,2017-06-08,SJC_Gold,36.47,36.54,-0.0019175461292717522,0.00023264450203764795,0.005663282588812312
2017-06-10,2017-06-09,SJC_Gold,36.44,36.47,-0.0008229324288313578,0.00023264450203764795,0.005663282588812312
2017-06-11,2017-06-10,SJC_Gold,36.44,36.44,0.0,0.00023264450203764795,0.005663282588812312
2017-06-12,2017-06-11,SJC_Gold,36.44,36.44,0.0,0.00023264450203764795,0.005663282588812312
2017-06-13,2017-06-12,SJC_Gold,36.4,36.44,-0.00109829774906256,0.00023264450203764795,0.005663282588812312
2017-06-14,2017-06-13,SJC_Gold,36.44,36.4,0.00109829774906256,0.00023264450203764795,0.005663282588812312
2017-06-15,2017-06-14,SJC_Gold,36.43,36.44,-0.0002744613712852839,0.00023264450203764795,0.005663282588812312
2017-06-16,2017-06-15,SJC_Gold,36.36,36.43,-0.0019233417111941264,0.00023264450203764795,0.005663282588812312
2017-06-17,2017-06-16,SJC_Gold,36.36,36.36,0.0,0.00023264450203764795,0.005663282588812312
2017-06-18,2017-06-17,SJC_Gold,36.36,36.36,0.0,0.00023264450203764795,0.005663282588812312
2017-06-19,2017-06-18,SJC_Gold,36.35,36.36,-0.0002750653297498573,0.00023264450203764795,0.005663282588812312
2017-06-20,2017-06-19,SJC_Gold,36.34,36.35,-0.00027514101150316606,0.00023264450203764795,0.005663282588812312
2017-06-21,2017-06-20,SJC_Gold,36.33,36.34,-0.0002752167349147072,0.00023264450203764795,0.005663282588812312
2017-06-22,2017-06-21,SJC_Gold,36.37,36.33,0.0011004127657869844,0.00023264450203764795,0.005663282588812312
2017-06-23,2017-06-22,SJC_Gold,36.47,36.37,0.0027457458216915143,0.00023264450203764795,0.005663282588812312
2017-06-24,2017-06-23,SJC_Gold,36.47,36.47,0.0,0.00023264450203764795,0.005663282588812312
2017-06-25,2017-06-24,SJC_Gold,36.47,36.47,0.0,0.00023264450203764795,0.005663282588812312
2017-06-26,2017-06-25,SJC_Gold,36.35,36.47,-0.0032958008410606254,0.00023264450203764795,0.005663282588812312
2017-06-27,2017-06-26,SJC_Gold,36.38,36.35,0.0008249691104480483,0.00023264450203764795,0.005663282588812312
2017-06-28,2017-06-27,SJC_Gold,36.39,36.38,0.00027483853409204784,0.00023264450203764795,0.005663282588812312
2017-06-29,2017-06-28,SJC_Gold,36.36,36.39,-0.0008247423147902389,0.00023264450203764795,0.005663282588812312
2017-06-30,2017-06-29,SJC_Gold,36.37,36.36,0.00027498968961925385,0.00023264450203764795,0.005663282588812312
2017-07-01,2017-06-30,SJC_Gold,36.38,36.37,0.00027491409107893716,0.00023264450203764795,0.005663282588812312
2017-07-02,2017-07-01,SJC_Gold,36.38,36.38,0.0,0.00023264450203764795,0.005663282588812312
2017-07-03,2017-07-02,SJC_Gold,36.31,36.38,-0.0019259876637320872,0.00023264450203764795,0.005663282588812312
2017-07-04,2017-07-03,SJC_Gold,36.25,36.31,-0.0016538041255604874,0.00023264450203764795,0.005663282588812312
2017-07-05,2017-07-04,SJC_Gold,36.29,36.25,0.0011028399242949405,0.00023264450203764795,0.005663282588812312
2017-07-06,2017-07-05,SJC_Gold,36.29,36.29,0.0,0.00023264450203764795,0.005663282588812312
2017-07-07,2017-07-06,SJC_Gold,36.29,36.29,0.0,0.00023264450203764795,0.005663282588812312
2017-07-08,2017-07-07,SJC_Gold,36.27,36.29,-0.000551267930167576,0.00023264450203764795,0.005663282588812312
2017-07-09,2017-07-08,SJC_Gold,36.27,36.27,0.0,0.00023264450203764795,0.005663282588812312
2017-07-10,2017-07-09,SJC_Gold,36.24,36.27,-0.0008274721200325352,0.00023264450203764795,0.005663282588812312
2017-07-11,2017-07-10,SJC_Gold,36.26,36.24,0.0005517241519261695,0.00023264450203764795,0.005663282588812312
2017-07-12,2017-07-11,SJC_Gold,36.32,36.26,0.0016533484063878667,0.00023264450203764795,0.005663282588812312
2017-07-13,2017-07-12,SJC_Gold,36.36,36.32,0.001100715576185518,0.00023264450203764795,0.005663282588812312
2017-07-14,2017-07-13,SJC_Gold,36.34,36.36,-0.0005502063412530234,0.00023264450203764795,0.005663282588812312
2017-07-15,2017-07-14,SJC_Gold,36.4,36.34,0.0016497116746698737,0.00023264450203764795,0.005663282588812312
2017-07-16,2017-07-15,SJC_Gold,36.4,36.4,0.0,0.00023264450203764795,0.005663282588812312
2017-07-17,2017-07-16,SJC_Gold,36.41,36.4,0.0002746875446471009,0.00023264450203764795,0.005663282588812312
2017-07-18,2017-07-17,SJC_Gold,36.41,36.41,0.0,0.00023264450203764795,0.005663282588812312
2017-07-19,2017-07-18,SJC_Gold,36.38,36.41,-0.0008242890973657602,0.00023264450203764795,0.005663282588812312
2017-07-20,2017-07-19,SJC_Gold,36.36,36.38,-0.000549903780698191,0.00023264450203764795,0.005663282588812312
2017-07-21,2017-07-20,SJC_Gold,36.4,36.36,0.0010995053334168503,0.00023264450203764795,0.005663282588812312
2017-07-22,2017-07-21,SJC_Gold,36.43,36.4,0.0008238363777772761,0.00023264450203764795,0.005663282588812312
2017-07-23,2017-07-22,SJC_Gold,36.43,36.43,0.0,0.00023264450203764795,0.005663282588812312
2017-07-24,2017-07-23,SJC_Gold,36.39,36.43,-0.0010985993964038876,0.00023264450203764795,0.005663282588812312
2017-07-25,2017-07-24,SJC_Gold,36.33,36.39,-0.0016501653909579694,0.00023264450203764795,0.005663282588812312
2017-07-26,2017-07-25,SJC_Gold,36.26,36.33,-0.0019286409064056542,0.00023264450203764795,0.005663282588812312
2017-07-27,2017-07-26,SJC_Gold,36.35,36.26,0.0024789986528235275,0.00023264450203764795,0.005663282588812312
2017-07-28,2017-07-27,SJC_Gold,36.3,36.35,-0.0013764627087233805,0.00023264450203764795,0.005663282588812312
2017-07-29,2017-07-28,SJC_Gold,36.36,36.3,0.0016515280384732378,0.00023264450203764795,0.005663282588812312
2017-07-30,2017-07-29,SJC_Gold,36.36,36.36,0.0,0.00023264450203764795,0.005663282588812312
2017-07-31,2017-07-30,SJC_Gold,36.33,36.36,-0.0008254230761677306,0.00023264450203764795,0.005663282588812312
2017-08-01,2017-07-31,SJC_Gold,36.32,36.33,-0.0002752925000177875,0.00023264450203764795,0.005663282588812312
2017-08-02,2017-08-01,SJC_Gold,36.32,36.32,0.0,0.00023264450203764795,0.005663282588812312
2017-08-03,2017-08-02,SJC_Gold,36.35,36.32,0.0008256502464356608,0.00023264450203764795,0.005663282588812312
2017-08-04,2017-08-03,SJC_Gold,36.4,36.35,0.0013745706631667076,0.00023264450203764795,0.005663282588812312
2017-08-05,2017-08-04,SJC_Gold,36.35,36.4,-0.0013745706631667076,0.00023264450203764795,0.005663282588812312
2017-08-06,2017-08-05,SJC_Gold,36.35,36.35,0.0,0.00023264450203764795,0.005663282588812312
2017-08-07,2017-08-06,SJC_Gold,36.36,36.35,0.0002750653297498573,0.00023264450203764795,0.005663282588812312
2017-08-08,2017-08-07,SJC_Gold,36.3,36.36,-0.0016515280384732378,0.00023264450203764795,0.005663282588812312
2017-08-09,2017-08-08,SJC_Gold,36.32,36.3,0.0005508124622877197,0.00023264450203764795,0.005663282588812312
2017-08-10,2017-08-09,SJC_Gold,36.44,36.32,0.0032985186586649284,0.00023264450203764795,0.005663282588812312
2017-08-11,2017-08-10,SJC_Gold,36.53,36.44,0.0024667684154335845,0.00023264450203764795,0.005663282588812312
2017-08-12,2017-08-11,SJC_Gold,36.55,36.53,0.0005473453885960211,0.00023264450203764795,0.005663282588812312
2017-08-13,2017-08-12,SJC_Gold,36.55,36.55,0.0,0.00023264450203764795,0.005663282588812312
2017-08-14,2017-08-13,SJC_Gold,36.48,36.55,-0.001917020989656848,0.00023264450203764795,0.005663282588812312
2017-08-15,2017-08-14,SJC_Gold,36.39,36.48,-0.002470153582061929,0.00023264450203764795,0.005663282588812312
2017-08-16,2017-08-15,SJC_Gold,36.33,36.39,-0.0016501653909579694,0.00023264450203764795,0.005663282588812312
2017-08-17,2017-08-16,SJC_Gold,36.45,36.33,0.0032976122215568893,0.00023264450203764795,0.005663282588812312
2017-08-18,2017-08-17,SJC_Gold,36.52,36.45,0.0019185972721005307,0.00023264450203764795,0.005663282588812312
2017-08-19,2017-08-18,SJC_Gold,36.5,36.52,-0.0005477951383219271,0.00023264450203764795,0.005663282588812312
2017-08-20,2017-08-19,SJC_Gold,36.5,36.5,0.0,0.00023264450203764795,0.005663282588812312
2017-08-21,2017-08-20,SJC_Gold,36.48,36.5,-0.0005480953823155943,0.00023264450203764795,0.005663282588812312
2017-08-22,2017-08-21,SJC_Gold,36.45,36.48,-0.0008227067514630093,0.00023264450203764795,0.005663282588812312
2017-08-23,2017-08-22,SJC_Gold,36.43,36.45,-0.0005488474341950322,0.00023264450203764795,0.005663282588812312
2017-08-24,2017-08-23,SJC_Gold,36.42,36.43,-0.00027453672101040993,0.00023264450203764795,0.005663282588812312
2017-08-25,2017-08-24,SJC_Gold,36.45,36.42,0.0008233841552054422,0.00023264450203764795,0.005663282588812312
2017-08-26,2017-08-25,SJC_Gold,36.48,36.45,0.0008227067514630093,0.00023264450203764795,0.005663282588812312
2017-08-27,2017-08-26,SJC_Gold,36.48,36.48,0.0,0.00023264450203764795,0.005663282588812312
2017-08-28,2017-08-27,SJC_Gold,36.5,36.48,0.0005480953823155943,0.00023264450203764795,0.005663282588812312
2017-08-29,2017-08-28,SJC_Gold,36.73,36.5,0.006281599243129765,0.00023264450203764795,0.005663282588812312
2017-08-30,2017-08-29,SJC_Gold,36.59,36.73,-0.0038188808004604446,0.00023264450203764795,0.005663282588812312
2017-08-31,2017-08-30,SJC_Gold,36.56,36.59,-0.0008202324451658249,0.00023264450203764795,0.005663282588812312
2017-09-01,2017-08-31,SJC_Gold,36.65,36.56,0.0024586817467109334,0.00023264450203764795,0.005663282588812312
2017-09-02,2017-09-01,SJC_Gold,36.65,36.65,0.0,0.00023264450203764795,0.005663282588812312
2017-09-03,2017-09-02,SJC_Gold,36.65,36.65,0.0,0.00023264450203764795,0.005663282588812312
2017-09-04,2017-09-03,SJC_Gold,36.85,36.65,0.005442190302685113,0.00023264450203764795,0.005663282588812312
2017-09-05,2017-09-04,SJC_Gold,36.78,36.85,-0.0019013994591703387,0.00023264450203764795,0.005663282588812312
2017-09-06,2017-09-05,SJC_Gold,37.05,36.78,0.007314132565920506,0.00023264450203764795,0.005663282588812312
2017-09-07,2017-09-06,SJC_Gold,37.05,37.05,0.0,0.00023264450203764795,0.005663282588812312
2017-09-08,2017-09-07,SJC_Gold,37.28,37.05,0.0061886380752946835,0.00023264450203764795,0.005663282588812312
2017-09-09,2017-09-08,SJC_Gold,37.16,37.28,-0.003224075871752774,0.00023264450203764795,0.005663282588812312
2017-09-10,2017-09-09,SJC_Gold,37.16,37.16,0.0,0.00023264450203764795,0.005663282588812312
2017-09-11,2017-09-10,SJC_Gold,36.98,37.16,-0.004855687986658808,0.00023264450203764795,0.005663282588812312
2017-09-12,2017-09-11,SJC_Gold,36.74,36.98,-0.006511146171999105,0.00023264450203764795,0.005663282588812312
2017-09-13,2017-09-12,SJC_Gold,36.78,36.74,0.0010881393891954971,0.00023264450203764795,0.005663282588812312
2017-09-14,2017-09-13,SJC_Gold,36.7,36.78,-0.0021774641156504515,0.00023264450203764795,0.005663282588812312
2017-09-15,2017-09-14,SJC_Gold,36.85,36.7,0.00407886357482079,0.00023264450203764795,0.005663282588812312
2017-09-16,2017-09-15,SJC_Gold,36.8,36.85,-0.0013577734604601766,0.00023264450203764795,0.005663282588812312
2017-09-17,2017-09-16,SJC_Gold,36.8,36.8,0.0,0.00023264450203764795,0.005663282588812312
2017-09-18,2017-09-17,SJC_Gold,36.8,36.8,0.0,0.00023264450203764795,0.005663282588812312
2017-09-19,2017-09-18,SJC_Gold,36.76,36.8,-0.0010875476873990486,0.00023264450203764795,0.005663282588812312
2017-09-20,2017-09-19,SJC_Gold,36.8,36.76,0.0010875476873990486,0.00023264450203764795,0.005663282588812312
2017-09-21,2017-09-20,SJC_Gold,36.68,36.8,-0.0032661977866212943,0.00023264450203764795,0.005663282588812312
2017-09-22,2017-09-21,SJC_Gold,36.7,36.68,0.0005451076722606807,0.00023264450203764795,0.005663282588812312
2017-09-23,2017-09-22,SJC_Gold,36.73,36.7,0.0008171047710510138,0.00023264450203764795,0.005663282588812312
2017-09-24,2017-09-23,SJC_Gold,36.73,36.73,0.0,0.00023264450203764795,0.005663282588812312
2017-09-25,2017-09-24,SJC_Gold,36.7,36.73,-0.0008171047710510138,0.00023264450203764795,0.005663282588812312
2017-09-26,2017-09-25,SJC_Gold,36.72,36.7,0.0005448106917649298,0.00023264450203764795,0.005663282588812312
2017-09-27,2017-09-26,SJC_Gold,36.6,36.72,-0.003273325344969269,0.00023264450203764795,0.005663282588812312
2017-09-28,2017-09-27,SJC_Gold,36.55,36.6,-0.0013670542115331585,0.00023264450203764795,0.005663282588812312
2017-09-29,2017-09-28,SJC_Gold,36.65,36.55,0.0027322421368731753,0.00023264450203764795,0.005663282588812312
2017-09-30,2017-09-29,SJC_Gold,36.6,36.65,-0.0013651879253400168,0.00023264450203764795,0.005663282588812312
2017-10-01,2017-09-30,SJC_Gold,36.6,36.6,0.0,0.00023264450203764795,0.005663282588812312
2017-10-02,2017-10-01,SJC_Gold,36.5,36.6,-0.0027359798188744122,0.00023264450203764795,0.005663282588812312
2017-10-03,2017-10-02,SJC_Gold,36.45,36.5,-0.0013708021337786036,0.00023264450203764795,0.005663282588812312
2017-10-04,2017-10-03,SJC_Gold,36.56,36.45,0.003013288131282099,0.00023264450203764795,0.005663282588812312
2017-10-05,2017-10-04,SJC_Gold,36.6,36.56,0.0010934938213709167,0.00023264450203764795,0.005663282588812312
2017-10-06,2017-10-05,SJC_Gold,36.57,36.6,-0.000820008246030568,0.00023264450203764795,0.005663282588812312
2017-10-07,2017-10-06,SJC_Gold,36.61,36.57,0.001093194970855027,0.00023264450203764795,0.005663282588812312
2017-10-08,2017-10-07,SJC_Gold,36.61,36.61,0.0,0.00023264450203764795,0.005663282588812312
2017-10-09,2017-10-08,SJC_Gold,36.61,36.61,0.0,0.00023264450203764795,0.005663282588812312
2017-10-10,2017-10-09,SJC_Gold,36.64,36.61,0.000819112673784872,0.00023264450203764795,0.005663282588812312
2017-10-11,2017-10-10,SJC_Gold,36.63,36.64,-0.00027296301520651767,0.00023264450203764795,0.005663282588812312
2017-10-12,2017-10-11,SJC_Gold,36.69,36.63,0.0016366615764673575,0.00023264450203764795,0.005663282588812312
2017-10-13,2017-10-12,SJC_Gold,36.66,36.69,-0.0008179959556318117,0.00023264450203764795,0.005663282588812312
2017-10-14,2017-10-13,SJC_Gold,36.73,36.66,0.0019076174200169937,0.00023264450203764795,0.005663282588812312
2017-10-15,2017-10-14,SJC_Gold,36.73,36.73,0.0,0.00023264450203764795,0.005663282588812312
2017-10-16,2017-10-15,SJC_Gold,36.7,36.73,-0.0008171047710510138,0.00023264450203764795,0.005663282588812312
2017-10-17,2017-10-16,SJC_Gold,36.55,36.7,-0.004095568864737498,0.00023264450203764795,0.005663282588812312
2017-10-18,2017-10-17,SJC_Gold,36.52,36.55,-0.0008211304690193266,0.00023264450203764795,0.005663282588812312
2017-10-19,2017-10-18,SJC_Gold,36.52,36.52,0.0,0.00023264450203764795,0.005663282588812312
2017-10-20,2017-10-19,SJC_Gold,36.52,36.52,0.0,0.00023264450203764795,0.005663282588812312
2017-10-21,2017-10-20,SJC_Gold,36.54,36.52,0.0005474952230928309,0.00023264450203764795,0.005663282588812312
2017-10-22,2017-10-21,SJC_Gold,36.54,36.54,0.0,0.00023264450203764795,0.005663282588812312
2017-10-23,2017-10-22,SJC_Gold,36.53,36.54,-0.0002737101426695254,0.00023264450203764795,0.005663282588812312
2017-10-24,2017-10-23,SJC_Gold,36.5,36.53,-0.0008215802187452326,0.00023264450203764795,0.005663282588812312
2017-10-25,2017-10-24,SJC_Gold,36.47,36.5,-0.0008222557678569942,0.00023264450203764795,0.005663282588812312
2017-10-26,2017-10-25,SJC_Gold,36.47,36.47,0.0,0.00023264450203764795,0.005663282588812312
2017-10-27,2017-10-26,SJC_Gold,36.49,36.47,0.0005482456277672298,0.00023264450203764795,0.005663282588812312
2017-10-28,2017-10-27,SJC_Gold,36.54,36.49,0.0013693005015045223,0.00023264450203764795,0.005663282588812312
2017-10-29,2017-10-28,SJC_Gold,36.54,36.54,0.0,0.00023264450203764795,0.005663282588812312
2017-10-30,2017-10-29,SJC_Gold,36.5,36.54,-0.001095290361414758,0.00023264450203764795,0.005663282588812312
2017-10-31,2017-10-30,SJC_Gold,36.58,36.5,0.002189382374273574,0.00023264450203764795,0.005663282588812312
2017-11-01,2017-10-31,SJC_Gold,36.62,36.58,0.0010928962836449507,0.00023264450203764795,0.005663282588812312
2017-11-02,2017-11-01,SJC_Gold,36.62,36.62,0.0,0.00023264450203764795,0.005663282588812312
2017-11-03,2017-11-02,SJC_Gold,36.6,36.62,-0.0005462988390441126,0.00023264450203764795,0.005663282588812312
2017-11-04,2017-11-03,SJC_Gold,36.58,36.6,-0.0005465974446008381,0.00023264450203764795,0.005663282588812312
2017-11-05,2017-11-04,SJC_Gold,36.58,36.58,0.0,0.00023264450203764795,0.005663282588812312
2017-11-06,2017-11-05,SJC_Gold,36.62,36.58,0.0010928962836449507,0.00023264450203764795,0.005663282588812312
2017-11-07,2017-11-06,SJC_Gold,36.63,36.62,0.00027303754435870076,0.00023264450203764795,0.005663282588812312
2017-11-08,2017-11-07,SJC_Gold,36.64,36.63,0.00027296301520651767,0.00023264450203764795,0.005663282588812312
2017-11-09,2017-11-08,SJC_Gold,36.65,36.64,0.00027288852673068575,0.00023264450203764795,0.005663282588812312
2017-11-10,2017-11-09,SJC_Gold,36.62,36.65,-0.0008188890862959042,0.00023264450203764795,0.005663282588812312
2017-11-11,2017-11-10,SJC_Gold,36.61,36.62,-0.00027311211421965353,0.00023264450203764795,0.005663282588812312
2017-11-12,2017-11-11,SJC_Gold,36.61,36.61,0.0,0.00023264450203764795,0.005663282588812312
2017-11-13,2017-11-12,SJC_Gold,36.62,36.61,0.00027311211421965353,0.00023264450203764795,0.005663282588812312
2017-11-14,2017-11-13,SJC_Gold,36.55,36.62,-0.0019133530505772711,0.00023264450203764795,0.005663282588812312
2017-11-15,2017-11-14,SJC_Gold,36.62,36.55,0.0019133530505772711,0.00023264450203764795,0.005663282588812312
2017-11-16,2017-11-15,SJC_Gold,36.56,36.62,-0.0016397926604150292,0.00023264450203764795,0.005663282588812312
2017-11-17,2017-11-16,SJC_Gold,36.55,36.56,-0.0002735603901622419,0.00023264450203764795,0.005663282588812312
2017-11-18,2017-11-17,SJC_Gold,36.63,36.55,0.002186390594935972,0.00023264450203764795,0.005663282588812312
2017-11-19,2017-11-18,SJC_Gold,36.63,36.63,0.0,0.00023264450203764795,0.005663282588812312
2017-11-20,2017-11-19,SJC_Gold,36.57,36.63,-0.0016393446294333813,0.00023264450203764795,0.005663282588812312
2017-11-21,2017-11-20,SJC_Gold,36.6,36.57,0.000820008246030568,0.00023264450203764795,0.005663282588812312
2017-11-22,2017-11-21,SJC_Gold,36.62,36.6,0.0005462988390441126,0.00023264450203764795,0.005663282588812312
2017-11-23,2017-11-22,SJC_Gold,36.6,36.62,-0.0005462988390441126,0.00023264450203764795,0.005663282588812312
2017-11-24,2017-11-23,SJC_Gold,36.6,36.6,0.0,0.00023264450203764795,0.005663282588812312
2017-11-25,2017-11-24,SJC_Gold,36.6,36.6,0.0,0.00023264450203764795,0.005663282588812312
2017-11-26,2017-11-25,SJC_Gold,36.6,36.6,0.0,0.00023264450203764795,0.005663282588812312
2017-11-27,2017-11-26,SJC_Gold,36.6,36.6,0.0,0.00023264450203764795,0.005663282588812312
2017-11-28,2017-11-27,SJC_Gold,36.58,36.6,-0.0005465974446008381,0.00023264450203764795,0.005663282588812312
2017-11-29,2017-11-28,SJC_Gold,36.6,36.58,0.0005465974446008381,0.00023264450203764795,0.005663282588812312
2017-11-30,2017-11-29,SJC_Gold,36.51,36.6,-0.00246204473977496,0.00023264450203764795,0.005663282588812312
2017-12-01,2017-11-30,SJC_Gold,36.53,36.51,0.0005476451396457804,0.00023264450203764795,0.005663282588812312
2017-12-02,2017-12-01,SJC_Gold,36.56,36.53,0.000820905778758263,0.00023264450203764795,0.005663282588812312
2017-12-03,2017-12-02,SJC_Gold,36.56,36.56,0.0,0.00023264450203764795,0.005663282588812312
2017-12-04,2017-12-03,SJC_Gold,36.54,36.56,-0.0005471956360887376,0.00023264450203764795,0.005663282588812312
2017-12-05,2017-12-04,SJC_Gold,36.52,36.54,-0.0005474952230928309,0.00023264450203764795,0.005663282588812312
2017-12-06,2017-12-05,SJC_Gold,36.52,36.52,0.0,0.00023264450203764795,0.005663282588812312
2017-12-07,2017-12-06,SJC_Gold,36.45,36.52,-0.0019185972721005307,0.00023264450203764795,0.005663282588812312
2017-12-08,2017-12-07,SJC_Gold,36.38,36.45,-0.0019222853646909677,0.00023264450203764795,0.005663282588812312
2017-12-09,2017-12-08,SJC_Gold,36.4,36.38,0.0005496015527186593,0.00023264450203764795,0.005663282588812312
2017-12-10,2017-12-09,SJC_Gold,36.4,36.4,0.0,0.00023264450203764795,0.005663282588812312
2017-12-11,2017-12-10,SJC_Gold,36.47,36.4,0.0019212301778939178,0.00023264450203764795,0.005663282588812312
2017-12-12,2017-12-11,SJC_Gold,36.5,36.47,0.0008222557678569942,0.00023264450203764795,0.005663282588812312
2017-12-13,2017-12-12,SJC_Gold,36.46,36.5,-0.0010964913379289953,0.00023264450203764795,0.005663282588812312
2017-12-14,2017-12-13,SJC_Gold,36.5,36.46,0.0010964913379289953,0.00023264450203764795,0.005663282588812312
2017-12-15,2017-12-14,SJC_Gold,36.5,36.5,0.0,0.00023264450203764795,0.005663282588812312
2017-12-16,2017-12-15,SJC_Gold,36.52,36.5,0.0005477951383219271,0.00023264450203764795,0.005663282588812312
2017-12-17,2017-12-16,SJC_Gold,36.52,36.52,0.0,0.00023264450203764795,0.005663282588812312
2017-12-18,2017-12-17,SJC_Gold,36.52,36.52,0.0,0.00023264450203764795,0.005663282588812312
2017-12-19,2017-12-18,SJC_Gold,36.54,36.52,0.0005474952230928309,0.00023264450203764795,0.005663282588812312
2017-12-20,2017-12-19,SJC_Gold,36.5,36.54,-0.001095290361414758,0.00023264450203764795,0.005663282588812312
2017-12-21,2017-12-20,SJC_Gold,36.48,36.5,-0.0005480953823155943,0.00023264450203764795,0.005663282588812312
2017-12-22,2017-12-21,SJC_Gold,36.52,36.48,0.0010958905206375213,0.00023264450203764795,0.005663282588812312
2017-12-23,2017-12-22,SJC_Gold,36.57,36.52,0.0013681764345219172,0.00023264450203764795,0.005663282588812312
2017-12-24,2017-12-23,SJC_Gold,36.57,36.57,0.0,0.00023264450203764795,0.005663282588812312
2017-12-25,2017-12-24,SJC_Gold,36.53,36.57,-0.0010943913540986117,0.00023264450203764795,0.005663282588812312
2017-12-26,2017-12-25,SJC_Gold,36.54,36.53,0.0002737101426695254,0.00023264450203764795,0.005663282588812312
2017-12-27,2017-12-26,SJC_Gold,36.58,36.54,0.001094092012858816,0.00023264450203764795,0.005663282588812312
2017-12-28,2017-12-27,SJC_Gold,36.59,36.58,0.0002733360683957464,0.00023264450203764795,0.005663282588812312
2017-12-29,2017-12-28,SJC_Gold,36.56,36.59,-0.0008202324451658249,0.00023264450203764795,0.005663282588812312
2017-12-30,2017-12-29,SJC_Gold,36.44,36.56,-0.0032876741941918475,0.00023264450203764795,0.005663282588812312
2017-12-31,2017-12-30,SJC_Gold,36.44,36.44,0.0,0.00023264450203764795,0.005663282588812312
2018-01-01,2017-12-31,SJC_Gold,36.67,36.44,0.00629190969147686,0.00023264450203764795,0.005663282588812312
2018-01-02,2018-01-01,SJC_Gold,36.75,36.67,0.002179243575611167,0.00023264450203764795,0.005663282588812312
2018-01-03,2018-01-02,SJC_Gold,36.7,36.75,-0.001361470598320924,0.00023264450203764795,0.005663282588812312
2018-01-04,2018-01-03,SJC_Gold,36.64,36.7,-0.0016362152545950082,0.00023264450203764795,0.005663282588812312
2018-01-05,2018-01-04,SJC_Gold,36.69,36.64,0.0013636985612608399,0.00023264450203764795,0.005663282588812312
2018-01-06,2018-01-05,SJC_Gold,36.68,36.69,-0.0002725909789265124,0.00023264450203764795,0.005663282588812312
2018-01-07,2018-01-06,SJC_Gold,36.68,36.68,0.0,0.00023264450203764795,0.005663282588812312
2018-01-08,2018-01-07,SJC_Gold,36.6,36.68,-0.0021834069809436585,0.00023264450203764795,0.005663282588812312
2018-01-09,2018-01-08,SJC_Gold,36.6,36.6,0.0,0.00023264450203764795,0.005663282588812312
2018-01-10,2018-01-09,SJC_Gold,36.61,36.6,0.00027318672482445905,0.00023264450203764795,0.005663282588812312
2018-01-11,2018-01-10,SJC_Gold,36.65,36.61,0.0010920012005155577,0.00023264450203764795,0.005663282588812312
2018-01-12,2018-01-11,SJC_Gold,36.8,36.65,0.004084416842224936,0.00023264450203764795,0.005663282588812312
2018-01-13,2018-01-12,SJC_Gold,36.95,36.8,0.004067802219325678,0.00023264450203764795,0.005663282588812312
2018-01-14,2018-01-13,SJC_Gold,36.95,36.95,0.0,0.00023264450203764795,0.005663282588812312
2018-01-15,2018-01-14,SJC_Gold,37.0,36.95,0.001352265250013307,0.00023264450203764795,0.005663282588812312
2018-01-16,2018-01-15,SJC_Gold,36.87,37.0,-0.003519700398171288,0.00023264450203764795,0.005663282588812312
2018-01-17,2018-01-16,SJC_Gold,36.87,36.87,0.0,0.00023264450203764795,0.005663282588812312
2018-01-18,2018-01-17,SJC_Gold,36.77,36.87,-0.002715916932872542,0.00023264450203764795,0.005663282588812312
2018-01-19,2018-01-18,SJC_Gold,36.86,36.77,0.0024446569284966024,0.00023264450203764795,0.005663282588812312
2018-01-20,2018-01-19,SJC_Gold,36.85,36.86,-0.00027133360633158077,0.00023264450203764795,0.005663282588812312
2018-01-21,2018-01-20,SJC_Gold,36.85,36.85,0.0,0.00023264450203764795,0.005663282588812312
2018-01-22,2018-01-21,SJC_Gold,36.87,36.85,0.0005425936107075202,0.00023264450203764795,0.005663282588812312
2018-01-23,2018-01-22,SJC_Gold,36.88,36.87,0.0002711864423399213,0.00023264450203764795,0.005663282588812312
2018-01-24,2018-01-23,SJC_Gold,36.98,36.88,0.0027078272705858275,0.00023264450203764795,0.005663282588812312
2018-01-25,2018-01-24,SJC_Gold,37.16,36.98,0.004855687986658808,0.00023264450203764795,0.005663282588812312
2018-01-26,2018-01-25,SJC_Gold,37.15,37.16,-0.0002691427818692915,0.00023264450203764795,0.005663282588812312
2018-01-27,2018-01-26,SJC_Gold,37.1,37.15,-0.0013468015503788067,0.00023264450203764795,0.005663282588812312
2018-01-28,2018-01-27,SJC_Gold,37.1,37.1,0.0,0.00023264450203764795,0.005663282588812312
2018-01-29,2018-01-28,SJC_Gold,36.98,37.1,-0.0032397436544107094,0.00023264450203764795,0.005663282588812312
2018-01-30,2018-01-29,SJC_Gold,36.89,36.98,-0.0024367143503947197,0.00023264450203764795,0.005663282588812312
2018-01-31,2018-01-30,SJC_Gold,36.88,36.89,-0.0002711129201911078,0.00023264450203764795,0.005663282588812312
2018-02-01,2018-01-31,SJC_Gold,36.87,36.88,-0.0002711864423399213,0.00023264450203764795,0.005663282588812312
2018-02-02,2018-02-01,SJC_Gold,36.92,36.87,0.0013551973885985724,0.00023264450203764795,0.005663282588812312
2018-02-03,2018-02-02,SJC_Gold,36.88,36.92,-0.0010840109462586511,0.00023264450203764795,0.005663282588812312
2018-02-04,2018-02-03,SJC_Gold,36.88,36.88,0.0,0.00023264450203764795,0.005663282588812312
2018-02-05,2018-02-04,SJC_Gold,36.84,36.88,-0.0010851873012867053,0.00023264450203764795,0.005663282588812312
2018-02-06,2018-02-05,SJC_Gold,36.92,36.84,0.0021691982475453564,0.00023264450203764795,0.005663282588812312
2018-02-07,2018-02-06,SJC_Gold,36.87,36.92,-0.0013551973885985724,0.00023264450203764795,0.005663282588812312
2018-02-08,2018-02-07,SJC_Gold,36.7,36.87,-0.00462145718552831,0.00023264450203764795,0.005663282588812312
2018-02-09,2018-02-08,SJC_Gold,36.78,36.7,0.0021774641156504515,0.00023264450203764795,0.005663282588812312
2018-02-10,2018-02-09,SJC_Gold,36.93,36.78,0.004070009688296405,0.00023264450203764795,0.005663282588812312
2018-02-11,2018-02-10,SJC_Gold,36.93,36.93,0.0,0.00023264450203764795,0.005663282588812312
2018-02-12,2018-02-11,SJC_Gold,37.04,36.93,0.002974180913506874,0.00023264450203764795,0.005663282588812312
2018-02-13,2018-02-12,SJC_Gold,37.12,37.04,0.0021574981400211968,0.00023264450203764795,0.005663282588812312
2018-02-14,2018-02-13,SJC_Gold,37.12,37.12,0.0,0.00023264450203764795,0.005663282588812312
2018-02-15,2018-02-14,SJC_Gold,37.12,37.12,0.0,0.00023264450203764795,0.005663282588812312
2018-02-16,2018-02-15,SJC_Gold,37.12,37.12,0.0,0.00023264450203764795,0.005663282588812312
2018-02-17,2018-02-16,SJC_Gold,37.12,37.12,0.0,0.00023264450203764795,0.005663282588812312
2018-02-18,2018-02-17,SJC_Gold,37.12,37.12,0.0,0.00023264450203764795,0.005663282588812312
2018-02-19,2018-02-18,SJC_Gold,37.12,37.12,0.0,0.00023264450203764795,0.005663282588812312
2018-02-20,2018-02-19,SJC_Gold,37.12,37.12,0.0,0.00023264450203764795,0.005663282588812312
2018-02-21,2018-02-20,SJC_Gold,37.12,37.12,0.0,0.00023264450203764795,0.005663282588812312
2018-02-22,2018-02-21,SJC_Gold,37.01,37.12,-0.0029677615199350527,0.00023264450203764795,0.005663282588812312
2018-02-23,2018-02-22,SJC_Gold,36.99,37.01,-0.0005405405537017849,0.00023264450203764795,0.005663282588812312
2018-02-24,2018-02-23,SJC_Gold,36.98,36.99,-0.0002703798853840311,0.00023264450203764795,0.005663282588812312
2018-02-25,2018-02-24,SJC_Gold,37.05,36.98,0.0018911257831168982,0.00023264450203764795,0.005663282588812312
2018-02-26,2018-02-25,SJC_Gold,36.95,37.05,-0.0027027043478846657,0.00023264450203764795,0.005663282588812312
2018-02-27,2018-02-26,SJC_Gold,36.92,36.95,-0.0008122377595594088,0.00023264450203764795,0.005663282588812312
2018-02-28,2018-02-27,SJC_Gold,36.7,36.92,-0.005976654574126883,0.00023264450203764795,0.005663282588812312
2018-03-01,2018-02-28,SJC_Gold,36.69,36.7,-0.0002725166933341683,0.00023264450203764795,0.005663282588812312
2018-03-02,2018-03-01,SJC_Gold,36.77,36.69,0.002178056945989937,0.00023264450203764795,0.005663282588812312
2018-03-03,2018-03-02,SJC_Gold,36.82,36.77,0.0013588804917512576,0.00023264450203764795,0.005663282588812312
2018-03-04,2018-03-03,SJC_Gold,36.82,36.82,0.0,0.00023264450203764795,0.005663282588812312
2018-03-05,2018-03-04,SJC_Gold,36.86,36.82,0.0010857764367453449,0.00023264450203764795,0.005663282588812312
2018-03-06,2018-03-05,SJC_Gold,36.82,36.86,-0.0010857764367453449,0.00023264450203764795,0.005663282588812312
2018-03-07,2018-03-06,SJC_Gold,36.84,36.82,0.0005430355821745003,0.00023264450203764795,0.005663282588812312
2018-03-08,2018-03-07,SJC_Gold,36.82,36.84,-0.0005430355821745003,0.00023264450203764795,0.005663282588812312
2018-03-09,2018-03-08,SJC_Gold,36.77,36.82,-0.0013588804917512576,0.00023264450203764795,0.005663282588812312
2018-03-10,2018-03-09,SJC_Gold,36.82,36.77,0.0013588804917512576,0.00023264450203764795,0.005663282588812312
2018-03-11,2018-03-10,SJC_Gold,36.82,36.82,0.0,0.00023264450203764795,0.005663282588812312
2018-03-12,2018-03-11,SJC_Gold,36.76,36.82,-0.001630878317445461,0.00023264450203764795,0.005663282588812312
2018-03-13,2018-03-12,SJC_Gold,36.73,36.76,-0.0008164376559105513,0.00023264450203764795,0.005663282588812312
2018-03-14,2018-03-13,SJC_Gold,36.76,36.73,0.0008164376559105513,0.00023264450203764795,0.005663282588812312
2018-03-15,2018-03-14,SJC_Gold,36.76,36.76,0.0,0.00023264450203764795,0.005663282588812312
2018-03-16,2018-03-15,SJC_Gold,36.75,36.76,-0.00027207182864064094,0.00023264450203764795,0.005663282588812312
2018-03-17,2018-03-16,SJC_Gold,36.73,36.75,-0.0005443658272699103,0.00023264450203764795,0.005663282588812312
2018-03-18,2018-03-17,SJC_Gold,36.73,36.73,0.0,0.00023264450203764795,0.005663282588812312
2018-03-19,2018-03-18,SJC_Gold,36.67,36.73,-0.0016348777483412569,0.00023264450203764795,0.005663282588812312
2018-03-20,2018-03-19,SJC_Gold,36.69,36.67,0.0005452562839560748,0.00023264450203764795,0.005663282588812312
2018-03-21,2018-03-20,SJC_Gold,36.7,36.69,0.0002725166933341683,0.00023264450203764795,0.005663282588812312
2018-03-22,2018-03-21,SJC_Gold,36.78,36.7,0.0021774641156504515,0.00023264450203764795,0.005663282588812312
2018-03-23,2018-03-22,SJC_Gold,36.89,36.78,0.002986292432408888,0.00023264450203764795,0.005663282588812312
2018-03-24,2018-03-23,SJC_Gold,37.04,36.89,0.004057898169394392,0.00023264450203764795,0.005663282588812312
2018-03-25,2018-03-24,SJC_Gold,37.04,37.04,0.0,0.00023264450203764795,0.005663282588812312
2018-03-26,2018-03-25,SJC_Gold,37.02,37.04,-0.0005401026326268266,0.00023264450203764795,0.005663282588812312
2018-03-27,2018-03-26,SJC_Gold,37.05,37.02,0.0008100445967440528,0.00023264450203764795,0.005663282588812312
2018-03-28,2018-03-27,SJC_Gold,36.9,37.05,-0.004056800695614093,0.00023264450203764795,0.005663282588812312
2018-03-29,2018-03-28,SJC_Gold,36.73,36.9,-0.00461769121490585,0.00023264450203764795,0.005663282588812312
2018-03-30,2018-03-29,SJC_Gold,36.82,36.73,0.0024473159733560124,0.00023264450203764795,0.005663282588812312
2018-03-31,2018-03-30,SJC_Gold,36.8,36.82,-0.0005433306300464125,0.00023264450203764795,0.005663282588812312
2018-04-01,2018-03-31,SJC_Gold,36.8,36.8,0.0,0.00023264450203764795,0.005663282588812312
2018-04-02,2018-04-01,SJC_Gold,36.8,36.8,0.0,0.00023264450203764795,0.005663282588812312
2018-04-03,2018-04-02,SJC_Gold,36.86,36.8,0.0016291070667917573,0.00023264450203764795,0.005663282588812312
2018-04-04,2018-04-03,SJC_Gold,36.92,36.86,0.0016264573929745119,0.00023264450203764795,0.005663282588812312
2018-04-05,2018-04-04,SJC_Gold,36.75,36.92,-0.004615183975805959,0.00023264450203764795,0.005663282588812312
2018-04-06,2018-04-05,SJC_Gold,36.78,36.75,0.0008159935173295274,0.00023264450203764795,0.005663282588812312
2018-04-07,2018-04-06,SJC_Gold,36.82,36.78,0.0010869566287565746,0.00023264450203764795,0.005663282588812312
2018-04-08,2018-04-07,SJC_Gold,36.82,36.82,0.0,0.00023264450203764795,0.005663282588812312
2018-04-09,2018-04-08,SJC_Gold,36.8,36.82,-0.0005433306300464125,0.00023264450203764795,0.005663282588812312
2018-04-10,2018-04-09,SJC_Gold,36.85,36.8,0.0013577734604601766,0.00023264450203764795,0.005663282588812312
2018-04-11,2018-04-10,SJC_Gold,36.91,36.85,0.0016268984065614944,0.00023264450203764795,0.005663282588812312
2018-04-12,2018-04-11,SJC_Gold,37.04,36.91,0.0035158927360714465,0.00023264450203764795,0.005663282588812312
2018-04-13,2018-04-12,SJC_Gold,36.96,37.04,-0.00216216300449501,0.00023264450203764795,0.005663282588812312
2018-04-14,2018-04-13,SJC_Gold,37.17,36.96,0.005665737535677451,0.00023264450203764795,0.005663282588812312
2018-04-15,2018-04-14,SJC_Gold,37.17,37.17,0.0,0.00023264450203764795,0.005663282588812312
2018-04-16,2018-04-15,SJC_Gold,37.03,37.17,-0.003773589383639475,0.00023264450203764795,0.005663282588812312
2018-04-17,2018-04-16,SJC_Gold,37.02,37.03,-0.00027008778016979207,0.00023264450203764795,0.005663282588812312
2018-04-18,2018-04-17,SJC_Gold,36.99,37.02,-0.0008107013009888142,0.00023264450203764795,0.005663282588812312
2018-04-19,2018-04-18,SJC_Gold,37.09,36.99,0.0026997856571364665,0.00023264450203764795,0.005663282588812312
2018-04-20,2018-04-19,SJC_Gold,36.98,37.09,-0.0029701655425204976,0.00023264450203764795,0.005663282588812312
2018-04-21,2018-04-20,SJC_Gold,36.93,36.98,-0.0013529970945072023,0.00023264450203764795,0.005663282588812312
2018-04-22,2018-04-21,SJC_Gold,36.93,36.93,0.0,0.00023264450203764795,0.005663282588812312
2018-04-23,2018-04-22,SJC_Gold,36.83,36.93,-0.0027114984074976256,0.00023264450203764795,0.005663282588812312
2018-04-24,2018-04-23,SJC_Gold,36.84,36.83,0.00027148093013229513,0.00023264450203764795,0.005663282588812312
2018-04-25,2018-04-24,SJC_Gold,36.84,36.84,0.0,0.00023264450203764795,0.005663282588812312
2018-04-26,2018-04-25,SJC_Gold,36.79,36.84,-0.0013581422704231905,0.00023264450203764795,0.005663282588812312
2018-04-27,2018-04-26,SJC_Gold,36.82,36.79,0.0008151066882486901,0.00023264450203764795,0.005663282588812312
2018-04-28,2018-04-27,SJC_Gold,36.87,36.82,0.0013570364411212843,0.00023264450203764795,0.005663282588812312
2018-04-29,2018-04-28,SJC_Gold,36.87,36.87,0.0,0.00023264450203764795,0.005663282588812312
2018-04-30,2018-04-29,SJC_Gold,36.87,36.87,0.0,0.00023264450203764795,0.005663282588812312
2018-05-01,2018-04-30,SJC_Gold,36.87,36.87,0.0,0.00023264450203764795,0.005663282588812312
2018-05-02,2018-05-01,SJC_Gold,36.72,36.87,-0.004076646493763381,0.00023264450203764795,0.005663282588812312
2018-05-03,2018-05-02,SJC_Gold,36.75,36.72,0.0008166599065559943,0.00023264450203764795,0.005663282588812312
2018-05-04,2018-05-03,SJC_Gold,36.75,36.75,0.0,0.00023264450203764795,0.005663282588812312
2018-05-05,2018-05-04,SJC_Gold,36.78,36.75,0.0008159935173295274,0.00023264450203764795,0.005663282588812312
2018-05-06,2018-05-05,SJC_Gold,36.78,36.78,0.0,0.00023264450203764795,0.005663282588812312
2018-05-07,2018-05-06,SJC_Gold,36.73,36.78,-0.0013603593445994377,0.00023264450203764795,0.005663282588812312
2018-05-08,2018-05-07,SJC_Gold,36.73,36.73,0.0,0.00023264450203764795,0.005663282588812312
2018-05-09,2018-05-08,SJC_Gold,36.72,36.73,-0.00027229407928608396,0.00023264450203764795,0.005663282588812312
2018-05-10,2018-05-09,SJC_Gold,36.74,36.72,0.0005445140346900246,0.00023264450203764795,0.005663282588812312
2018-05-11,2018-05-10,SJC_Gold,36.83,36.74,0.002446650669994277,0.00023264450203764795,0.005663282588812312
2018-05-12,2018-05-11,SJC_Gold,36.8,36.83,-0.0008148852820886177,0.00023264450203764795,0.005663282588812312
2018-05-13,2018-05-12,SJC_Gold,36.8,36.8,0.0,0.00023264450203764795,0.005663282588812312
2018-05-14,2018-05-13,SJC_Gold,36.81,36.8,0.0002717022160445559,0.00023264450203764795,0.005663282588812312
2018-05-15,2018-05-14,SJC_Gold,36.73,36.81,-0.002175687559354156,0.00023264450203764795,0.005663282588812312
2018-05-16,2018-05-15,SJC_Gold,36.68,36.73,-0.0013622124433116944,0.00023264450203764795,0.005663282588812312
2018-05-17,2018-05-16,SJC_Gold,36.66,36.68,-0.0005454049767052993,0.00023264450203764795,0.005663282588812312
2018-05-18,2018-05-17,SJC_Gold,36.68,36.66,0.0005454049767052993,0.00023264450203764795,0.005663282588812312
2018-05-19,2018-05-18,SJC_Gold,36.75,36.68,0.0019065782705816048,0.00023264450203764795,0.005663282588812312
2018-05-20,2018-05-19,SJC_Gold,36.75,36.75,0.0,0.00023264450203764795,0.005663282588812312
2018-05-21,2018-05-20,SJC_Gold,36.69,36.75,-0.0016339872916550924,0.00023264450203764795,0.005663282588812312
2018-05-22,2018-05-21,SJC_Gold,36.7,36.69,0.0002725166933341683,0.00023264450203764795,0.005663282588812312
2018-05-23,2018-05-22,SJC_Gold,36.7,36.7,0.0,0.00023264450203764795,0.005663282588812312
2018-05-24,2018-05-23,SJC_Gold,36.7,36.7,0.0,0.00023264450203764795,0.005663282588812312
2018-05-25,2018-05-24,SJC_Gold,36.75,36.7,0.001361470598320924,0.00023264450203764795,0.005663282588812312
2018-05-26,2018-05-25,SJC_Gold,36.73,36.75,-0.0005443658272699103,0.00023264450203764795,0.005663282588812312
2018-05-27,2018-05-26,SJC_Gold,36.73,36.73,0.0,0.00023264450203764795,0.005663282588812312
2018-05-28,2018-05-27,SJC_Gold,36.69,36.73,-0.001089621464385182,0.00023264450203764795,0.005663282588812312
2018-05-29,2018-05-28,SJC_Gold,36.74,36.69,0.0013618414197891227,0.00023264450203764795,0.005663282588812312
2018-05-30,2018-05-29,SJC_Gold,36.7,36.74,-0.0010893247264549544,0.00023264450203764795,0.005663282588812312
2018-05-31,2018-05-30,SJC_Gold,36.72,36.7,0.0005448106917649298,0.00023264450203764795,0.005663282588812312
2018-06-01,2018-05-31,SJC_Gold,36.72,36.72,0.0,0.00023264450203764795,0.005663282588812312
2018-06-02,2018-06-01,SJC_Gold,36.71,36.72,-0.0002723682435465946,0.00023264450203764795,0.005663282588812312
2018-06-03,2018-06-02,SJC_Gold,36.71,36.71,0.0,0.00023264450203764795,0.005663282588812312
2018-06-04,2018-06-03,SJC_Gold,36.7,36.71,-0.0002724424482183352,0.00023264450203764795,0.005663282588812312
2018-06-05,2018-06-04,SJC_Gold,36.71,36.7,0.0002724424482183352,0.00023264450203764795,0.005663282588812312
2018-06-06,2018-06-05,SJC_Gold,36.72,36.71,0.0002723682435465946,0.00023264450203764795,0.005663282588812312
2018-06-07,2018-06-06,SJC_Gold,36.75,36.72,0.0008166599065559943,0.00023264450203764795,0.005663282588812312
2018-06-08,2018-06-07,SJC_Gold,36.77,36.75,0.0005440696543348444,0.00023264450203764795,0.005663282588812312
2018-06-09,2018-06-08,SJC_Gold,36.82,36.77,0.0013588804917512576,0.00023264450203764795,0.005663282588812312
2018-06-10,2018-06-09,SJC_Gold,36.82,36.82,0.0,0.00023264450203764795,0.005663282588812312
2018-06-11,2018-06-10,SJC_Gold,36.96,36.82,0.003795070968551695,0.00023264450203764795,0.005663282588812312
2018-06-12,2018-06-11,SJC_Gold,37.03,36.96,0.0018921481520379757,0.00023264450203764795,0.005663282588812312
2018-06-13,2018-06-12,SJC_Gold,36.97,37.03,-0.0016216219769811246,0.00023264450203764795,0.005663282588812312
2018-06-14,2018-06-13,SJC_Gold,37.0,36.97,0.0008111396956840267,0.00023264450203764795,0.005663282588812312
2018-06-15,2018-06-14,SJC_Gold,36.97,37.0,-0.0008111396956840267,0.00023264450203764795,0.005663282588812312
2018-06-16,2018-06-15,SJC_Gold,36.89,36.97,-0.0021662613399562325,0.00023264450203764795,0.005663282588812312
2018-06-17,2018-06-16,SJC_Gold,36.89,36.89,0.0,0.00023264450203764795,0.005663282588812312
2018-06-18,2018-06-17,SJC_Gold,36.92,36.89,0.0008128980260675434,0.00023264450203764795,0.005663282588812312
2018-06-19,2018-06-18,SJC_Gold,36.94,36.92,0.0005415651364422125,0.00023264450203764795,0.005663282588812312
2018-06-20,2018-06-19,SJC_Gold,36.92,36.94,-0.0005415651364422125,0.00023264450203764795,0.005663282588812312
2018-06-21,2018-06-20,SJC_Gold,36.83,36.92,-0.0024406791776776515,0.00023264450203764795,0.005663282588812312
2018-06-22,2018-06-21,SJC_Gold,36.97,36.83,0.0037940424915663407,0.00023264450203764795,0.005663282588812312
2018-06-23,2018-06-22,SJC_Gold,36.97,36.97,0.0,0.00023264450203764795,0.005663282588812312
2018-06-24,2018-06-23,SJC_Gold,36.97,36.97,0.0,0.00023264450203764795,0.005663282588812312
2018-06-25,2018-06-24,SJC_Gold,36.92,36.97,-0.0013533633138886891,0.00023264450203764795,0.005663282588812312
2018-06-26,2018-06-25,SJC_Gold,36.85,36.92,-0.0018977909993060926,0.00023264450203764795,0.005663282588812312
2018-06-27,2018-06-26,SJC_Gold,36.86,36.85,0.00027133360633158077,0.00023264450203764795,0.005663282588812312
2018-06-28,2018-06-27,SJC_Gold,36.81,36.86,-0.0013574048507472014,0.00023264450203764795,0.005663282588812312
2018-06-29,2018-06-28,SJC_Gold,36.78,36.81,-0.0008153282147547181,0.00023264450203764795,0.005663282588812312
2018-06-30,2018-06-29,SJC_Gold,36.82,36.78,0.0010869566287565746,0.00023264450203764795,0.005663282588812312
2018-07-01,2018-06-30,SJC_Gold,36.82,36.82,0.0,0.00023264450203764795,0.005663282588812312
2018-07-02,2018-07-01,SJC_Gold,36.88,36.82,0.0016282228834612056,0.00023264450203764795,0.005663282588812312
2018-07-03,2018-07-02,SJC_Gold,36.86,36.88,-0.0005424464467158607,0.00023264450203764795,0.005663282588812312
2018-07-04,2018-07-03,SJC_Gold,36.87,36.86,0.00027126000437593945,0.00023264450203764795,0.005663282588812312
2018-07-05,2018-07-04,SJC_Gold,36.88,36.87,0.0002711864423399213,0.00023264450203764795,0.005663282588812312
2018-07-06,2018-07-05,SJC_Gold,36.93,36.88,0.0013548301760786252,0.00023264450203764795,0.005663282588812312
2018-07-07,2018-07-06,SJC_Gold,36.93,36.93,0.0,0.00023264450203764795,0.005663282588812312
2018-07-08,2018-07-07,SJC_Gold,36.93,36.93,0.0,0.00023264450203764795,0.005663282588812312
2018-07-09,2018-07-08,SJC_Gold,37.02,36.93,0.0024340782808800476,0.00023264450203764795,0.005663282588812312
2018-07-10,2018-07-09,SJC_Gold,36.98,37.02,-0.0010810811863728453,0.00023264450203764795,0.005663282588812312
2018-07-11,2018-07-10,SJC_Gold,37.01,36.98,0.000810920439085816,0.00023264450203764795,0.005663282588812312
2018-07-12,2018-07-11,SJC_Gold,36.97,37.01,-0.0010813734495243033,0.00023264450203764795,0.005663282588812312
2018-07-13,2018-07-12,SJC_Gold,37.0,36.97,0.0008111396956840267,0.00023264450203764795,0.005663282588812312
2018-07-14,2018-07-13,SJC_Gold,37.01,37.0,0.0002702337538402766,0.00023264450203764795,0.005663282588812312
2018-07-15,2018-07-14,SJC_Gold,37.01,37.01,0.0,0.00023264450203764795,0.005663282588812312
2018-07-16,2018-07-15,SJC_Gold,36.96,37.01,-0.0013518996245811543,0.00023264450203764795,0.005663282588812312
2018-07-17,2018-07-16,SJC_Gold,36.94,36.96,-0.0005412720023896256,0.00023264450203764795,0.005663282588812312
2018-07-18,2018-07-17,SJC_Gold,36.77,36.94,-0.004612679457913327,0.00023264450203764795,0.005663282588812312
2018-07-19,2018-07-18,SJC_Gold,36.71,36.77,-0.0016330978044374334,0.00023264450203764795,0.005663282588812312
2018-07-20,2018-07-19,SJC_Gold,36.83,36.71,0.003263532948230896,0.00023264450203764795,0.005663282588812312
2018-07-21,2018-07-20,SJC_Gold,36.92,36.83,0.0024406791776776515,0.00023264450203764795,0.005663282588812312
2018-07-22,2018-07-21,SJC_Gold,36.92,36.92,0.0,0.00023264450203764795,0.005663282588812312
2018-07-23,2018-07-22,SJC_Gold,36.9,36.92,-0.0005418585881700189,0.00023264450203764795,0.005663282588812312
2018-07-24,2018-07-23,SJC_Gold,36.92,36.9,0.0005418585881700189,0.00023264450203764795,0.005663282588812312
2018-07-25,2018-07-24,SJC_Gold,36.95,36.92,0.0008122377595594088,0.00023264450203764795,0.005663282588812312
2018-07-26,2018-07-25,SJC_Gold,36.88,36.95,-0.00189624870581806,0.00023264450203764795,0.005663282588812312
2018-07-27,2018-07-26,SJC_Gold,36.88,36.88,0.0,0.00023264450203764795,0.005663282588812312
2018-07-28,2018-07-27,SJC_Gold,36.9,36.88,0.0005421523580886323,0.00023264450203764795,0.005663282588812312
2018-07-29,2018-07-28,SJC_Gold,36.9,36.9,0.0,0.00023264450203764795,0.005663282588812312
2018-07-30,2018-07-29,SJC_Gold,36.89,36.9,-0.0002710394378975245,0.00023264450203764795,0.005663282588812312
2018-07-31,2018-07-30,SJC_Gold,36.84,36.89,-0.001356300221477813,0.00023264450203764795,0.005663282588812312
2018-08-01,2018-07-31,SJC_Gold,36.84,36.84,0.0,0.00023264450203764795,0.005663282588812312
2018-08-02,2018-08-01,SJC_Gold,36.78,36.84,-0.001629992210931075,0.00023264450203764795,0.005663282588812312
2018-08-03,2018-08-02,SJC_Gold,36.79,36.78,0.00027184994050788447,0.00023264450203764795,0.005663282588812312
2018-08-04,2018-08-03,SJC_Gold,36.84,36.79,0.0013581422704231905,0.00023264450203764795,0.005663282588812312
2018-08-05,2018-08-04,SJC_Gold,36.84,36.84,0.0,0.00023264450203764795,0.005663282588812312
2018-08-06,2018-08-05,SJC_Gold,36.83,36.84,-0.00027148093013229513,0.00023264450203764795,0.005663282588812312
2018-08-07,2018-08-06,SJC_Gold,36.86,36.83,0.0008142217847031397,0.00023264450203764795,0.005663282588812312
2018-08-08,2018-08-07,SJC_Gold,36.81,36.86,-0.0013574048507472014,0.00023264450203764795,0.005663282588812312
2018-08-09,2018-08-08,SJC_Gold,36.78,36.81,-0.0008153282147547181,0.00023264450203764795,0.005663282588812312
2018-08-10,2018-08-09,SJC_Gold,36.79,36.78,0.00027184994050788447,0.00023264450203764795,0.005663282588812312
2018-08-11,2018-08-10,SJC_Gold,36.82,36.79,0.0008151066882486901,0.00023264450203764795,0.005663282588812312
2018-08-12,2018-08-11,SJC_Gold,36.82,36.82,0.0,0.00023264450203764795,0.005663282588812312
2018-08-13,2018-08-12,SJC_Gold,36.77,36.82,-0.0013588804917512576,0.00023264450203764795,0.005663282588812312
2018-08-14,2018-08-13,SJC_Gold,36.74,36.77,-0.0008162155262008142,0.00023264450203764795,0.005663282588812312
2018-08-15,2018-08-14,SJC_Gold,36.72,36.74,-0.0005445140346900246,0.00023264450203764795,0.005663282588812312
2018-08-16,2018-08-15,SJC_Gold,36.74,36.72,0.0005445140346900246,0.00023264450203764795,0.005663282588812312
2018-08-17,2018-08-16,SJC_Gold,36.73,36.74,-0.0002722199554039406,0.00023264450203764795,0.005663282588812312
2018-08-18,2018-08-17,SJC_Gold,36.8,36.73,0.0019039853433096,0.00023264450203764795,0.005663282588812312
2018-08-19,2018-08-18,SJC_Gold,36.8,36.8,0.0,0.00023264450203764795,0.005663282588812312
2018-08-20,2018-08-19,SJC_Gold,36.77,36.8,-0.0008155498617048451,0.00023264450203764795,0.005663282588812312
2018-08-21,2018-08-20,SJC_Gold,36.74,36.77,-0.0008162155262008142,0.00023264450203764795,0.005663282588812312
2018-08-22,2018-08-21,SJC_Gold,36.76,36.74,0.0005442177005066107,0.00023264450203764795,0.005663282588812312
2018-08-23,2018-08-22,SJC_Gold,36.74,36.76,-0.0005442177005066107,0.00023264450203764795,0.005663282588812312
2018-08-24,2018-08-23,SJC_Gold,36.75,36.74,0.0002721458718659697,0.00023264450203764795,0.005663282588812312
2018-08-25,2018-08-24,SJC_Gold,36.82,36.75,0.001902950146086102,0.00023264450203764795,0.005663282588812312
2018-08-26,2018-08-25,SJC_Gold,36.82,36.82,0.0,0.00023264450203764795,0.005663282588812312
2018-08-27,2018-08-26,SJC_Gold,36.8,36.82,-0.0005433306300464125,0.00023264450203764795,0.005663282588812312
2018-08-28,2018-08-27,SJC_Gold,36.78,36.8,-0.0005436259987101622,0.00023264450203764795,0.005663282588812312
2018-08-29,2018-08-28,SJC_Gold,36.73,36.78,-0.0013603593445994377,0.00023264450203764795,0.005663282588812312
2018-08-30,2018-08-29,SJC_Gold,36.74,36.73,0.0002722199554039406,0.00023264450203764795,0.005663282588812312
2018-08-31,2018-08-30,SJC_Gold,36.73,36.74,-0.0002722199554039406,0.00023264450203764795,0.005663282588812312
2018-09-01,2018-08-31,SJC_Gold,36.77,36.73,0.0010884354816047548,0.00023264450203764795,0.005663282588812312
2018-09-02,2018-09-01,SJC_Gold,36.77,36.77,0.0,0.00023264450203764795,0.005663282588812312
2018-09-03,2018-09-02,SJC_Gold,36.77,36.77,0.0,0.00023264450203764795,0.005663282588812312
2018-09-04,2018-09-03,SJC_Gold,36.72,36.77,-0.0013607295608908387,0.00023264450203764795,0.005663282588812312
2018-09-05,2018-09-04,SJC_Gold,36.73,36.72,0.00027229407928608396,0.00023264450203764795,0.005663282588812312
2018-09-06,2018-09-05,SJC_Gold,36.77,36.73,0.0010884354816047548,0.00023264450203764795,0.005663282588812312
2018-09-07,2018-09-06,SJC_Gold,36.76,36.77,-0.0002719978256942035,0.00023264450203764795,0.005663282588812312
2018-09-08,2018-09-07,SJC_Gold,36.74,36.76,-0.0005442177005066107,0.00023264450203764795,0.005663282588812312
2018-09-09,2018-09-08,SJC_Gold,36.74,36.74,0.0,0.00023264450203764795,0.005663282588812312
2018-09-10,2018-09-09,SJC_Gold,36.69,36.74,-0.0013618414197891227,0.00023264450203764795,0.005663282588812312
2018-09-11,2018-09-10,SJC_Gold,36.7,36.69,0.0002725166933341683,0.00023264450203764795,0.005663282588812312
2018-09-12,2018-09-11,SJC_Gold,36.69,36.7,-0.0002725166933341683,0.00023264450203764795,0.005663282588812312
2018-09-13,2018-09-12,SJC_Gold,36.71,36.69,0.0005449591415525035,0.00023264450203764795,0.005663282588812312
2018-09-14,2018-09-13,SJC_Gold,36.71,36.71,0.0,0.00023264450203764795,0.005663282588812312
2018-09-15,2018-09-14,SJC_Gold,36.68,36.71,-0.0008175501204790159,0.00023264450203764795,0.005663282588812312
2018-09-16,2018-09-15,SJC_Gold,36.68,36.68,0.0,0.00023264450203764795,0.005663282588812312
2018-09-17,2018-09-16,SJC_Gold,36.69,36.68,0.0002725909789265124,0.00023264450203764795,0.005663282588812312
2018-09-18,2018-09-17,SJC_Gold,36.68,36.69,-0.0002725909789265124,0.00023264450203764795,0.005663282588812312
2018-09-19,2018-09-18,SJC_Gold,36.68,36.68,0.0,0.00023264450203764795,0.005663282588812312
2018-09-20,2018-09-19,SJC_Gold,36.66,36.68,-0.0005454049767052993,0.00023264450203764795,0.005663282588812312
2018-09-21,2018-09-20,SJC_Gold,36.69,36.66,0.0008179959556318117,0.00023264450203764795,0.005663282588812312
2018-09-22,2018-09-21,SJC_Gold,36.67,36.69,-0.0005452562839560748,0.00023264450203764795,0.005663282588812312
2018-09-23,2018-09-22,SJC_Gold,36.67,36.67,0.0,0.00023264450203764795,0.005663282588812312
2018-09-24,2018-09-23,SJC_Gold,36.62,36.67,-0.0013644428368699835,0.00023264450203764795,0.005663282588812312
2018-09-25,2018-09-24,SJC_Gold,36.56,36.62,-0.0016397926604150292,0.00023264450203764795,0.005663282588812312
2018-09-26,2018-09-25,SJC_Gold,36.56,36.56,0.0,0.00023264450203764795,0.005663282588812312
2018-09-27,2018-09-26,SJC_Gold,36.5,36.56,-0.0016424859975034956,0.00023264450203764795,0.005663282588812312
2018-09-28,2018-09-27,SJC_Gold,36.43,36.5,-0.0019196495679736358,0.00023264450203764795,0.005663282588812312
2018-09-29,2018-09-28,SJC_Gold,36.5,36.43,0.0019196495679736358,0.00023264450203764795,0.005663282588812312
2018-09-30,2018-09-29,SJC_Gold,36.5,36.5,0.0,0.00023264450203764795,0.005663282588812312
2018-10-01,2018-09-30,SJC_Gold,36.47,36.5,-0.0008222557678569942,0.00023264450203764795,0.005663282588812312
2018-10-02,2018-10-01,SJC_Gold,36.51,36.47,0.0010961908469564463,0.00023264450203764795,0.005663282588812312
2018-10-03,2018-10-02,SJC_Gold,36.53,36.51,0.0005476451396457804,0.00023264450203764795,0.005663282588812312
2018-10-04,2018-10-03,SJC_Gold,36.52,36.53,-0.0002737850804233055,0.00023264450203764795,0.005663282588812312
2018-10-05,2018-10-04,SJC_Gold,36.52,36.52,0.0,0.00023264450203764795,0.005663282588812312
2018-10-06,2018-10-05,SJC_Gold,36.54,36.52,0.0005474952230928309,0.00023264450203764795,0.005663282588812312
2018-10-07,2018-10-06,SJC_Gold,36.54,36.54,0.0,0.00023264450203764795,0.005663282588812312
2018-10-08,2018-10-07,SJC_Gold,36.52,36.54,-0.0005474952230928309,0.00023264450203764795,0.005663282588812312
2018-10-09,2018-10-08,SJC_Gold,36.5,36.52,-0.0005477951383219271,0.00023264450203764795,0.005663282588812312
2018-10-10,2018-10-09,SJC_Gold,36.5,36.5,0.0,0.00023264450203764795,0.005663282588812312
2018-10-11,2018-10-10,SJC_Gold,36.53,36.5,0.0008215802187452326,0.00023264450203764795,0.005663282588812312
2018-10-12,2018-10-11,SJC_Gold,36.6,36.53,0.0019143996001291796,0.00023264450203764795,0.005663282588812312
2018-10-13,2018-10-12,SJC_Gold,36.61,36.6,0.00027318672482445905,0.00023264450203764795,0.005663282588812312
2018-10-14,2018-10-13,SJC_Gold,36.61,36.61,0.0,0.00023264450203764795,0.005663282588812312
2018-10-15,2018-10-14,SJC_Gold,36.67,36.61,0.001637554951089637,0.00023264450203764795,0.005663282588812312
2018-10-16,2018-10-15,SJC_Gold,36.63,36.67,-0.0010914052925112827,0.00023264450203764795,0.005663282588812312
2018-10-17,2018-10-16,SJC_Gold,36.66,36.63,0.0008186656208355458,0.00023264450203764795,0.005663282588812312
2018-10-18,2018-10-17,SJC_Gold,36.63,36.66,-0.0008186656208355458,0.00023264450203764795,0.005663282588812312
2018-10-19,2018-10-18,SJC_Gold,36.63,36.63,0.0,0.00023264450203764795,0.005663282588812312
2018-10-20,2018-10-19,SJC_Gold,36.63,36.63,0.0,0.00023264450203764795,0.005663282588812312
2018-10-21,2018-10-20,SJC_Gold,36.63,36.63,0.0,0.00023264450203764795,0.005663282588812312
2018-10-22,2018-10-21,SJC_Gold,36.61,36.63,-0.0005461496585783543,0.00023264450203764795,0.005663282588812312
2018-10-23,2018-10-22,SJC_Gold,36.66,36.61,0.0013648152794139001,0.00023264450203764795,0.005663282588812312
2018-10-24,2018-10-23,SJC_Gold,36.62,36.66,-0.0010917031651942466,0.00023264450203764795,0.005663282588812312
2018-10-25,2018-10-24,SJC_Gold,36.6,36.62,-0.0005462988390441126,0.00023264450203764795,0.005663282588812312
2018-10-26,2018-10-25,SJC_Gold,36.64,36.6,0.001092299398609331,0.00023264450203764795,0.005663282588812312
2018-10-27,2018-10-26,SJC_Gold,36.62,36.64,-0.0005460005595652184,0.00023264450203764795,0.005663282588812312
2018-10-28,2018-10-27,SJC_Gold,36.62,36.62,0.0,0.00023264450203764795,0.005663282588812312
2018-10-29,2018-10-28,SJC_Gold,36.57,36.62,-0.0013663070850746806,0.00023264450203764795,0.005663282588812312
2018-10-30,2018-10-29,SJC_Gold,36.52,36.57,-0.0013681764345219172,0.00023264450203764795,0.005663282588812312
2018-10-31,2018-10-30,SJC_Gold,36.5,36.52,-0.0005477951383219271,0.00023264450203764795,0.005663282588812312
2018-11-01,2018-10-31,SJC_Gold,36.56,36.5,0.0016424859975034956,0.00023264450203764795,0.005663282588812312
2018-11-02,2018-11-01,SJC_Gold,36.6,36.56,0.0010934938213709167,0.00023264450203764795,0.005663282588812312
2018-11-03,2018-11-02,SJC_Gold,36.6,36.6,0.0,0.00023264450203764795,0.005663282588812312
2018-11-04,2018-11-03,SJC_Gold,36.6,36.6,0.0,0.00023264450203764795,0.005663282588812312
2018-11-05,2018-11-04,SJC_Gold,36.59,36.6,-0.0002732613762050917,0.00023264450203764795,0.005663282588812312
2018-11-06,2018-11-05,SJC_Gold,36.54,36.59,-0.0013674280812545625,0.00023264450203764795,0.005663282588812312
2018-11-07,2018-11-06,SJC_Gold,36.57,36.54,0.0008206812114290862,0.00023264450203764795,0.005663282588812312
2018-11-08,2018-11-07,SJC_Gold,36.53,36.57,-0.0010943913540986117,0.00023264450203764795,0.005663282588812312
2018-11-09,2018-11-08,SJC_Gold,36.51,36.53,-0.0005476451396457804,0.00023264450203764795,0.005663282588812312
2018-11-10,2018-11-09,SJC_Gold,36.5,36.51,-0.00027393507909945214,0.00023264450203764795,0.005663282588812312
2018-11-11,2018-11-10,SJC_Gold,36.5,36.5,0.0,0.00023264450203764795,0.005663282588812312
2018-11-12,2018-11-11,SJC_Gold,36.48,36.5,-0.0005480953823155943,0.00023264450203764795,0.005663282588812312
2018-11-13,2018-11-12,SJC_Gold,36.48,36.48,0.0,0.00023264450203764795,0.005663282588812312
2018-11-14,2018-11-13,SJC_Gold,36.5,36.48,0.0005480953823155943,0.00023264450203764795,0.005663282588812312
2018-11-15,2018-11-14,SJC_Gold,36.58,36.5,0.002189382374273574,0.00023264450203764795,0.005663282588812312
2018-11-16,2018-11-15,SJC_Gold,36.64,36.58,0.0016388968432101692,0.00023264450203764795,0.005663282588812312
2018-11-17,2018-11-16,SJC_Gold,36.68,36.64,0.0010911075823343275,0.00023264450203764795,0.005663282588812312
2018-11-18,2018-11-17,SJC_Gold,36.68,36.68,0.0,0.00023264450203764795,0.005663282588812312
2018-11-19,2018-11-18,SJC_Gold,36.65,36.68,-0.0008182190556036417,0.00023264450203764795,0.005663282588812312
2018-11-20,2018-11-19,SJC_Gold,36.62,36.65,-0.0008188890862959042,0.00023264450203764795,0.005663282588812312
2018-11-21,2018-11-20,SJC_Gold,36.59,36.62,-0.0008195602152492043,0.00023264450203764795,0.005663282588812312
2018-11-22,2018-11-21,SJC_Gold,36.57,36.59,-0.0005467468698254763,0.00023264450203764795,0.005663282588812312
2018-11-23,2018-11-22,SJC_Gold,36.54,36.57,-0.0008206812114290862,0.00023264450203764795,0.005663282588812312
2018-11-24,2018-11-23,SJC_Gold,36.54,36.54,0.0,0.00023264450203764795,0.005663282588812312
2018-11-25,2018-11-24,SJC_Gold,36.54,36.54,0.0,0.00023264450203764795,0.005663282588812312
2018-11-26,2018-11-25,SJC_Gold,36.53,36.54,-0.0002737101426695254,0.00023264450203764795,0.005663282588812312
2018-11-27,2018-11-26,SJC_Gold,36.48,36.53,-0.0013696756010608269,0.00023264450203764795,0.005663282588812312
2018-11-28,2018-11-27,SJC_Gold,36.45,36.48,-0.0008227067514630093,0.00023264450203764795,0.005663282588812312
2018-11-29,2018-11-28,SJC_Gold,36.5,36.45,0.0013708021337786036,0.00023264450203764795,0.005663282588812312
2018-11-30,2018-11-29,SJC_Gold,36.48,36.5,-0.0005480953823155943,0.00023264450203764795,0.005663282588812312
2018-12-01,2018-11-30,SJC_Gold,36.48,36.48,0.0,0.00023264450203764795,0.005663282588812312
2018-12-02,2018-12-01,SJC_Gold,36.48,36.48,0.0,0.00023264450203764795,0.005663282588812312
2018-12-03,2018-12-02,SJC_Gold,36.5,36.48,0.0005480953823155943,0.00023264450203764795,0.005663282588812312
2018-12-04,2018-12-03,SJC_Gold,36.49,36.5,-0.0002740101400897643,0.00023264450203764795,0.005663282588812312
2018-12-05,2018-12-04,SJC_Gold,36.46,36.49,-0.000822481197839231,0.00023264450203764795,0.005663282588812312
2018-12-06,2018-12-05,SJC_Gold,36.42,36.46,-0.0010976949510550504,0.00023264450203764795,0.005663282588812312
2018-12-07,2018-12-06,SJC_Gold,36.43,36.42,0.00027453672101040993,0.00023264450203764795,0.005663282588812312
2018-12-08,2018-12-07,SJC_Gold,36.49,36.43,0.0016456394278838715,0.00023264450203764795,0.005663282588812312
2018-12-09,2018-12-08,SJC_Gold,36.49,36.49,0.0,0.00023264450203764795,0.005663282588812312
2018-12-10,2018-12-09,SJC_Gold,36.51,36.49,0.0005479452191892165,0.00023264450203764795,0.005663282588812312
2018-12-11,2018-12-10,SJC_Gold,36.47,36.51,-0.0010961908469564463,0.00023264450203764795,0.005663282588812312
2018-12-12,2018-12-11,SJC_Gold,36.42,36.47,-0.0013719305211270516,0.00023264450203764795,0.005663282588812312
2018-12-13,2018-12-12,SJC_Gold,36.38,36.42,-0.0010989012094855255,0.00023264450203764795,0.005663282588812312
2018-12-14,2018-12-13,SJC_Gold,36.41,36.38,0.0008242890973657602,0.00023264450203764795,0.005663282588812312
2018-12-15,2018-12-14,SJC_Gold,36.44,36.41,0.0008236102044154592,0.00023264450203764795,0.005663282588812312
2018-12-16,2018-12-15,SJC_Gold,36.44,36.44,0.0,0.00023264450203764795,0.005663282588812312
2018-12-17,2018-12-16,SJC_Gold,36.43,36.44,-0.0002744613712852839,0.00023264450203764795,0.005663282588812312
2018-12-18,2018-12-17,SJC_Gold,36.42,36.43,-0.00027453672101040993,0.00023264450203764795,0.005663282588812312
2018-12-19,2018-12-18,SJC_Gold,36.41,36.42,-0.00027461211211976533,0.00023264450203764795,0.005663282588812312
2018-12-20,2018-12-19,SJC_Gold,36.4,36.41,-0.0002746875446471009,0.00023264450203764795,0.005663282588812312
2018-12-21,2018-12-20,SJC_Gold,36.43,36.4,0.0008238363777772761,0.00023264450203764795,0.005663282588812312
2018-12-22,2018-12-21,SJC_Gold,36.42,36.43,-0.00027453672101040993,0.00023264450203764795,0.005663282588812312
2018-12-23,2018-12-22,SJC_Gold,36.42,36.42,0.0,0.00023264450203764795,0.005663282588812312
2018-12-24,2018-12-23,SJC_Gold,36.44,36.42,0.0005489980922956939,0.00023264450203764795,0.005663282588812312
2018-12-25,2018-12-24,SJC_Gold,36.41,36.44,-0.0008236102044154592,0.00023264450203764795,0.005663282588812312
2018-12-26,2018-12-25,SJC_Gold,36.46,36.41,0.0013723070631748158,0.00023264450203764795,0.005663282588812312
2018-12-27,2018-12-26,SJC_Gold,36.45,36.46,-0.00027431079584960827,0.00023264450203764795,0.005663282588812312
2018-12-28,2018-12-27,SJC_Gold,36.54,36.45,0.0024660924951933616,0.00023264450203764795,0.005663282588812312
2018-12-29,2018-12-28,SJC_Gold,36.55,36.54,0.0002736352459264957,0.00023264450203764795,0.005663282588812312
2018-12-30,2018-12-29,SJC_Gold,36.55,36.55,0.0,0.00023264450203764795,0.005663282588812312
2018-12-31,2018-12-30,SJC_Gold,36.57,36.55,0.0005470459655025905,0.00023264450203764795,0.005663282588812312
2019-01-01,2018-12-31,SJC_Gold,36.57,36.57,0.0,0.00023264450203764795,0.005663282588812312
2019-01-02,2019-01-01,SJC_Gold,36.67,36.57,0.002730749921944664,0.00023264450203764795,0.005663282588812312
2019-01-03,2019-01-02,SJC_Gold,36.74,36.67,0.0019070977037451975,0.00023264450203764795,0.005663282588812312
2019-01-04,2019-01-03,SJC_Gold,36.79,36.74,0.0013599893297033816,0.00023264450203764795,0.005663282588812312
2019-01-05,2019-01-04,SJC_Gold,36.74,36.79,-0.0013599893297033816,0.00023264450203764795,0.005663282588812312
2019-01-06,2019-01-05,SJC_Gold,36.74,36.74,0.0,0.00023264450203764795,0.005663282588812312
2019-01-07,2019-01-06,SJC_Gold,36.81,36.74,0.0019034676039502152,0.00023264450203764795,0.005663282588812312
2019-01-08,2019-01-07,SJC_Gold,36.72,36.81,-0.0024479816386402398,0.00023264450203764795,0.005663282588812312
2019-01-09,2019-01-08,SJC_Gold,36.67,36.72,-0.001362583669055173,0.00023264450203764795,0.005663282588812312
2019-01-10,2019-01-09,SJC_Gold,36.76,36.67,0.002451315404251808,0.00023264450203764795,0.005663282588812312
2019-01-11,2019-01-10,SJC_Gold,36.73,36.76,-0.0008164376559105513,0.00023264450203764795,0.005663282588812312
2019-01-12,2019-01-11,SJC_Gold,36.72,36.73,-0.00027229407928608396,0.00023264450203764795,0.005663282588812312
2019-01-13,2019-01-12,SJC_Gold,36.72,36.72,0.0,0.00023264450203764795,0.005663282588812312
2019-01-14,2019-01-13,SJC_Gold,36.71,36.72,-0.0002723682435465946,0.00023264450203764795,0.005663282588812312
2019-01-15,2019-01-14,SJC_Gold,36.68,36.71,-0.0008175501204790159,0.00023264450203764795,0.005663282588812312
2019-01-16,2019-01-15,SJC_Gold,36.65,36.68,-0.0008182190556036417,0.00023264450203764795,0.005663282588812312
2019-01-17,2019-01-16,SJC_Gold,36.72,36.65,0.0019081374196292522,0.00023264450203764795,0.005663282588812312
2019-01-18,2019-01-17,SJC_Gold,36.74,36.72,0.0005445140346900246,0.00023264450203764795,0.005663282588812312
2019-01-19,2019-01-18,SJC_Gold,36.7,36.74,-0.0010893247264549544,0.00023264450203764795,0.005663282588812312
2019-01-20,2019-01-19,SJC_Gold,36.7,36.7,0.0,0.00023264450203764795,0.005663282588812312
2019-01-21,2019-01-20,SJC_Gold,36.59,36.7,-0.003001776029409431,0.00023264450203764795,0.005663282588812312
2019-01-22,2019-01-21,SJC_Gold,36.53,36.59,-0.001641138223924088,0.00023264450203764795,0.005663282588812312
2019-01-23,2019-01-22,SJC_Gold,36.55,36.53,0.0005473453885960211,0.00023264450203764795,0.005663282588812312
2019-01-24,2019-01-23,SJC_Gold,36.54,36.55,-0.0002736352459264957,0.00023264450203764795,0.005663282588812312
2019-01-25,2019-01-24,SJC_Gold,36.66,36.54,0.0032786914616980134,0.00023264450203764795,0.005663282588812312
2019-01-26,2019-01-25,SJC_Gold,36.83,36.66,0.004626488045415211,0.00023264450203764795,0.005663282588812312
2019-01-27,2019-01-26,SJC_Gold,36.83,36.83,0.0,0.00023264450203764795,0.005663282588812312
2019-01-28,2019-01-27,SJC_Gold,36.78,36.83,-0.0013585112807987798,0.00023264450203764795,0.005663282588812312
2019-01-29,2019-01-28,SJC_Gold,36.85,36.78,0.0019013994591703387,0.00023264450203764795,0.005663282588812312
2019-01-30,2019-01-29,SJC_Gold,36.92,36.85,0.0018977909993060926,0.00023264450203764795,0.005663282588812312
2019-01-31,2019-01-30,SJC_Gold,37.1,36.92,0.004863559978737886,0.00023264450203764795,0.005663282588812312
2019-02-01,2019-01-31,SJC_Gold,37.1,37.1,0.0,0.00023264450203764795,0.005663282588812312
2019-02-02,2019-02-01,SJC_Gold,37.1,37.1,0.0,0.00023264450203764795,0.005663282588812312
2019-02-03,2019-02-02,SJC_Gold,37.1,37.1,0.0,0.00023264450203764795,0.005663282588812312
2019-02-04,2019-02-03,SJC_Gold,37.1,37.1,0.0,0.00023264450203764795,0.005663282588812312
2019-02-05,2019-02-04,SJC_Gold,37.1,37.1,0.0,0.00023264450203764795,0.005663282588812312
2019-02-06,2019-02-05,SJC_Gold,37.1,37.1,0.0,0.00023264450203764795,0.005663282588812312
2019-02-07,2019-02-06,SJC_Gold,37.1,37.1,0.0,0.00023264450203764795,0.005663282588812312
2019-02-08,2019-02-07,SJC_Gold,37.1,37.1,0.0,0.00023264450203764795,0.005663282588812312
2019-02-09,2019-02-08,SJC_Gold,37.1,37.1,0.0,0.00023264450203764795,0.005663282588812312
2019-02-10,2019-02-09,SJC_Gold,37.1,37.1,0.0,0.00023264450203764795,0.005663282588812312
2019-02-11,2019-02-10,SJC_Gold,37.13,37.1,0.0008082985755990535,0.00023264450203764795,0.005663282588812312
2019-02-12,2019-02-11,SJC_Gold,37.17,37.13,0.0010767161201723496,0.00023264450203764795,0.005663282588812312
2019-02-13,2019-02-12,SJC_Gold,37.02,37.17,-0.004043677163809267,0.00023264450203764795,0.005663282588812312
2019-02-14,2019-02-13,SJC_Gold,37.0,37.02,-0.0005403945011273059,0.00023264450203764795,0.005663282588812312
2019-02-15,2019-02-14,SJC_Gold,36.88,37.0,-0.003248513955831367,0.00023264450203764795,0.005663282588812312
2019-02-16,2019-02-15,SJC_Gold,36.98,36.88,0.0027078272705858275,0.00023264450203764795,0.005663282588812312
2019-02-17,2019-02-16,SJC_Gold,36.98,36.98,0.0,0.00023264450203764795,0.005663282588812312
2019-02-18,2019-02-17,SJC_Gold,37.0,36.98,0.0005406866852455394,0.00023264450203764795,0.005663282588812312
2019-02-19,2019-02-18,SJC_Gold,37.0,37.0,0.0,0.00023264450203764795,0.005663282588812312
2019-02-20,2019-02-19,SJC_Gold,37.15,37.0,0.004045858519543977,0.00023264450203764795,0.005663282588812312
2019-02-21,2019-02-20,SJC_Gold,37.13,37.15,-0.0005385029747797532,0.00023264450203764795,0.005663282588812312
2019-02-22,2019-02-21,SJC_Gold,37.1,37.13,-0.0008082985755990535,0.00023264450203764795,0.005663282588812312
2019-02-23,2019-02-22,SJC_Gold,37.1,37.1,0.0,0.00023264450203764795,0.005663282588812312
2019-02-24,2019-02-23,SJC_Gold,37.1,37.1,0.0,0.00023264450203764795,0.005663282588812312
2019-02-25,2019-02-24,SJC_Gold,37.07,37.1,-0.0008089524507486345,0.00023264450203764795,0.005663282588812312
2019-02-26,2019-02-25,SJC_Gold,37.06,37.07,-0.0002697963054272279,0.00023264450203764795,0.005663282588812312
2019-02-27,2019-02-26,SJC_Gold,37.05,37.06,-0.00026986911511794887,0.00023264450203764795,0.005663282588812312
2019-02-28,2019-02-27,SJC_Gold,37.0,37.05,-0.0013504390978713587,0.00023264450203764795,0.005663282588812312
2019-03-01,2019-02-28,SJC_Gold,36.86,37.0,-0.0037909604025472277,0.00023264450203764795,0.005663282588812312
2019-03-02,2019-03-01,SJC_Gold,36.68,36.86,-0.004895304853413052,0.00023264450203764795,0.005663282588812312
2019-03-03,2019-03-02,SJC_Gold,36.68,36.68,0.0,0.00023264450203764795,0.005663282588812312
2019-03-04,2019-03-03,SJC_Gold,36.6,36.68,-0.0021834069809436585,0.00023264450203764795,0.005663282588812312
2019-03-05,2019-03-04,SJC_Gold,36.6,36.6,0.0,0.00023264450203764795,0.005663282588812312
2019-03-06,2019-03-05,SJC_Gold,36.61,36.6,0.00027318672482445905,0.00023264450203764795,0.005663282588812312
2019-03-07,2019-03-06,SJC_Gold,36.62,36.61,0.00027311211421965353,0.00023264450203764795,0.005663282588812312
2019-03-08,2019-03-07,SJC_Gold,36.64,36.62,0.0005460005595652184,0.00023264450203764795,0.005663282588812312
2019-03-09,2019-03-08,SJC_Gold,36.68,36.64,0.0010911075823343275,0.00023264450203764795,0.005663282588812312
2019-03-10,2019-03-09,SJC_Gold,36.68,36.68,0.0,0.00023264450203764795,0.005663282588812312
2019-03-11,2019-03-10,SJC_Gold,36.65,36.68,-0.0008182190556036417,0.00023264450203764795,0.005663282588812312
2019-03-12,2019-03-11,SJC_Gold,36.63,36.65,-0.0005458515419372034,0.00023264450203764795,0.005663282588812312
2019-03-13,2019-03-12,SJC_Gold,36.73,36.63,0.0027262830408525396,0.00023264450203764795,0.005663282588812312
2019-03-14,2019-03-13,SJC_Gold,36.67,36.73,-0.0016348777483412569,0.00023264450203764795,0.005663282588812312
2019-03-15,2019-03-14,SJC_Gold,36.65,36.67,-0.0005455537505740793,0.00023264450203764795,0.005663282588812312
2019-03-16,2019-03-15,SJC_Gold,36.63,36.65,-0.0005458515419372034,0.00023264450203764795,0.005663282588812312
2019-03-17,2019-03-16,SJC_Gold,36.63,36.63,0.0,0.00023264450203764795,0.005663282588812312
2019-03-18,2019-03-17,SJC_Gold,36.65,36.63,0.0005458515419372034,0.00023264450203764795,0.005663282588812312
2019-03-19,2019-03-18,SJC_Gold,36.67,36.65,0.0005455537505740793,0.00023264450203764795,0.005663282588812312
2019-03-20,2019-03-19,SJC_Gold,36.66,36.67,-0.00027273967167573687,0.00023264450203764795,0.005663282588812312
2019-03-21,2019-03-20,SJC_Gold,36.8,36.66,0.0038116027633265936,0.00023264450203764795,0.005663282588812312
2019-03-22,2019-03-21,SJC_Gold,36.7,36.8,-0.0027210901143606137,0.00023264450203764795,0.005663282588812312
2019-03-23,2019-03-22,SJC_Gold,36.74,36.7,0.0010893247264549544,0.00023264450203764795,0.005663282588812312
2019-03-24,2019-03-23,SJC_Gold,36.74,36.74,0.0,0.00023264450203764795,0.005663282588812312
2019-03-25,2019-03-24,SJC_Gold,36.78,36.74,0.0010881393891954971,0.00023264450203764795,0.005663282588812312
2019-03-26,2019-03-25,SJC_Gold,36.79,36.78,0.00027184994050788447,0.00023264450203764795,0.005663282588812312
2019-03-27,2019-03-26,SJC_Gold,36.77,36.79,-0.0005437738035025674,0.00023264450203764795,0.005663282588812312
2019-03-28,2019-03-27,SJC_Gold,36.73,36.77,-0.0010884354816047548,0.00023264450203764795,0.005663282588812312
2019-03-29,2019-03-28,SJC_Gold,36.52,36.73,-0.005733804104807838,0.00023264450203764795,0.005663282588812312
2019-03-30,2019-03-29,SJC_Gold,36.55,36.52,0.0008211304690193266,0.00023264450203764795,0.005663282588812312
2019-03-31,2019-03-30,SJC_Gold,36.55,36.55,0.0,0.00023264450203764795,0.005663282588812312
2019-04-01,2019-03-31,SJC_Gold,36.53,36.55,-0.0005473453885960211,0.00023264450203764795,0.005663282588812312
2019-04-02,2019-04-01,SJC_Gold,36.49,36.53,-0.0010955903588349969,0.00023264450203764795,0.005663282588812312
2019-04-03,2019-04-02,SJC_Gold,36.49,36.49,0.0,0.00023264450203764795,0.005663282588812312
2019-04-04,2019-04-03,SJC_Gold,36.5,36.49,0.0002740101400897643,0.00023264450203764795,0.005663282588812312
2019-04-05,2019-04-04,SJC_Gold,36.48,36.5,-0.0005480953823155943,0.00023264450203764795,0.005663282588812312
2019-04-06,2019-04-05,SJC_Gold,36.48,36.48,0.0,0.00023264450203764795,0.005663282588812312
2019-04-07,2019-04-06,SJC_Gold,36.48,36.48,0.0,0.00023264450203764795,0.005663282588812312
2019-04-08,2019-04-07,SJC_Gold,36.52,36.48,0.0010958905206375213,0.00023264450203764795,0.005663282588812312
2019-04-09,2019-04-08,SJC_Gold,36.52,36.52,0.0,0.00023264450203764795,0.005663282588812312
2019-04-10,2019-04-09,SJC_Gold,36.56,36.52,0.0010946908591815685,0.00023264450203764795,0.005663282588812312
2019-04-11,2019-04-10,SJC_Gold,36.57,36.56,0.0002734855753403487,0.00023264450203764795,0.005663282588812312
2019-04-12,2019-04-11,SJC_Gold,36.49,36.57,-0.0021899817129336085,0.00023264450203764795,0.005663282588812312
2019-04-13,2019-04-12,SJC_Gold,36.49,36.49,0.0,0.00023264450203764795,0.005663282588812312
2019-04-14,2019-04-13,SJC_Gold,36.49,36.49,0.0,0.00023264450203764795,0.005663282588812312
2019-04-15,2019-04-14,SJC_Gold,36.49,36.49,0.0,0.00023264450203764795,0.005663282588812312
2019-04-16,2019-04-15,SJC_Gold,36.44,36.49,-0.0013711780565985876,0.00023264450203764795,0.005663282588812312
2019-04-17,2019-04-16,SJC_Gold,36.35,36.44,-0.0024728684122292677,0.00023264450203764795,0.005663282588812312
2019-04-18,2019-04-17,SJC_Gold,36.36,36.35,0.0002750653297498573,0.00023264450203764795,0.005663282588812312
2019-04-19,2019-04-18,SJC_Gold,36.35,36.36,-0.0002750653297498573,0.00023264450203764795,0.005663282588812312
2019-04-20,2019-04-19,SJC_Gold,36.38,36.35,0.0008249691104480483,0.00023264450203764795,0.005663282588812312
2019-04-21,2019-04-20,SJC_Gold,36.38,36.38,0.0,0.00023264450203764795,0.005663282588812312
2019-04-22,2019-04-21,SJC_Gold,36.35,36.38,-0.0008249691104480483,0.00023264450203764795,0.005663282588812312
2019-04-23,2019-04-22,SJC_Gold,36.31,36.35,-0.0011010185532840389,0.00023264450203764795,0.005663282588812312
2019-04-24,2019-04-23,SJC_Gold,36.3,36.31,-0.00027544415543934164,0.00023264450203764795,0.005663282588812312
2019-04-25,2019-04-24,SJC_Gold,36.35,36.3,0.0013764627087233805,0.00023264450203764795,0.005663282588812312
2019-04-26,2019-04-25,SJC_Gold,36.42,36.35,0.0019238703199335738,0.00023264450203764795,0.005663282588812312
2019-04-27,2019-04-26,SJC_Gold,36.5,36.42,0.0021941862889840458,0.00023264450203764795,0.005663282588812312
2019-04-28,2019-04-27,SJC_Gold,36.5,36.5,0.0,0.00023264450203764795,0.005663282588812312
2019-04-29,2019-04-28,SJC_Gold,36.5,36.5,0.0,0.00023264450203764795,0.005663282588812312
2019-04-30,2019-04-29,SJC_Gold,36.5,36.5,0.0,0.00023264450203764795,0.005663282588812312
2019-05-01,2019-04-30,SJC_Gold,36.5,36.5,0.0,0.00023264450203764795,0.005663282588812312
2019-05-02,2019-05-01,SJC_Gold,36.27,36.5,-0.006321307293634781,0.00023264450203764795,0.005663282588812312
2019-05-03,2019-05-02,SJC_Gold,36.24,36.27,-0.0008274721200325352,0.00023264450203764795,0.005663282588812312
2019-05-04,2019-05-03,SJC_Gold,36.35,36.24,0.003030722804749697,0.00023264450203764795,0.005663282588812312
2019-05-05,2019-05-04,SJC_Gold,36.35,36.35,0.0,0.00023264450203764795,0.005663282588812312
2019-05-06,2019-05-05,SJC_Gold,36.37,36.35,0.0005500550193691112,0.00023264450203764795,0.005663282588812312
2019-05-07,2019-05-06,SJC_Gold,36.33,36.37,-0.0011004127657869844,0.00023264450203764795,0.005663282588812312
2019-05-08,2019-05-07,SJC_Gold,36.37,36.33,0.0011004127657869844,0.00023264450203764795,0.005663282588812312
2019-05-09,2019-05-08,SJC_Gold,36.35,36.37,-0.0005500550193691112,0.00023264450203764795,0.005663282588812312
2019-05-10,2019-05-09,SJC_Gold,36.41,36.35,0.0016492582078138085,0.00023264450203764795,0.005663282588812312
2019-05-11,2019-05-10,SJC_Gold,36.43,36.41,0.0005491488331301753,0.00023264450203764795,0.005663282588812312
2019-05-12,2019-05-11,SJC_Gold,36.43,36.43,0.0,0.00023264450203764795,0.005663282588812312
2019-05-13,2019-05-12,SJC_Gold,36.37,36.43,-0.0016483520215748726,0.00023264450203764795,0.005663282588812312
2019-05-14,2019-05-13,SJC_Gold,36.55,36.37,0.004936927196889762,0.00023264450203764795,0.005663282588812312
2019-05-15,2019-05-14,SJC_Gold,36.51,36.55,-0.0010949905282418015,0.00023264450203764795,0.005663282588812312
2019-05-16,2019-05-15,SJC_Gold,36.51,36.51,0.0,0.00023264450203764795,0.005663282588812312
2019-05-17,2019-05-16,SJC_Gold,36.47,36.51,-0.0010961908469564463,0.00023264450203764795,0.005663282588812312
2019-05-18,2019-05-17,SJC_Gold,36.43,36.47,-0.0010973938001166417,0.00023264450203764795,0.005663282588812312
2019-05-19,2019-05-18,SJC_Gold,36.43,36.43,0.0,0.00023264450203764795,0.005663282588812312
2019-05-20,2019-05-19,SJC_Gold,36.37,36.43,-0.0016483520215748726,0.00023264450203764795,0.005663282588812312
2019-05-21,2019-05-20,SJC_Gold,36.32,36.37,-0.001375705265804772,0.00023264450203764795,0.005663282588812312
2019-05-22,2019-05-21,SJC_Gold,36.3,36.32,-0.0005508124622877197,0.00023264450203764795,0.005663282588812312
2019-05-23,2019-05-22,SJC_Gold,36.33,36.3,0.0008261049623055072,0.00023264450203764795,0.005663282588812312
2019-05-24,2019-05-23,SJC_Gold,36.42,36.33,0.002474228066351447,0.00023264450203764795,0.005663282588812312
2019-05-25,2019-05-24,SJC_Gold,36.45,36.42,0.0008233841552054422,0.00023264450203764795,0.005663282588812312
2019-05-26,2019-05-25,SJC_Gold,36.45,36.45,0.0,0.00023264450203764795,0.005663282588812312
2019-05-27,2019-05-26,SJC_Gold,36.45,36.45,0.0,0.00023264450203764795,0.005663282588812312
2019-05-28,2019-05-27,SJC_Gold,36.4,36.45,-0.0013726838119723084,0.00023264450203764795,0.005663282588812312
2019-05-29,2019-05-28,SJC_Gold,36.36,36.4,-0.0010995053334168503,0.00023264450203764795,0.005663282588812312
2019-05-30,2019-05-29,SJC_Gold,36.34,36.36,-0.0005502063412530234,0.00023264450203764795,0.005663282588812312
2019-05-31,2019-05-30,SJC_Gold,36.5,36.34,0.004393197620420786,0.00023264450203764795,0.005663282588812312
2019-06-01,2019-05-31,SJC_Gold,36.7,36.5,0.005464494472078751,0.00023264450203764795,0.005663282588812312
2019-06-02,2019-06-01,SJC_Gold,36.7,36.7,0.0,0.00023264450203764795,0.005663282588812312
2019-06-03,2019-06-02,SJC_Gold,36.81,36.7,0.0029927923304051696,0.00023264450203764795,0.005663282588812312
2019-06-04,2019-06-03,SJC_Gold,37.02,36.81,0.005688759754421735,0.00023264450203764795,0.005663282588812312
2019-06-05,2019-06-04,SJC_Gold,37.15,37.02,0.0035054640184166708,0.00023264450203764795,0.005663282588812312
2019-06-06,2019-06-05,SJC_Gold,37.2,37.15,0.0013449901153328447,0.00023264450203764795,0.005663282588812312
2019-06-07,2019-06-06,SJC_Gold,37.2,37.2,0.0,0.00023264450203764795,0.005663282588812312
2019-06-08,2019-06-07,SJC_Gold,37.45,37.2,0.0066979486841272085,0.00023264450203764795,0.005663282588812312
2019-06-09,2019-06-08,SJC_Gold,37.45,37.45,0.0,0.00023264450203764795,0.005663282588812312
2019-06-10,2019-06-09,SJC_Gold,37.25,37.45,-0.005354765137659978,0.00023264450203764795,0.005663282588812312
2019-06-11,2019-06-10,SJC_Gold,37.11,37.25,-0.003765469753062245,0.00023264450203764795,0.005663282588812312
2019-06-12,2019-06-11,SJC_Gold,37.4,37.11,0.007784229347980176,0.00023264450203764795,0.005663282588812312
2019-06-13,2019-06-12,SJC_Gold,37.4,37.4,0.0,0.00023264450203764795,0.005663282588812312
2019-06-14,2019-06-13,SJC_Gold,37.8,37.4,0.010638398205055744,0.00023264450203764795,0.005663282588812312
2019-06-15,2019-06-14,SJC_Gold,37.6,37.8,-0.005305052229693352,0.00023264450203764795,0.005663282588812312
2019-06-16,2019-06-15,SJC_Gold,37.6,37.6,0.0,0.00023264450203764795,0.005663282588812312
2019-06-17,2019-06-16,SJC_Gold,37.5,37.6,-0.0026631174194835516,0.00023264450203764795,0.005663282588812312
2019-06-18,2019-06-17,SJC_Gold,37.7,37.5,0.00531916147759981,0.00023264450203764795,0.005663282588812312
2019-06-19,2019-06-18,SJC_Gold,37.6,37.7,-0.002656044058116258,0.00023264450203764795,0.005663282588812312
2019-06-20,2019-06-19,SJC_Gold,38.43,37.6,0.021834354180903848,0.00023264450203764795,0.005663282588812312
2019-06-21,2019-06-20,SJC_Gold,38.65,38.43,0.005708370456678491,0.00023264450203764795,0.005663282588812312
2019-06-22,2019-06-21,SJC_Gold,38.85,38.65,0.005161301780225447,0.00023264450203764795,0.005663282588812312
2019-06-23,2019-06-22,SJC_Gold,38.85,38.85,0.0,0.00023264450203764795,0.005663282588812312
2019-06-24,2019-06-23,SJC_Gold,38.85,38.85,0.0,0.00023264450203764795,0.005663282588812312
2019-06-25,2019-06-24,SJC_Gold,39.4,38.85,0.01405773949023148,0.00023264450203764795,0.005663282588812312
2019-06-26,2019-06-25,SJC_Gold,39.05,39.4,-0.00892294001819316,0.00023264450203764795,0.005663282588812312
2019-06-27,2019-06-26,SJC_Gold,38.7,39.05,-0.00900327624995878,0.00023264450203764795,0.005663282588812312
2019-06-28,2019-06-27,SJC_Gold,38.9,38.7,0.005154650588664378,0.00023264450203764795,0.005663282588812312
2019-06-29,2019-06-28,SJC_Gold,38.9,38.9,0.0,0.00023264450203764795,0.005663282588812312
2019-06-30,2019-06-29,SJC_Gold,38.9,38.9,0.0,0.00023264450203764795,0.005663282588812312
2019-07-01,2019-06-30,SJC_Gold,38.35,38.9,-0.01423972281113528,0.00023264450203764795,0.005663282588812312
2019-07-02,2019-07-01,SJC_Gold,38.45,38.35,0.00260416813838793,0.00023264450203764795,0.005663282588812312
2019-07-03,2019-07-02,SJC_Gold,39.15,38.45,0.018041726485158893,0.00023264450203764795,0.005663282588812312
2019-07-04,2019-07-03,SJC_Gold,39.0,39.15,-0.00383877630716567,0.00023264450203764795,0.005663282588812312
2019-07-05,2019-07-04,SJC_Gold,39.1,39.0,0.0025608208616736405,0.00023264450203764795,0.005663282588812312
2019-07-06,2019-07-05,SJC_Gold,38.8,39.1,-0.007702220362092227,0.00023264450203764795,0.005663282588812312
2019-07-07,2019-07-06,SJC_Gold,38.8,38.8,0.0,0.00023264450203764795,0.005663282588812312
2019-07-08,2019-07-07,SJC_Gold,39.05,38.8,0.006422629656467116,0.00023264450203764795,0.005663282588812312
2019-07-09,2019-07-08,SJC_Gold,38.75,39.05,-0.007712120486338847,0.00023264450203764795,0.005663282588812312
2019-07-10,2019-07-09,SJC_Gold,38.9,38.75,0.0038634948250444445,0.00023264450203764795,0.005663282588812312
2019-07-11,2019-07-10,SJC_Gold,39.35,38.9,0.011501724239011857,0.00023264450203764795,0.005663282588812312
2019-07-12,2019-07-11,SJC_Gold,39.15,39.35,-0.005095552426600314,0.00023264450203764795,0.005663282588812312
2019-07-13,2019-07-12,SJC_Gold,39.25,39.15,0.002551021791605379,0.00023264450203764795,0.005663282588812312
2019-07-14,2019-07-13,SJC_Gold,39.25,39.25,0.0,0.00023264450203764795,0.005663282588812312
2019-07-15,2019-07-14,SJC_Gold,39.3,39.25,0.0012730746467979337,0.00023264450203764795,0.005663282588812312
2019-07-16,2019-07-15,SJC_Gold,39.25,39.3,-0.0012730746467979337,0.00023264450203764795,0.005663282588812312
2019-07-17,2019-07-16,SJC_Gold,39.15,39.25,-0.002551021791605379,0.00023264450203764795,0.005663282588812312
2019-07-18,2019-07-17,SJC_Gold,39.42,39.15,0.006872879287762146,0.00023264450203764795,0.005663282588812312
2019-07-19,2019-07-18,SJC_Gold,39.9,39.42,0.012103022171243705,0.00023264450203764795,0.005663282588812312
2019-07-20,2019-07-19,SJC_Gold,39.7,39.9,-0.005025136202672975,0.00023264450203764795,0.005663282588812312
2019-07-21,2019-07-20,SJC_Gold,39.7,39.7,0.0,0.00023264450203764795,0.005663282588812312
2019-07-22,2019-07-21,SJC_Gold,39.75,39.7,0.0012586534071958866,0.00023264450203764795,0.005663282588812312
2019-07-23,2019-07-22,SJC_Gold,39.6,39.75,-0.0037807228399060477,0.00023264450203764795,0.005663282588812312
2019-07-24,2019-07-23,SJC_Gold,39.74,39.6,0.003529118863236036,0.00023264450203764795,0.005663282588812312
2019-07-25,2019-07-24,SJC_Gold,39.8,39.74,0.0015086751667210407,0.00023264450203764795,0.005663282588812312
2019-07-26,2019-07-25,SJC_Gold,39.62,39.8,-0.004532871019987006,0.00023264450203764795,0.005663282588812312
2019-07-27,2019-07-26,SJC_Gold,39.67,39.62,0.001261193255833959,0.00023264450203764795,0.005663282588812312
2019-07-28,2019-07-27,SJC_Gold,39.67,39.67,0.0,0.00023264450203764795,0.005663282588812312
2019-07-29,2019-07-28,SJC_Gold,39.62,39.67,-0.001261193255833959,0.00023264450203764795,0.005663282588812312
2019-07-30,2019-07-29,SJC_Gold,39.73,39.62,0.0027725285561026602,0.00023264450203764795,0.005663282588812312
2019-07-31,2019-07-30,SJC_Gold,39.8,39.73,0.0017603424638843457,0.00023264450203764795,0.005663282588812312
2019-08-01,2019-07-31,SJC_Gold,39.44,39.8,-0.009086382555957062,0.00023264450203764795,0.005663282588812312
2019-08-02,2019-08-01,SJC_Gold,39.9,39.44,0.011595794161383122,0.00023264450203764795,0.005663282588812312
2019-08-03,2019-08-02,SJC_Gold,39.95,39.9,0.0012523483164659233,0.00023264450203764795,0.005663282588812312
2019-08-04,2019-08-03,SJC_Gold,39.95,39.95,0.0,0.00023264450203764795,0.005663282588812312
2019-08-05,2019-08-04,SJC_Gold,40.55,39.95,0.01490710834913811,0.00023264450203764795,0.005663282588812312
2019-08-06,2019-08-05,SJC_Gold,40.8,40.55,0.006146300848694164,0.00023264450203764795,0.005663282588812312
2019-08-07,2019-08-06,SJC_Gold,41.6,40.8,0.019418085857101808,0.00023264450203764795,0.005663282588812312
2019-08-08,2019-08-07,SJC_Gold,42.25,41.6,0.015504186535964859,0.00023264450203764795,0.005663282588812312
2019-08-09,2019-08-08,SJC_Gold,42.05,42.25,-0.004744967384225696,0.00023264450203764795,0.005663282588812312
2019-08-10,2019-08-09,SJC_Gold,41.85,42.05,-0.004767589483472445,0.00023264450203764795,0.005663282588812312
2019-08-11,2019-08-10,SJC_Gold,41.85,41.85,0.0,0.00023264450203764795,0.005663282588812312
2019-08-12,2019-08-11,SJC_Gold,41.7,41.85,-0.0035906681307285027,0.00023264450203764795,0.005663282588812312
2019-08-13,2019-08-12,SJC_Gold,42.2,41.7,0.011919092237210105,0.00023264450203764795,0.005663282588812312
2019-08-14,2019-08-13,SJC_Gold,41.65,42.2,-0.01311885242911437,0.00023264450203764795,0.005663282588812312
2019-08-15,2019-08-14,SJC_Gold,42.0,41.65,0.008368249670516636,0.00023264450203764795,0.005663282588812312
2019-08-16,2019-08-15,SJC_Gold,41.85,42.0,-0.0035778213478838694,0.00023264450203764795,0.005663282588812312
2019-08-17,2019-08-16,SJC_Gold,41.9,41.85,0.001194029992607426,0.00023264450203764795,0.005663282588812312
2019-08-18,2019-08-17,SJC_Gold,41.9,41.9,0.0,0.00023264450203764795,0.005663282588812312
2019-08-19,2019-08-18,SJC_Gold,41.65,41.9,-0.005984458315240193,0.00023264450203764795,0.005663282588812312
2019-08-20,2019-08-19,SJC_Gold,41.75,41.65,0.00239808268401287,0.00023264450203764795,0.005663282588812312
2019-08-21,2019-08-20,SJC_Gold,41.6,41.75,-0.003599284029646821,0.00023264450203764795,0.005663282588812312
2019-08-22,2019-08-21,SJC_Gold,41.73,41.6,0.003120127336243339,0.00023264450203764795,0.005663282588812312
2019-08-23,2019-08-22,SJC_Gold,41.75,41.73,0.0004791566934034819,0.00023264450203764795,0.005663282588812312
2019-08-24,2019-08-23,SJC_Gold,42.4,41.75,0.015448910941047611,0.00023264450203764795,0.005663282588812312
2019-08-25,2019-08-24,SJC_Gold,42.4,42.4,0.0,0.00023264450203764795,0.005663282588812312
2019-08-26,2019-08-25,SJC_Gold,42.8,42.4,0.00938974034983886,0.00023264450203764795,0.005663282588812312
2019-08-27,2019-08-26,SJC_Gold,42.7,42.8,-0.002339182353172209,0.00023264450203764795,0.005663282588812312
2019-08-28,2019-08-27,SJC_Gold,42.8,42.7,0.002339182353172209,0.00023264450203764795,0.005663282588812312
2019-08-29,2019-08-28,SJC_Gold,42.9,42.8,0.0023337233462199514,0.00023264450203764795,0.005663282588812312
2019-08-30,2019-08-29,SJC_Gold,42.65,42.9,-0.005844551996283087,0.00023264450203764795,0.005663282588812312
2019-08-31,2019-08-30,SJC_Gold,42.6,42.65,-0.0011730206623630224,0.00023264450203764795,0.005663282588812312
2019-09-01,2019-08-31,SJC_Gold,42.6,42.6,0.0,0.00023264450203764795,0.005663282588812312
2019-09-02,2019-09-01,SJC_Gold,42.6,42.6,0.0,0.00023264450203764795,0.005663282588812312
2019-09-03,2019-09-02,SJC_Gold,42.65,42.6,0.0011730206623630224,0.00023264450203764795,0.005663282588812312
2019-09-04,2019-09-03,SJC_Gold,42.75,42.65,0.002341921445081052,0.00023264450203764795,0.005663282588812312
2019-09-05,2019-09-04,SJC_Gold,42.9,42.75,0.003502630551202035,0.00023264450203764795,0.005663282588812312
2019-09-06,2019-09-05,SJC_Gold,42.45,42.9,-0.010544913176614656,0.00023264450203764795,0.005663282588812312
2019-09-07,2019-09-06,SJC_Gold,42.45,42.45,0.0,0.00023264450203764795,0.005663282588812312
2019-09-08,2019-09-07,SJC_Gold,42.45,42.45,0.0,0.00023264450203764795,0.005663282588812312
2019-09-09,2019-09-08,SJC_Gold,42.1,42.45,-0.008279172069020735,0.00023264450203764795,0.005663282588812312
2019-09-10,2019-09-09,SJC_Gold,41.8,42.1,-0.007151401157625248,0.00023264450203764795,0.005663282588812312
2019-09-11,2019-09-10,SJC_Gold,41.7,41.8,-0.0023952107259543887,0.00023264450203764795,0.005663282588812312
2019-09-12,2019-09-11,SJC_Gold,41.95,41.7,0.005977304108459425,0.00023264450203764795,0.005663282588812312
2019-09-13,2019-09-12,SJC_Gold,42.15,41.95,0.004756251534649092,0.00023264450203764795,0.005663282588812312
2019-09-14,2019-09-13,SJC_Gold,41.9,42.15,-0.005948857519772588,0.00023264450203764795,0.005663282588812312
2019-09-15,2019-09-14,SJC_Gold,41.9,41.9,0.0,0.00023264450203764795,0.005663282588812312
2019-09-16,2019-09-15,SJC_Gold,41.95,41.9,0.001192605985123496,0.00023264450203764795,0.005663282588812312
2019-09-17,2019-09-16,SJC_Gold,41.85,41.95,-0.002386635977730922,0.00023264450203764795,0.005663282588812312
2019-09-18,2019-09-17,SJC_Gold,41.95,41.85,0.002386635977730922,0.00023264450203764795,0.005663282588812312
2019-09-19,2019-09-18,SJC_Gold,41.95,41.95,0.0,0.00023264450203764795,0.005663282588812312
2019-09-20,2019-09-19,SJC_Gold,41.95,41.95,0.0,0.00023264450203764795,0.005663282588812312
2019-09-21,2019-09-20,SJC_Gold,42.2,41.95,0.00594178812875068,0.00023264450203764795,0.005663282588812312
2019-09-22,2019-09-21,SJC_Gold,42.2,42.2,0.0,0.00023264450203764795,0.005663282588812312
2019-09-23,2019-09-22,SJC_Gold,42.28,42.2,0.0018939399600705897,0.00023264450203764795,0.005663282588812312
2019-09-24,2019-09-23,SJC_Gold,42.35,42.28,0.0016542600960267606,0.00023264450203764795,0.005663282588812312
2019-09-25,2019-09-24,SJC_Gold,42.6,42.35,0.005885832177261463,0.00023264450203764795,0.005663282588812312
2019-09-26,2019-09-25,SJC_Gold,42.25,42.6,-0.008249899472142275,0.00023264450203764795,0.005663282588812312
2019-09-27,2019-09-26,SJC_Gold,42.0,42.25,-0.0059347355198142715,0.00023264450203764795,0.005663282588812312
2019-09-28,2019-09-27,SJC_Gold,42.0,42.0,0.0,0.00023264450203764795,0.005663282588812312
2019-09-29,2019-09-28,SJC_Gold,42.0,42.0,0.0,0.00023264450203764795,0.005663282588812312
2019-09-30,2019-09-29,SJC_Gold,41.8,42.0,-0.004773278752657983,0.00023264450203764795,0.005663282588812312
2019-10-01,2019-09-30,SJC_Gold,41.25,41.8,-0.013245226750020489,0.00023264450203764795,0.005663282588812312
2019-10-02,2019-10-01,SJC_Gold,41.55,41.25,0.0072464085207673,0.00023264450203764795,0.005663282588812312
2019-10-03,2019-10-02,SJC_Gold,41.95,41.55,0.009580911611758225,0.00023264450203764795,0.005663282588812312
2019-10-04,2019-10-03,SJC_Gold,42.05,41.95,0.002380953505741523,0.00023264450203764795,0.005663282588812312
2019-10-05,2019-10-04,SJC_Gold,42.05,42.05,0.0,0.00023264450203764795,0.005663282588812312
2019-10-06,2019-10-05,SJC_Gold,42.05,42.05,0.0,0.00023264450203764795,0.005663282588812312
2019-10-07,2019-10-06,SJC_Gold,41.95,42.05,-0.002380953505741523,0.00023264450203764795,0.005663282588812312
2019-10-08,2019-10-07,SJC_Gold,41.85,41.95,-0.002386635977730922,0.00023264450203764795,0.005663282588812312
2019-10-09,2019-10-08,SJC_Gold,42.04,41.85,0.004529749073265865,0.00023264450203764795,0.005663282588812312
2019-10-10,2019-10-09,SJC_Gold,42.05,42.04,0.0002378404102065801,0.00023264450203764795,0.005663282588812312
2019-10-11,2019-10-10,SJC_Gold,42.02,42.05,-0.0007136910021023901,0.00023264450203764795,0.005663282588812312
2019-10-12,2019-10-11,SJC_Gold,41.8,42.02,-0.005249355886144169,0.00023264450203764795,0.005663282588812312
2019-10-13,2019-10-12,SJC_Gold,41.8,41.8,0.0,0.00023264450203764795,0.005663282588812312
2019-10-14,2019-10-13,SJC_Gold,41.83,41.8,0.0007174459233967312,0.00023264450203764795,0.005663282588812312
2019-10-15,2019-10-14,SJC_Gold,41.74,41.83,-0.0021538838050525477,0.00023264450203764795,0.005663282588812312
2019-10-16,2019-10-15,SJC_Gold,41.69,41.74,-0.0011986097563490006,0.00023264450203764795,0.005663282588812312
2019-10-17,2019-10-16,SJC_Gold,41.7,41.69,0.00023983691205042845,0.00023264450203764795,0.005663282588812312
2019-10-18,2019-10-17,SJC_Gold,41.75,41.7,0.0011983224921086055,0.00023264450203764795,0.005663282588812312
2019-10-19,2019-10-18,SJC_Gold,41.75,41.75,0.0,0.00023264450203764795,0.005663282588812312
2019-10-20,2019-10-19,SJC_Gold,41.75,41.75,0.0,0.00023264450203764795,0.005663282588812312
2019-10-21,2019-10-20,SJC_Gold,41.77,41.75,0.00047892721221920453,0.00023264450203764795,0.005663282588812312
2019-10-22,2019-10-21,SJC_Gold,41.72,41.77,-0.0011977483765122088,0.00023264450203764795,0.005663282588812312
2019-10-23,2019-10-22,SJC_Gold,41.82,41.72,0.002394063867916074,0.00023264450203764795,0.005663282588812312
2019-10-24,2019-10-23,SJC_Gold,41.76,41.82,-0.001435750426104665,0.00023264450203764795,0.005663282588812312
2019-10-25,2019-10-24,SJC_Gold,41.93,41.76,0.004062617608288299,0.00023264450203764795,0.005663282588812312
2019-10-26,2019-10-25,SJC_Gold,41.95,41.93,0.000476871730544115,0.00023264450203764795,0.005663282588812312
2019-10-27,2019-10-26,SJC_Gold,41.95,41.95,0.0,0.00023264450203764795,0.005663282588812312
2019-10-28,2019-10-27,SJC_Gold,41.98,41.95,0.0007148814792712344,0.00023264450203764795,0.005663282588812312
2019-10-29,2019-10-28,SJC_Gold,41.91,41.98,-0.0016688524555066309,0.00023264450203764795,0.005663282588812312
2019-10-30,2019-10-29,SJC_Gold,41.81,41.91,-0.0023889165685062608,0.00023264450203764795,0.005663282588812312
2019-10-31,2019-10-30,SJC_Gold,41.96,41.81,0.003581238159622746,0.00023264450203764795,0.005663282588812312
2019-11-01,2019-10-31,SJC_Gold,42.14,41.96,0.004280624847946335,0.00023264450203764795,0.005663282588812312
2019-11-02,2019-11-01,SJC_Gold,42.16,42.14,0.00047449585706393904,0.00023264450203764795,0.005663282588812312
2019-11-03,2019-11-02,SJC_Gold,42.16,42.16,0.0,0.00023264450203764795,0.005663282588812312
2019-11-04,2019-11-03,SJC_Gold,42.05,42.16,-0.0026125178141498395,0.00023264450203764795,0.005663282588812312
2019-11-05,2019-11-04,SJC_Gold,41.98,42.05,-0.0016660720264702888,0.00023264450203764795,0.005663282588812312
2019-11-06,2019-11-05,SJC_Gold,41.84,41.98,-0.0033404946358190912,0.00023264450203764795,0.005663282588812312
2019-11-07,2019-11-06,SJC_Gold,41.87,41.84,0.0007167602743844981,0.00023264450203764795,0.005663282588812312
2019-11-08,2019-11-07,SJC_Gold,41.65,41.87,-0.00526821141820033,0.00023264450203764795,0.005663282588812312
2019-11-09,2019-11-08,SJC_Gold,41.54,41.65,-0.0026445501648857395,0.00023264450203764795,0.005663282588812312
2019-11-10,2019-11-09,SJC_Gold,41.54,41.54,0.0,0.00023264450203764795,0.005663282588812312
2019-11-11,2019-11-10,SJC_Gold,41.56,41.54,0.0004813477830607482,0.00023264450203764795,0.005663282588812312
2019-11-12,2019-11-11,SJC_Gold,41.34,41.56,-0.0053076119774044805,0.00023264450203764795,0.005663282588812312
2019-11-13,2019-11-12,SJC_Gold,41.42,41.34,0.0019333017138158937,0.00023264450203764795,0.005663282588812312
2019-11-14,2019-11-13,SJC_Gold,41.5,41.42,0.0019295712692142253,0.00023264450203764795,0.005663282588812312
2019-11-15,2019-11-14,SJC_Gold,41.48,41.5,-0.0004820438753259104,0.00023264450203764795,0.005663282588812312
2019-11-16,2019-11-15,SJC_Gold,41.52,41.48,0.0009638554963067314,0.00023264450203764795,0.005663282588812312
2019-11-17,2019-11-16,SJC_Gold,41.52,41.52,0.0,0.00023264450203764795,0.005663282588812312
2019-11-18,2019-11-17,SJC_Gold,41.41,41.52,-0.002652841300157416,0.00023264450203764795,0.005663282588812312
2019-11-19,2019-11-18,SJC_Gold,41.48,41.41,0.0016889858038506844,0.00023264450203764795,0.005663282588812312
2019-11-20,2019-11-19,SJC_Gold,41.64,41.48,0.0038498603854417723,0.00023264450203764795,0.005663282588812312
2019-11-21,2019-11-20,SJC_Gold,41.63,41.64,-0.00024018253988433713,0.00023264450203764795,0.005663282588812312
2019-11-22,2019-11-21,SJC_Gold,41.62,41.63,-0.00024024024139546185,0.00023264450203764795,0.005663282588812312
2019-11-23,2019-11-22,SJC_Gold,41.52,41.62,-0.002405582107855242,0.00023264450203764795,0.005663282588812312
2019-11-24,2019-11-23,SJC_Gold,41.52,41.52,0.0,0.00023264450203764795,0.005663282588812312
2019-11-25,2019-11-24,SJC_Gold,41.4,41.52,-0.0028943580263645075,0.00023264450203764795,0.005663282588812312
2019-11-26,2019-11-25,SJC_Gold,41.4,41.4,0.0,0.00023264450203764795,0.005663282588812312
2019-11-27,2019-11-26,SJC_Gold,41.4,41.4,0.0,0.00023264450203764795,0.005663282588812312
2019-11-28,2019-11-27,SJC_Gold,41.33,41.4,-0.0016922523076279283,0.00023264450203764795,0.005663282588812312
2019-11-29,2019-11-28,SJC_Gold,41.4,41.33,0.0016922523076279283,0.00023264450203764795,0.005663282588812312
2019-11-30,2019-11-29,SJC_Gold,41.47,41.4,0.0016893934270210131,0.00023264450203764795,0.005663282588812312
2019-12-01,2019-11-30,SJC_Gold,41.47,41.47,0.0,0.00023264450203764795,0.005663282588812312
2019-12-02,2019-12-01,SJC_Gold,41.35,41.47,-0.00289785278858945,0.00023264450203764795,0.005663282588812312
2019-12-03,2019-12-02,SJC_Gold,41.44,41.35,0.00217417648152729,0.00023264450203764795,0.005663282588812312
2019-12-04,2019-12-03,SJC_Gold,41.58,41.44,0.003372684478639254,0.00023264450203764795,0.005663282588812312
2019-12-05,2019-12-04,SJC_Gold,41.58,41.58,0.0,0.00023264450203764795,0.005663282588812312
2019-12-06,2019-12-05,SJC_Gold,41.55,41.58,-0.0007217611284096037,0.00023264450203764795,0.005663282588812312
2019-12-07,2019-12-06,SJC_Gold,41.45,41.55,-0.0024096397201534003,0.00023264450203764795,0.005663282588812312
2019-12-08,2019-12-07,SJC_Gold,41.45,41.45,0.0,0.00023264450203764795,0.005663282588812312
2019-12-09,2019-12-08,SJC_Gold,41.42,41.45,-0.000724025613865642,0.00023264450203764795,0.005663282588812312
2019-12-10,2019-12-09,SJC_Gold,41.45,41.42,0.000724025613865642,0.00023264450203764795,0.005663282588812312
2019-12-11,2019-12-10,SJC_Gold,41.44,41.45,-0.00024128363007624998,0.00023264450203764795,0.005663282588812312
2019-12-12,2019-12-11,SJC_Gold,41.53,41.44,0.002169459691434561,0.00023264450203764795,0.005663282588812312
2019-12-13,2019-12-12,SJC_Gold,41.52,41.53,-0.00024081878502890675,0.00023264450203764795,0.005663282588812312
2019-12-14,2019-12-13,SJC_Gold,41.53,41.52,0.00024081878502890675,0.00023264450203764795,0.005663282588812312
2019-12-15,2019-12-14,SJC_Gold,41.53,41.53,0.0,0.00023264450203764795,0.005663282588812312
2019-12-16,2019-12-15,SJC_Gold,41.6,41.53,0.0016841096245556741,0.00023264450203764795,0.005663282588812312
2019-12-17,2019-12-16,SJC_Gold,41.63,41.6,0.0007208939396661229,0.00023264450203764795,0.005663282588812312
2019-12-18,2019-12-17,SJC_Gold,41.64,41.63,0.00024018253988433713,0.00023264450203764795,0.005663282588812312
2019-12-19,2019-12-18,SJC_Gold,41.58,41.64,-0.0014419613169014411,0.00023264450203764795,0.005663282588812312
2019-12-20,2019-12-19,SJC_Gold,41.63,41.58,0.001201778777017104,0.00023264450203764795,0.005663282588812312
2019-12-21,2019-12-20,SJC_Gold,41.65,41.63,0.00048030740596782806,0.00023264450203764795,0.005663282588812312
2019-12-22,2019-12-21,SJC_Gold,41.65,41.65,0.0,0.00023264450203764795,0.005663282588812312
2019-12-23,2019-12-22,SJC_Gold,41.74,41.65,0.0021585330362028365,0.00023264450203764795,0.005663282588812312
2019-12-24,2019-12-23,SJC_Gold,41.89,41.74,0.0035872333098887488,0.00023264450203764795,0.005663282588812312
2019-12-25,2019-12-24,SJC_Gold,42.12,41.89,0.005475552306831499,0.00023264450203764795,0.005663282588812312
2019-12-26,2019-12-25,SJC_Gold,42.2,42.12,0.0018975337761912847,0.00023264450203764795,0.005663282588812312
2019-12-27,2019-12-26,SJC_Gold,42.37,42.2,0.004020343596501608,0.00023264450203764795,0.005663282588812312
2019-12-28,2019-12-27,SJC_Gold,42.45,42.37,0.0018863481188886588,0.00023264450203764795,0.005663282588812312
2019-12-29,2019-12-28,SJC_Gold,42.45,42.45,0.0,0.00023264450203764795,0.005663282588812312
2019-12-30,2019-12-29,SJC_Gold,42.53,42.45,0.0018827965081857911,0.00023264450203764795,0.005663282588812312
2019-12-31,2019-12-30,SJC_Gold,42.75,42.53,0.00515948611722683,0.00023264450203764795,0.005663282588812312
2020-01-01,2019-12-31,SJC_Gold,42.75,42.75,0.0,0.00023264450203764795,0.005663282588812312
2020-01-02,2020-01-01,SJC_Gold,42.64,42.75,-0.0025764155251799536,0.00023264450203764795,0.005663282588812312
2020-01-03,2020-01-02,SJC_Gold,43.03,42.64,0.009104766992919178,0.00023264450203764795,0.005663282588812312
2020-01-04,2020-01-03,SJC_Gold,43.3,43.03,0.006255088157935962,0.00023264450203764795,0.005663282588812312
2020-01-05,2020-01-04,SJC_Gold,43.3,43.3,0.0,0.00023264450203764795,0.005663282588812312
2020-01-06,2020-01-05,SJC_Gold,44.45,43.3,0.026212326951469578,0.00023264450203764795,0.005663282588812312
2020-01-07,2020-01-06,SJC_Gold,44.0,44.45,-0.010175328041652776,0.00023264450203764795,0.005663282588812312
2020-01-08,2020-01-07,SJC_Gold,44.5,44.0,0.011299555253933669,0.00023264450203764795,0.005663282588812312
2020-01-09,2020-01-08,SJC_Gold,43.45,44.5,-0.023878337460793375,0.00023264450203764795,0.005663282588812312
2020-01-10,2020-01-09,SJC_Gold,43.35,43.45,-0.002304148484850277,0.00023264450203764795,0.005663282588812312
2020-01-11,2020-01-10,SJC_Gold,43.65,43.35,0.006896579059060048,0.00023264450203764795,0.005663282588812312
2020-01-12,2020-01-11,SJC_Gold,43.65,43.65,0.0,0.00023264450203764795,0.005663282588812312
2020-01-13,2020-01-12,SJC_Gold,43.3,43.65,-0.008050647277166867,0.00023264450203764795,0.005663282588812312
2020-01-14,2020-01-13,SJC_Gold,43.25,43.3,-0.001155401630555719,0.00023264450203764795,0.005663282588812312
2020-01-15,2020-01-14,SJC_Gold,43.3,43.25,0.001155401630555719,0.00023264450203764795,0.005663282588812312
2020-01-16,2020-01-15,SJC_Gold,43.35,43.3,0.0011540682181068185,0.00023264450203764795,0.005663282588812312
2020-01-17,2020-01-16,SJC_Gold,43.45,43.35,0.002304148484850277,0.00023264450203764795,0.005663282588812312
2020-01-18,2020-01-17,SJC_Gold,43.55,43.45,0.0022988515871102955,0.00023264450203764795,0.005663282588812312
2020-01-19,2020-01-18,SJC_Gold,43.55,43.55,0.0,0.00023264450203764795,0.005663282588812312
2020-01-20,2020-01-19,SJC_Gold,43.85,43.55,0.006865015519680551,0.00023264450203764795,0.005663282588812312
2020-01-21,2020-01-20,SJC_Gold,43.85,43.85,0.0,0.00023264450203764795,0.005663282588812312
2020-01-22,2020-01-21,SJC_Gold,43.75,43.85,-0.0022831060145689364,0.00023264450203764795,0.005663282588812312
2020-01-23,2020-01-22,SJC_Gold,43.75,43.75,0.0,0.00023264450203764795,0.005663282588812312
2020-01-24,2020-01-23,SJC_Gold,43.75,43.75,0.0,0.00023264450203764795,0.005663282588812312
2020-01-25,2020-01-24,SJC_Gold,43.75,43.75,0.0,0.00023264450203764795,0.005663282588812312
2020-01-26,2020-01-25,SJC_Gold,43.75,43.75,0.0,0.00023264450203764795,0.005663282588812312
2020-01-27,2020-01-26,SJC_Gold,43.75,43.75,0.0,0.00023264450203764795,0.005663282588812312
2020-01-28,2020-01-27,SJC_Gold,43.75,43.75,0.0,0.00023264450203764795,0.005663282588812312
2020-01-29,2020-01-28,SJC_Gold,43.75,43.75,0.0,0.00023264450203764795,0.005663282588812312
2020-01-30,2020-01-29,SJC_Gold,44.6,43.75,0.01924224622239512,0.00023264450203764795,0.005663282588812312
2020-01-31,2020-01-30,SJC_Gold,44.65,44.6,0.0011204482964894957,0.00023264450203764795,0.005663282588812312
2020-02-01,2020-01-31,SJC_Gold,44.95,44.65,0.006696453595121721,0.00023264450203764795,0.005663282588812312
2020-02-02,2020-02-01,SJC_Gold,44.85,44.95,-0.002227172412824441,0.00023264450203764795,0.005663282588812312
2020-02-03,2020-02-02,SJC_Gold,44.45,44.85,-0.008958626544891324,0.00023264450203764795,0.005663282588812312
2020-02-04,2020-02-03,SJC_Gold,43.95,44.45,-0.01131233782872787,0.00023264450203764795,0.005663282588812312
2020-02-05,2020-02-04,SJC_Gold,43.9,43.95,-0.0011383040500603236,0.00023264450203764795,0.005663282588812312
2020-02-06,2020-02-05,SJC_Gold,43.95,43.9,0.0011383040500603236,0.00023264450203764795,0.005663282588812312
2020-02-07,2020-02-06,SJC_Gold,44.0,43.95,0.001137009787075094,0.00023264450203764795,0.005663282588812312
2020-02-08,2020-02-07,SJC_Gold,44.2,44.0,0.00453515516539138,0.00023264450203764795,0.005663282588812312
2020-02-09,2020-02-08,SJC_Gold,44.2,44.2,0.0,0.00023264450203764795,0.005663282588812312
2020-02-10,2020-02-09,SJC_Gold,44.35,44.2,0.0033879196719359683,0.00023264450203764795,0.005663282588812312
2020-02-11,2020-02-10,SJC_Gold,44.2,44.35,-0.0033879196719359683,0.00023264450203764795,0.005663282588812312
2020-02-12,2020-02-11,SJC_Gold,44.2,44.2,0.0,0.00023264450203764795,0.005663282588812312
2020-02-13,2020-02-12,SJC_Gold,44.3,44.2,0.0022598879674373684,0.00023264450203764795,0.005663282588812312
2020-02-14,2020-02-13,SJC_Gold,44.25,44.3,-0.0011293055971512977,0.00023264450203764795,0.005663282588812312
2020-02-15,2020-02-14,SJC_Gold,44.4,44.25,0.003384097984240775,0.00023264450203764795,0.005663282588812312
2020-02-16,2020-02-15,SJC_Gold,44.4,44.4,0.0,0.00023264450203764795,0.005663282588812312
2020-02-17,2020-02-16,SJC_Gold,44.45,44.4,0.0011254925217345502,0.00023264450203764795,0.005663282588812312
2020-02-18,2020-02-17,SJC_Gold,44.63,44.45,0.004041316681264728,0.00023264450203764795,0.005663282588812312
2020-02-19,2020-02-18,SJC_Gold,45.05,44.63,0.009366705413168308,0.00023264450203764795,0.005663282588812312
2020-02-20,2020-02-19,SJC_Gold,45.0,45.05,-0.001110494284027208,0.00023264450203764795,0.005663282588812312
2020-02-21,2020-02-20,SJC_Gold,45.65,45.0,0.01434111727065801,0.00023264450203764795,0.005663282588812312
2020-02-22,2020-02-21,SJC_Gold,46.05,45.65,0.00872415566033835,0.00023264450203764795,0.005663282588812312
2020-02-23,2020-02-22,SJC_Gold,46.05,46.05,0.0,0.00023264450203764795,0.005663282588812312
2020-02-24,2020-02-23,SJC_Gold,49.0,46.05,0.06209253540931048,0.00023264450203764795,0.005663282588812312
2020-02-25,2020-02-24,SJC_Gold,47.4,49.0,-0.033198069409595465,0.00023264450203764795,0.005663282588812312
2020-02-26,2020-02-25,SJC_Gold,46.95,47.4,-0.00953902304675891,0.00023264450203764795,0.005663282588812312
2020-02-27,2020-02-26,SJC_Gold,46.7,46.95,-0.005339040979420506,0.00023264450203764795,0.005663282588812312
2020-02-28,2020-02-27,SJC_Gold,46.5,46.7,-0.004291852081541148,0.00023264450203764795,0.005663282588812312
2020-02-29,2020-02-28,SJC_Gold,45.8,46.5,-0.015168221473171428,0.00023264450203764795,0.005663282588812312
2020-03-01,2020-02-29,SJC_Gold,45.8,45.8,0.0,0.00023264450203764795,0.005663282588812312
2020-03-02,2020-03-01,SJC_Gold,46.45,45.8,0.014092374139708763,0.00023264450203764795,0.005663282588812312
2020-03-03,2020-03-02,SJC_Gold,46.4,46.45,-0.001077006027638383,0.00023264450203764795,0.005663282588812312
2020-03-04,2020-03-03,SJC_Gold,47.0,46.4,0.012848142477849045,0.00023264450203764795,0.005663282588812312
2020-03-05,2020-03-04,SJC_Gold,46.95,47.0,-0.001064396055786343,0.00023264450203764795,0.005663282588812312
2020-03-06,2020-03-05,SJC_Gold,47.3,46.95,0.0074270898436150645,0.00023264450203764795,0.005663282588812312
2020-03-07,2020-03-06,SJC_Gold,47.3,47.3,0.0,0.00023264450203764795,0.005663282588812312
2020-03-08,2020-03-07,SJC_Gold,47.3,47.3,0.0,0.00023264450203764795,0.005663282588812312
2020-03-09,2020-03-08,SJC_Gold,47.85,47.3,0.011560822401076365,0.00023264450203764795,0.005663282588812312
2020-03-10,2020-03-09,SJC_Gold,47.55,47.85,-0.006289328907564062,0.00023264450203764795,0.005663282588812312
2020-03-11,2020-03-10,SJC_Gold,47.45,47.55,-0.00210526393546262,0.00023264450203764795,0.005663282588812312
2020-03-12,2020-03-11,SJC_Gold,47.5,47.45,0.0010531859846585334,0.00023264450203764795,0.005663282588812312
2020-03-13,2020-03-12,SJC_Gold,47.15,47.5,-0.007395701961129042,0.00023264450203764795,0.005663282588812312
2020-03-14,2020-03-13,SJC_Gold,46.7,47.15,-0.009589844404614745,0.00023264450203764795,0.005663282588812312
2020-03-15,2020-03-14,SJC_Gold,46.7,46.7,0.0,0.00023264450203764795,0.005663282588812312
2020-03-16,2020-03-15,SJC_Gold,46.8,46.7,0.002139038248749614,0.00023264450203764795,0.005663282588812312
2020-03-17,2020-03-16,SJC_Gold,45.9,46.8,-0.019418085857101808,0.00023264450203764795,0.005663282588812312
2020-03-18,2020-03-17,SJC_Gold,46.25,45.9,0.007596346891934669,0.00023264450203764795,0.005663282588812312
2020-03-19,2020-03-18,SJC_Gold,46.6,46.25,0.007539077173166042,0.00023264450203764795,0.005663282588812312
2020-03-20,2020-03-19,SJC_Gold,46.65,46.6,0.0010723861617525365,0.00023264450203764795,0.005663282588812312
2020-03-21,2020-03-20,SJC_Gold,46.55,46.65,-0.0021459235702767643,0.00023264450203764795,0.005663282588812312
2020-03-22,2020-03-21,SJC_Gold,46.55,46.55,0.0,0.00023264450203764795,0.005663282588812312
2020-03-23,2020-03-22,SJC_Gold,46.5,46.55,-0.0010746911297654371,0.00023264450203764795,0.005663282588812312
2020-03-24,2020-03-23,SJC_Gold,47.2,46.5,0.014941579998199117,0.00023264450203764795,0.005663282588812312
2020-03-25,2020-03-24,SJC_Gold,47.35,47.2,0.003172927040577811,0.00023264450203764795,0.005663282588812312
2020-03-26,2020-03-25,SJC_Gold,47.45,47.35,0.002109705423849473,0.00023264450203764795,0.005663282588812312
2020-03-27,2020-03-26,SJC_Gold,47.75,47.45,0.0063025418708022585,0.00023264450203764795,0.005663282588812312
2020-03-28,2020-03-27,SJC_Gold,47.9,47.75,0.0031364374901303727,0.00023264450203764795,0.005663282588812312
2020-03-29,2020-03-28,SJC_Gold,47.9,47.9,0.0,0.00023264450203764795,0.005663282588812312
2020-03-30,2020-03-29,SJC_Gold,48.35,47.9,0.009350717482433879,0.00023264450203764795,0.005663282588812312
2020-03-31,2020-03-30,SJC_Gold,48.2,48.35,-0.0031072008427486253,0.00023264450203764795,0.005663282588812312
2020-04-01,2020-03-31,SJC_Gold,48.05,48.2,-0.003116885640253475,0.00023264450203764795,0.005663282588812312
2020-04-02,2020-04-01,SJC_Gold,48.05,48.05,0.0,0.00023264450203764795,0.005663282588812312
2020-04-03,2020-04-02,SJC_Gold,48.05,48.05,0.0,0.00023264450203764795,0.005663282588812312
2020-04-04,2020-04-03,SJC_Gold,48.05,48.05,0.0,0.00023264450203764795,0.005663282588812312
2020-04-05,2020-04-04,SJC_Gold,48.05,48.05,0.0,0.00023264450203764795,0.005663282588812312
2020-04-06,2020-04-05,SJC_Gold,48.1,48.05,0.0010400416954143843,0.00023264450203764795,0.005663282588812312
2020-04-07,2020-04-06,SJC_Gold,48.1,48.1,0.0,0.00023264450203764795,0.005663282588812312
2020-04-08,2020-04-07,SJC_Gold,48.0,48.1,-0.0020811662038244805,0.00023264450203764795,0.005663282588812312
2020-04-09,2020-04-08,SJC_Gold,48.1,48.0,0.0020811662038244805,0.00023264450203764795,0.005663282588812312
2020-04-10,2020-04-09,SJC_Gold,48.25,48.1,0.003113650673279178,0.00023264450203764795,0.005663282588812312
2020-04-11,2020-04-10,SJC_Gold,48.25,48.25,0.0,0.00023264450203764795,0.005663282588812312
2020-04-12,2020-04-11,SJC_Gold,48.25,48.25,0.0,0.00023264450203764795,0.005663282588812312
2020-04-13,2020-04-12,SJC_Gold,48.4,48.25,0.0031039859375909806,0.00023264450203764795,0.005663282588812312
2020-04-14,2020-04-13,SJC_Gold,48.55,48.4,0.0030943810147481265,0.00023264450203764795,0.005663282588812312
2020-04-15,2020-04-14,SJC_Gold,48.3,48.55,-0.005162634078807127,0.00023264450203764795,0.005663282588812312
2020-04-16,2020-04-15,SJC_Gold,48.35,48.3,0.0010346612407765576,0.00023264450203764795,0.005663282588812312
2020-04-17,2020-04-16,SJC_Gold,48.25,48.35,-0.002070394114308538,0.00023264450203764795,0.005663282588812312
2020-04-18,2020-04-17,SJC_Gold,48.25,48.25,0.0,0.00023264450203764795,0.005663282588812312
2020-04-19,2020-04-18,SJC_Gold,48.25,48.25,0.0,0.00023264450203764795,0.005663282588812312
2020-04-20,2020-04-19,SJC_Gold,48.0,48.25,-0.0051948168771036585,0.00023264450203764795,0.005663282588812312
2020-04-21,2020-04-20,SJC_Gold,48.15,48.0,0.003120127336243339,0.00023264450203764795,0.005663282588812312
2020-04-22,2020-04-21,SJC_Gold,48.15,48.15,0.0,0.00023264450203764795,0.005663282588812312
2020-04-23,2020-04-22,SJC_Gold,48.45,48.15,0.006211200092640645,0.00023264450203764795,0.005663282588812312
2020-04-24,2020-04-23,SJC_Gold,48.5,48.45,0.0010314596066622883,0.00023264450203764795,0.005663282588812312
2020-04-25,2020-04-24,SJC_Gold,48.55,48.5,0.001030396793896493,0.00023264450203764795,0.005663282588812312
2020-04-26,2020-04-25,SJC_Gold,48.55,48.55,0.0,0.00023264450203764795,0.005663282588812312
2020-04-27,2020-04-26,SJC_Gold,48.55,48.55,0.0,0.00023264450203764795,0.005663282588812312
2020-04-28,2020-04-27,SJC_Gold,48.6,48.55,0.00102933616911427,0.00023264450203764795,0.005663282588812312
2020-04-29,2020-04-28,SJC_Gold,48.5,48.6,-0.002059732963010763,0.00023264450203764795,0.005663282588812312
2020-04-30,2020-04-29,SJC_Gold,48.5,48.5,0.0,0.00023264450203764795,0.005663282588812312
2020-05-01,2020-04-30,SJC_Gold,48.5,48.5,0.0,0.00023264450203764795,0.005663282588812312
2020-05-02,2020-05-01,SJC_Gold,48.5,48.5,0.0,0.00023264450203764795,0.005663282588812312
2020-05-03,2020-05-02,SJC_Gold,48.5,48.5,0.0,0.00023264450203764795,0.005663282588812312
2020-05-04,2020-05-03,SJC_Gold,48.5,48.5,0.0,0.00023264450203764795,0.005663282588812312
2020-05-05,2020-05-04,SJC_Gold,48.45,48.5,-0.0010314596066622883,0.00023264450203764795,0.005663282588812312
2020-05-06,2020-05-05,SJC_Gold,48.45,48.45,0.0,0.00023264450203764795,0.005663282588812312
2020-05-07,2020-05-06,SJC_Gold,48.25,48.45,-0.004136510551780326,0.00023264450203764795,0.005663282588812312
2020-05-08,2020-05-07,SJC_Gold,48.4,48.25,0.0031039859375909806,0.00023264450203764795,0.005663282588812312
2020-05-09,2020-05-08,SJC_Gold,48.25,48.4,-0.0031039859375909806,0.00023264450203764795,0.005663282588812312
2020-05-10,2020-05-09,SJC_Gold,48.25,48.25,0.0,0.00023264450203764795,0.005663282588812312
2020-05-11,2020-05-10,SJC_Gold,48.25,48.25,0.0,0.00023264450203764795,0.005663282588812312
2020-05-12,2020-05-11,SJC_Gold,48.35,48.25,0.002070394114308538,0.00023264450203764795,0.005663282588812312
2020-05-13,2020-05-12,SJC_Gold,48.4,48.35,0.0010335918232824426,0.00023264450203764795,0.005663282588812312
2020-05-14,2020-05-13,SJC_Gold,48.55,48.4,0.0030943810147481265,0.00023264450203764795,0.005663282588812312
2020-05-15,2020-05-14,SJC_Gold,48.67,48.55,0.002468629108029141,0.00023264450203764795,0.005663282588812312
2020-05-16,2020-05-15,SJC_Gold,48.75,48.67,0.0016423735984929522,0.00023264450203764795,0.005663282588812312
2020-05-17,2020-05-16,SJC_Gold,48.75,48.75,0.0,0.00023264450203764795,0.005663282588812312
2020-05-18,2020-05-17,SJC_Gold,49.4,48.75,0.013245226750020933,0.00023264450203764795,0.005663282588812312
2020-05-19,2020-05-18,SJC_Gold,49.03,49.4,-0.007518068530735,0.00023264450203764795,0.005663282588812312
2020-05-20,2020-05-19,SJC_Gold,49.1,49.03,0.0014266791373329646,0.00023264450203764795,0.005663282588812312
2020-05-21,2020-05-20,SJC_Gold,48.95,49.1,-0.0030596658239554486,0.00023264450203764795,0.005663282588812312
2020-05-22,2020-05-21,SJC_Gold,48.95,48.95,0.0,0.00023264450203764795,0.005663282588812312
2020-05-23,2020-05-22,SJC_Gold,48.9,48.95,-0.0010219724956930243,0.00023264450203764795,0.005663282588812312
2020-05-24,2020-05-23,SJC_Gold,48.9,48.9,0.0,0.00023264450203764795,0.005663282588812312
2020-05-25,2020-05-24,SJC_Gold,48.9,48.9,0.0,0.00023264450203764795,0.005663282588812312
2020-05-26,2020-05-25,SJC_Gold,48.85,48.9,-0.001023017992034525,0.00023264450203764795,0.005663282588812312
2020-05-27,2020-05-26,SJC_Gold,48.7,48.85,-0.0030753484002477016,0.00023264450203764795,0.005663282588812312
2020-05-28,2020-05-27,SJC_Gold,48.8,48.7,0.002051282770557439,0.00023264450203764795,0.005663282588812312
2020-05-29,2020-05-28,SJC_Gold,48.87,48.8,0.0014333984229617514,0.00023264450203764795,0.005663282588812312
2020-05-30,2020-05-29,SJC_Gold,48.9,48.87,0.0006136851987630365,0.00023264450203764795,0.005663282588812312
2020-05-31,2020-05-30,SJC_Gold,48.9,48.9,0.0,0.00023264450203764795,0.005663282588812312
2020-06-01,2020-05-31,SJC_Gold,49.0,48.9,0.0020429016298000313,0.00023264450203764795,0.005663282588812312
2020-06-02,2020-06-01,SJC_Gold,48.97,49.0,-0.0006124323964002976,0.00023264450203764795,0.005663282588812312
2020-06-03,2020-06-02,SJC_Gold,48.83,48.97,-0.0028629876406571775,0.00023264450203764795,0.005663282588812312
2020-06-04,2020-06-03,SJC_Gold,48.8,48.83,-0.0006145652144673441,0.00023264450203764795,0.005663282588812312
2020-06-05,2020-06-04,SJC_Gold,48.82,48.8,0.00040975210571225773,0.00023264450203764795,0.005663282588812312
2020-06-06,2020-06-05,SJC_Gold,48.65,48.82,-0.0034882563327998106,0.00023264450203764795,0.005663282588812312
2020-06-07,2020-06-06,SJC_Gold,48.65,48.65,0.0,0.00023264450203764795,0.005663282588812312
2020-06-08,2020-06-07,SJC_Gold,48.7,48.65,0.001027221456530114,0.00023264450203764795,0.005663282588812312
2020-06-09,2020-06-08,SJC_Gold,48.72,48.7,0.0004105933130973405,0.00023264450203764795,0.005663282588812312
2020-06-10,2020-06-09,SJC_Gold,48.77,48.72,0.0010257463203195982,0.00023264450203764795,0.005663282588812312
2020-06-11,2020-06-10,SJC_Gold,48.8,48.77,0.0006149431371405001,0.00023264450203764795,0.005663282588812312
2020-06-12,2020-06-11,SJC_Gold,48.8,48.8,0.0,0.00023264450203764795,0.005663282588812312
2020-06-13,2020-06-12,SJC_Gold,48.77,48.8,-0.0006149431371405001,0.00023264450203764795,0.005663282588812312
2020-06-14,2020-06-13,SJC_Gold,48.77,48.77,0.0,0.00023264450203764795,0.005663282588812312
2020-06-15,2020-06-14,SJC_Gold,48.72,48.77,-0.0010257463203195982,0.00023264450203764795,0.005663282588812312
2020-06-16,2020-06-15,SJC_Gold,48.67,48.72,-0.0010267995562784904,0.00023264450203764795,0.005663282588812312
2020-06-17,2020-06-16,SJC_Gold,48.6,48.67,-0.0014392929389148712,0.00023264450203764795,0.005663282588812312
2020-06-18,2020-06-17,SJC_Gold,48.7,48.6,0.002055499182096021,0.00023264450203764795,0.005663282588812312
2020-06-19,2020-06-18,SJC_Gold,48.72,48.7,0.0004105933130973405,0.00023264450203764795,0.005663282588812312
2020-06-20,2020-06-19,SJC_Gold,48.85,48.72,0.002664755087150361,0.00023264450203764795,0.005663282588812312
2020-06-21,2020-06-20,SJC_Gold,48.85,48.85,0.0,0.00023264450203764795,0.005663282588812312
2020-06-22,2020-06-21,SJC_Gold,48.9,48.85,0.001023017992034525,0.00023264450203764795,0.005663282588812312
2020-06-23,2020-06-22,SJC_Gold,49.03,48.9,0.0026549591823155083,0.00023264450203764795,0.005663282588812312
2020-06-24,2020-06-23,SJC_Gold,49.24,49.03,0.0042739456531109,0.00023264450203764795,0.005663282588812312
2020-06-25,2020-06-24,SJC_Gold,49.2,49.24,-0.000812677817990437,0.00023264450203764795,0.005663282588812312
2020-06-26,2020-06-25,SJC_Gold,49.2,49.2,0.0,0.00023264450203764795,0.005663282588812312
2020-06-27,2020-06-26,SJC_Gold,49.27,49.2,0.0014217530576092763,0.00023264450203764795,0.005663282588812312
2020-06-28,2020-06-27,SJC_Gold,49.27,49.27,0.0,0.00023264450203764795,0.005663282588812312
2020-06-29,2020-06-28,SJC_Gold,49.32,49.27,0.00101430174027195,0.00023264450203764795,0.005663282588812312
2020-06-30,2020-06-29,SJC_Gold,49.39,49.32,0.0014182962563897838,0.00023264450203764795,0.005663282588812312
2020-07-01,2020-06-30,SJC_Gold,49.85,49.39,0.009270521855313962,0.00023264450203764795,0.005663282588812312
2020-07-02,2020-07-01,SJC_Gold,49.64,49.85,-0.0042215360714408234,0.00023264450203764795,0.005663282588812312
2020-07-03,2020-07-02,SJC_Gold,49.85,49.64,0.0042215360714408234,0.00023264450203764795,0.005663282588812312
2020-07-04,2020-07-03,SJC_Gold,49.88,49.85,0.0006016244039885876,0.00023264450203764795,0.005663282588812312
2020-07-05,2020-07-04,SJC_Gold,49.88,49.88,0.0,0.00023264450203764795,0.005663282588812312
2020-07-06,2020-07-05,SJC_Gold,50.02,49.88,0.0028028046376369353,0.00023264450203764795,0.005663282588812312
2020-07-07,2020-07-06,SJC_Gold,50.15,50.02,0.002595588958471673,0.00023264450203764795,0.005663282588812312
2020-07-08,2020-07-07,SJC_Gold,50.35,50.15,0.003980104756626801,0.00023264450203764795,0.005663282588812312
2020-07-09,2020-07-08,SJC_Gold,50.8,50.35,0.008897735419864716,0.00023264450203764795,0.005663282588812312
2020-07-10,2020-07-09,SJC_Gold,50.7,50.8,-0.001970443987298509,0.00023264450203764795,0.005663282588812312
2020-07-11,2020-07-10,SJC_Gold,50.6,50.7,-0.0019743343037177397,0.00023264450203764795,0.005663282588812312
2020-07-12,2020-07-11,SJC_Gold,50.6,50.6,0.0,0.00023264450203764795,0.005663282588812312
2020-07-13,2020-07-12,SJC_Gold,50.6,50.6,0.0,0.00023264450203764795,0.005663282588812312
2020-07-14,2020-07-13,SJC_Gold,50.53,50.6,-0.0013843569896025976,0.00023264450203764795,0.005663282588812312
2020-07-15,2020-07-14,SJC_Gold,50.67,50.53,0.002766800184001106,0.00023264450203764795,0.005663282588812312
2020-07-16,2020-07-15,SJC_Gold,50.69,50.67,0.0003946329964397144,0.00023264450203764795,0.005663282588812312
2020-07-17,2020-07-16,SJC_Gold,50.69,50.69,0.0,0.00023264450203764795,0.005663282588812312
2020-07-18,2020-07-17,SJC_Gold,50.78,50.69,0.0017739237922742568,0.00023264450203764795,0.005663282588812312
2020-07-19,2020-07-18,SJC_Gold,50.78,50.78,0.0,0.00023264450203764795,0.005663282588812312
2020-07-20,2020-07-19,SJC_Gold,50.93,50.78,0.002949564619981082,0.00023264450203764795,0.005663282588812312
2020-07-21,2020-07-20,SJC_Gold,51.5,50.93,0.01112966677317706,0.00023264450203764795,0.005663282588812312
2020-07-22,2020-07-21,SJC_Gold,53.05,51.5,0.02965305739030155,0.00023264450203764795,0.005663282588812312
2020-07-23,2020-07-22,SJC_Gold,54.8,53.05,0.03245532889397795,0.00023264450203764795,0.005663282588812312
2020-07-24,2020-07-23,SJC_Gold,55.3,54.8,0.009082714574319084,0.00023264450203764795,0.005663282588812312
2020-07-25,2020-07-24,SJC_Gold,55.0,55.3,-0.005439723295817878,0.00023264450203764795,0.005663282588812312
2020-07-26,2020-07-25,SJC_Gold,55.0,55.0,0.0,0.00023264450203764795,0.005663282588812312
2020-07-27,2020-07-26,SJC_Gold,56.9,55.0,0.03396215589981377,0.00023264450203764795,0.005663282588812312
2020-07-28,2020-07-27,SJC_Gold,57.4,56.9,0.008748962193235954,0.00023264450203764795,0.005663282588812312
2020-07-29,2020-07-28,SJC_Gold,57.7,57.4,0.005212870188533003,0.00023264450203764795,0.005663282588812312
2020-07-30,2020-07-29,SJC_Gold,57.8,57.7,0.0017316021642779234,0.00023264450203764795,0.005663282588812312
2020-07-31,2020-07-30,SJC_Gold,57.98,57.8,0.0031093478151777987,0.00023264450203764795,0.005663282588812312
2020-08-01,2020-07-31,SJC_Gold,57.93,57.98,-0.0008627383849768577,0.00023264450203764795,0.005663282588812312
2020-08-02,2020-08-01,SJC_Gold,57.93,57.93,0.0,0.00023264450203764795,0.005663282588812312
2020-08-03,2020-08-02,SJC_Gold,57.9,57.93,-0.0005180005295830625,0.00023264450203764795,0.005663282588812312
2020-08-04,2020-08-03,SJC_Gold,57.98,57.9,0.0013807389145599203,0.00023264450203764795,0.005663282588812312
2020-08-05,2020-08-04,SJC_Gold,59.1,57.98,0.01913280091854297,0.00023264450203764795,0.005663282588812312
2020-08-06,2020-08-05,SJC_Gold,61.4,59.1,0.03817891074104374,0.00023264450203764795,0.005663282588812312
2020-08-07,2020-08-06,SJC_Gold,62.4,61.4,0.016155440222285655,0.00023264450203764795,0.005663282588812312
2020-08-08,2020-08-07,SJC_Gold,60.3,62.4,-0.034233171642242155,0.00023264450203764795,0.005663282588812312
2020-08-09,2020-08-08,SJC_Gold,60.3,60.3,0.0,0.00023264450203764795,0.005663282588812312
2020-08-10,2020-08-09,SJC_Gold,58.28,60.3,-0.034073122406136136,0.00023264450203764795,0.005663282588812312
2020-08-11,2020-08-10,SJC_Gold,55.48,58.28,-0.0492363858803726,0.00023264450203764795,0.005663282588812312
2020-08-12,2020-08-11,SJC_Gold,56.38,55.48,0.016091890239335882,0.00023264450203764795,0.005663282588812312
2020-08-13,2020-08-12,SJC_Gold,55.78,56.38,-0.010699103486624395,0.00023264450203764795,0.005663282588812312
2020-08-14,2020-08-13,SJC_Gold,56.17,55.78,0.006967424344998641,0.00023264450203764795,0.005663282588812312
2020-08-15,2020-08-14,SJC_Gold,56.18,56.17,0.0001780151317563039,0.00023264450203764795,0.005663282588812312
2020-08-16,2020-08-15,SJC_Gold,56.18,56.18,0.0,0.00023264450203764795,0.005663282588812312
2020-08-17,2020-08-16,SJC_Gold,56.5,56.18,0.005679816476297894,0.00023264450203764795,0.005663282588812312
2020-08-18,2020-08-17,SJC_Gold,58.15,56.5,0.028785240812277735,0.00023264450203764795,0.005663282588812312
2020-08-19,2020-08-18,SJC_Gold,56.95,58.15,-0.020852189071481675,0.00023264450203764795,0.005663282588812312
2020-08-20,2020-08-19,SJC_Gold,56.45,56.95,-0.008818399297520152,0.00023264450203764795,0.005663282588812312
2020-08-21,2020-08-20,SJC_Gold,56.75,56.45,0.005300365765840809,0.00023264450203764795,0.005663282588812312
2020-08-22,2020-08-21,SJC_Gold,56.75,56.75,0.0,0.00023264450203764795,0.005663282588812312
2020-08-23,2020-08-22,SJC_Gold,56.75,56.75,0.0,0.00023264450203764795,0.005663282588812312
2020-08-24,2020-08-23,SJC_Gold,56.55,56.75,-0.003530453799382549,0.00023264450203764795,0.005663282588812312
2020-08-25,2020-08-24,SJC_Gold,56.15,56.55,-0.007098521377677081,0.00023264450203764795,0.005663282588812312
2020-08-26,2020-08-25,SJC_Gold,56.0,56.15,-0.002674990449302861,0.00023264450203764795,0.005663282588812312
2020-08-27,2020-08-26,SJC_Gold,56.3,56.0,0.00534284441049504,0.00023264450203764795,0.005663282588812312
2020-08-28,2020-08-27,SJC_Gold,56.75,56.3,0.00796112121586745,0.00023264450203764795,0.005663282588812312
2020-08-29,2020-08-28,SJC_Gold,56.9,56.75,0.00263968477077281,0.00023264450203764795,0.005663282588812312
2020-08-30,2020-08-29,SJC_Gold,56.9,56.9,0.0,0.00023264450203764795,0.005663282588812312
2020-08-31,2020-08-30,SJC_Gold,57.4,56.9,0.008748962193235954,0.00023264450203764795,0.005663282588812312
2020-09-01,2020-08-31,SJC_Gold,57.7,57.4,0.005212870188533003,0.00023264450203764795,0.005663282588812312
2020-09-02,2020-09-01,SJC_Gold,57.7,57.7,0.0,0.00023264450203764795,0.005663282588812312
2020-09-03,2020-09-02,SJC_Gold,56.8,57.7,-0.015720847786948156,0.00023264450203764795,0.005663282588812312
2020-09-04,2020-09-03,SJC_Gold,56.8,56.8,0.0,0.00023264450203764795,0.005663282588812312
2020-09-05,2020-09-04,SJC_Gold,56.7,56.8,-0.0017621149933990665,0.00023264450203764795,0.005663282588812312
2020-09-06,2020-09-05,SJC_Gold,56.7,56.7,0.0,0.00023264450203764795,0.005663282588812312
2020-09-07,2020-09-06,SJC_Gold,56.5,56.7,-0.0035335725813112617,0.00023264450203764795,0.005663282588812312
2020-09-08,2020-09-07,SJC_Gold,56.4,56.5,-0.0017714796483820905,0.00023264450203764795,0.005663282588812312
2020-09-09,2020-09-08,SJC_Gold,56.45,56.4,0.0008861320916579984,0.00023264450203764795,0.005663282588812312
2020-09-10,2020-09-09,SJC_Gold,56.75,56.45,0.005300365765840809,0.00023264450203764795,0.005663282588812312
2020-09-11,2020-09-10,SJC_Gold,56.65,56.75,-0.0017636688874969053,0.00023264450203764795,0.005663282588812312
2020-09-12,2020-09-11,SJC_Gold,56.55,56.65,-0.0017667849118856438,0.00023264450203764795,0.005663282588812312
2020-09-13,2020-09-12,SJC_Gold,56.55,56.55,0.0,0.00023264450203764795,0.005663282588812312
2020-09-14,2020-09-13,SJC_Gold,56.5,56.55,-0.0008845644097341676,0.00023264450203764795,0.005663282588812312
2020-09-15,2020-09-14,SJC_Gold,56.7,56.5,0.0035335725813112617,0.00023264450203764795,0.005663282588812312
2020-09-16,2020-09-15,SJC_Gold,56.75,56.7,0.000881445627805455,0.00023264450203764795,0.005663282588812312
2020-09-17,2020-09-16,SJC_Gold,56.5,56.75,-0.004415018209116717,0.00023264450203764795,0.005663282588812312
2020-09-18,2020-09-17,SJC_Gold,56.55,56.5,0.0008845644097341676,0.00023264450203764795,0.005663282588812312
2020-09-19,2020-09-18,SJC_Gold,56.5,56.55,-0.0008845644097341676,0.00023264450203764795,0.005663282588812312
2020-09-20,2020-09-19,SJC_Gold,56.5,56.5,0.0,0.00023264450203764795,0.005663282588812312
2020-09-21,2020-09-20,SJC_Gold,56.55,56.5,0.0008845644097341676,0.00023264450203764795,0.005663282588812312
2020-09-22,2020-09-21,SJC_Gold,56.15,56.55,-0.007098521377677081,0.00023264450203764795,0.005663282588812312
2020-09-23,2020-09-22,SJC_Gold,55.85,56.15,-0.005357155669242886,0.00023264450203764795,0.005663282588812312
2020-09-24,2020-09-23,SJC_Gold,55.0,55.85,-0.015336340282738448,0.00023264450203764795,0.005663282588812312
2020-09-25,2020-09-24,SJC_Gold,55.65,55.0,0.011748892489082507,0.00023264450203764795,0.005663282588812312
2020-09-26,2020-09-25,SJC_Gold,55.6,55.65,-0.0008988764650172953,0.00023264450203764795,0.005663282588812312
2020-09-27,2020-09-26,SJC_Gold,55.6,55.6,0.0,0.00023264450203764795,0.005663282588812312
2020-09-28,2020-09-27,SJC_Gold,55.3,55.6,-0.0054102927282473345,0.00023264450203764795,0.005663282588812312
2020-09-29,2020-09-28,SJC_Gold,55.55,55.3,0.004510607557349999,0.00023264450203764795,0.005663282588812312
2020-09-30,2020-09-29,SJC_Gold,55.6,55.55,0.0008996851708973352,0.00023264450203764795,0.005663282588812312
2020-10-01,2020-09-30,SJC_Gold,56.05,55.6,0.008060948261632284,0.00023264450203764795,0.005663282588812312
2020-10-02,2020-10-01,SJC_Gold,56.55,56.05,0.008881053043960918,0.00023264450203764795,0.005663282588812312
2020-10-03,2020-10-02,SJC_Gold,56.45,56.55,-0.0017699119664582597,0.00023264450203764795,0.005663282588812312
2020-10-04,2020-10-03,SJC_Gold,56.45,56.45,0.0,0.00023264450203764795,0.005663282588812312
2020-10-05,2020-10-04,SJC_Gold,56.35,56.45,-0.001773050109886043,0.00023264450203764795,0.005663282588812312
2020-10-06,2020-10-05,SJC_Gold,56.35,56.35,0.0,0.00023264450203764795,0.005663282588812312
2020-10-07,2020-10-06,SJC_Gold,56.2,56.35,-0.0026654835861394943,0.00023264450203764795,0.005663282588812312
2020-10-08,2020-10-07,SJC_Gold,56.15,56.2,-0.0008900757151932837,0.00023264450203764795,0.005663282588812312
2020-10-09,2020-10-08,SJC_Gold,56.3,56.15,0.002667853961192179,0.00023264450203764795,0.005663282588812312
2020-10-10,2020-10-09,SJC_Gold,56.45,56.3,0.0026607554500266417,0.00023264450203764795,0.005663282588812312
2020-10-11,2020-10-10,SJC_Gold,56.45,56.45,0.0,0.00023264450203764795,0.005663282588812312
2020-10-12,2020-10-11,SJC_Gold,56.4,56.45,-0.0008861320916579984,0.00023264450203764795,0.005663282588812312
2020-10-13,2020-10-12,SJC_Gold,56.5,56.4,0.0017714796483820905,0.00023264450203764795,0.005663282588812312
2020-10-14,2020-10-13,SJC_Gold,56.3,56.5,-0.0035461030067507338,0.00023264450203764795,0.005663282588812312
2020-10-15,2020-10-14,SJC_Gold,56.2,56.3,-0.0017777782459988956,0.00023264450203764795,0.005663282588812312
2020-10-16,2020-10-15,SJC_Gold,56.3,56.2,0.0017777782459988956,0.00023264450203764795,0.005663282588812312
2020-10-17,2020-10-16,SJC_Gold,56.27,56.3,-0.0005330017004574472,0.00023264450203764795,0.005663282588812312
2020-10-18,2020-10-17,SJC_Gold,56.27,56.27,0.0,0.00023264450203764795,0.005663282588812312
2020-10-19,2020-10-18,SJC_Gold,56.4,56.27,0.0023076250588260905,0.00023264450203764795,0.005663282588812312
2020-10-20,2020-10-19,SJC_Gold,56.4,56.4,0.0,0.00023264450203764795,0.005663282588812312
2020-10-21,2020-10-20,SJC_Gold,56.45,56.4,0.0008861320916579984,0.00023264450203764795,0.005663282588812312
2020-10-22,2020-10-21,SJC_Gold,56.45,56.45,0.0,0.00023264450203764795,0.005663282588812312
2020-10-23,2020-10-22,SJC_Gold,56.4,56.45,-0.0008861320916579984,0.00023264450203764795,0.005663282588812312
2020-10-24,2020-10-23,SJC_Gold,56.35,56.4,-0.0008869180182280445,0.00023264450203764795,0.005663282588812312
2020-10-25,2020-10-24,SJC_Gold,56.35,56.35,0.0,0.00023264450203764795,0.005663282588812312
2020-10-26,2020-10-25,SJC_Gold,56.35,56.35,0.0,0.00023264450203764795,0.005663282588812312
2020-10-27,2020-10-26,SJC_Gold,56.35,56.35,0.0,0.00023264450203764795,0.005663282588812312
2020-10-28,2020-10-27,SJC_Gold,56.4,56.35,0.0008869180182280445,0.00023264450203764795,0.005663282588812312
2020-10-29,2020-10-28,SJC_Gold,56.3,56.4,-0.0017746233583686433,0.00023264450203764795,0.005663282588812312
2020-10-30,2020-10-29,SJC_Gold,56.35,56.3,0.0008877053401405988,0.00023264450203764795,0.005663282588812312
2020-10-31,2020-10-30,SJC_Gold,56.45,56.35,0.001773050109886043,0.00023264450203764795,0.005663282588812312
2020-11-01,2020-10-31,SJC_Gold,56.45,56.45,0.0,0.00023264450203764795,0.005663282588812312
2020-11-02,2020-11-01,SJC_Gold,56.6,56.45,0.0026536946134658734,0.00023264450203764795,0.005663282588812312
2020-11-03,2020-11-02,SJC_Gold,56.7,56.6,0.0017652255245694803,0.00023264450203764795,0.005663282588812312
2020-11-04,2020-11-03,SJC_Gold,56.35,56.7,-0.006191970247921397,0.00023264450203764795,0.005663282588812312
2020-11-05,2020-11-04,SJC_Gold,56.55,56.35,0.0035429620763443026,0.00023264450203764795,0.005663282588812312
2020-11-06,2020-11-05,SJC_Gold,56.75,56.55,0.003530453799382549,0.00023264450203764795,0.005663282588812312
2020-11-07,2020-11-06,SJC_Gold,56.8,56.75,0.0008806693655936115,0.00023264450203764795,0.005663282588812312
2020-11-08,2020-11-07,SJC_Gold,56.8,56.8,0.0,0.00023264450203764795,0.005663282588812312
2020-11-09,2020-11-08,SJC_Gold,57.0,56.8,0.0035149421074445186,0.00023264450203764795,0.005663282588812312
2020-11-10,2020-11-09,SJC_Gold,56.35,57.0,-0.011469027348764982,0.00023264450203764795,0.005663282588812312
2020-11-11,2020-11-10,SJC_Gold,56.43,56.35,0.0014186914952638574,0.00023264450203764795,0.005663282588812312
2020-11-12,2020-11-11,SJC_Gold,56.35,56.43,-0.0014186914952638574,0.00023264450203764795,0.005663282588812312
2020-11-13,2020-11-12,SJC_Gold,56.35,56.35,0.0,0.00023264450203764795,0.005663282588812312
2020-11-14,2020-11-13,SJC_Gold,56.4,56.35,0.0008869180182280445,0.00023264450203764795,0.005663282588812312
2020-11-15,2020-11-14,SJC_Gold,56.4,56.4,0.0,0.00023264450203764795,0.005663282588812312
2020-11-16,2020-11-15,SJC_Gold,56.4,56.4,0.0,0.00023264450203764795,0.005663282588812312
2020-11-17,2020-11-16,SJC_Gold,56.3,56.4,-0.0017746233583686433,0.00023264450203764795,0.005663282588812312
2020-11-18,2020-11-17,SJC_Gold,56.3,56.3,0.0,0.00023264450203764795,0.005663282588812312
2020-11-19,2020-11-18,SJC_Gold,56.1,56.3,-0.003558722616993748,0.00023264450203764795,0.005663282588812312
2020-11-20,2020-11-19,SJC_Gold,56.15,56.1,0.0008908686558015688,0.00023264450203764795,0.005663282588812312
2020-11-21,2020-11-20,SJC_Gold,56.2,56.15,0.0008900757151932837,0.00023264450203764795,0.005663282588812312
2020-11-22,2020-11-21,SJC_Gold,56.2,56.2,0.0,0.00023264450203764795,0.005663282588812312
2020-11-23,2020-11-22,SJC_Gold,56.07,56.2,-0.0023158467640644886,0.00023264450203764795,0.005663282588812312
2020-11-24,2020-11-23,SJC_Gold,55.45,56.07,-0.011119196339205217,0.00023264450203764795,0.005663282588812312
2020-11-25,2020-11-24,SJC_Gold,54.8,55.45,-0.011791519842406117,0.00023264450203764795,0.005663282588812312
2020-11-26,2020-11-25,SJC_Gold,55.0,54.8,0.0036429912785012064,0.00023264450203764795,0.005663282588812312
2020-11-27,2020-11-26,SJC_Gold,54.9,55.0,-0.0018198367169866003,0.00023264450203764795,0.005663282588812312
2020-11-28,2020-11-27,SJC_Gold,54.55,54.9,-0.0063956362364048225,0.00023264450203764795,0.005663282588812312
2020-11-29,2020-11-28,SJC_Gold,54.55,54.55,0.0,0.00023264450203764795,0.005663282588812312
2020-11-30,2020-11-29,SJC_Gold,53.75,54.55,-0.014774045271307656,0.00023264450203764795,0.005663282588812312
2020-12-01,2020-11-30,SJC_Gold,54.3,53.75,0.010180559932117639,0.00023264450203764795,0.005663282588812312
2020-12-02,2020-12-01,SJC_Gold,55.1,54.3,0.014625489218979215,0.00023264450203764795,0.005663282588812312
2020-12-03,2020-12-02,SJC_Gold,55.5,55.1,0.007233304593519563,0.00023264450203764795,0.005663282588812312
2020-12-04,2020-12-03,SJC_Gold,55.35,55.5,-0.0027063615977427347,0.00023264450203764795,0.005663282588812312
2020-12-05,2020-12-04,SJC_Gold,55.25,55.35,-0.0018083187567832226,0.00023264450203764795,0.005663282588812312
2020-12-06,2020-12-05,SJC_Gold,55.25,55.25,0.0,0.00023264450203764795,0.005663282588812312
2020-12-07,2020-12-06,SJC_Gold,55.2,55.25,-0.0009053871148125836,0.00023264450203764795,0.005663282588812312
2020-12-08,2020-12-07,SJC_Gold,55.5,55.2,0.005420067469338541,0.00023264450203764795,0.005663282588812312
2020-12-09,2020-12-08,SJC_Gold,55.3,55.5,-0.00361011222409946,0.00023264450203764795,0.005663282588812312
2020-12-10,2020-12-09,SJC_Gold,55.05,55.3,-0.004531045359599695,0.00023264450203764795,0.005663282588812312
2020-12-11,2020-12-10,SJC_Gold,55.25,55.05,0.0036264772291731973,0.00023264450203764795,0.005663282588812312
2020-12-12,2020-12-11,SJC_Gold,55.25,55.25,0.0,0.00023264450203764795,0.005663282588812312
2020-12-13,2020-12-12,SJC_Gold,55.25,55.25,0.0,0.00023264450203764795,0.005663282588812312
2020-12-14,2020-12-13,SJC_Gold,55.1,55.25,-0.0027186242389936055,0.00023264450203764795,0.005663282588812312
2020-12-15,2020-12-14,SJC_Gold,55.25,55.1,0.0027186242389936055,0.00023264450203764795,0.005663282588812312
2020-12-16,2020-12-15,SJC_Gold,55.4,55.25,0.002711253355375476,0.00023264450203764795,0.005663282588812312
2020-12-17,2020-12-16,SJC_Gold,55.55,55.4,0.002703922332401021,0.00023264450203764795,0.005663282588812312
2020-12-18,2020-12-17,SJC_Gold,55.5,55.55,-0.0009004953332505394,0.00023264450203764795,0.005663282588812312
2020-12-19,2020-12-18,SJC_Gold,55.5,55.5,0.0,0.00023264450203764795,0.005663282588812312
2020-12-20,2020-12-19,SJC_Gold,55.5,55.5,0.0,0.00023264450203764795,0.005663282588812312
2020-12-21,2020-12-20,SJC_Gold,55.8,55.5,0.005390848634876377,0.00023264450203764795,0.005663282588812312
2020-12-22,2020-12-21,SJC_Gold,55.55,55.8,-0.004490353301625838,0.00023264450203764795,0.005663282588812312
2020-12-23,2020-12-22,SJC_Gold,55.6,55.55,0.0008996851708973352,0.00023264450203764795,0.005663282588812312
2020-12-24,2020-12-23,SJC_Gold,55.8,55.6,0.0035906681307285027,0.00023264450203764795,0.005663282588812312
2020-12-25,2020-12-24,SJC_Gold,55.8,55.8,0.0,0.00023264450203764795,0.005663282588812312
2020-12-26,2020-12-25,SJC_Gold,55.8,55.8,0.0,0.00023264450203764795,0.005663282588812312
2020-12-27,2020-12-26,SJC_Gold,55.8,55.8,0.0,0.00023264450203764795,0.005663282588812312
2020-12-28,2020-12-27,SJC_Gold,55.75,55.8,-0.000896459047036835,0.00023264450203764795,0.005663282588812312
2020-12-29,2020-12-28,SJC_Gold,55.9,55.75,0.002686969820825169,0.00023264450203764795,0.005663282588812312
2020-12-30,2020-12-29,SJC_Gold,55.9,55.9,0.0,0.00023264450203764795,0.005663282588812312
2020-12-31,2020-12-30,SJC_Gold,56.1,55.9,0.0035714323675977155,0.00023264450203764795,0.005663282588812312
2021-01-01,2020-12-31,SJC_Gold,56.1,56.1,0.0,0.00023264450203764795,0.005663282588812312
2021-01-02,2021-01-01,SJC_Gold,56.15,56.1,0.0008908686558015688,0.00023264450203764795,0.005663282588812312
2021-01-03,2021-01-02,SJC_Gold,56.15,56.15,0.0,0.00023264450203764795,0.005663282588812312
2021-01-04,2021-01-03,SJC_Gold,56.8,56.15,0.011509644542653241,0.00023264450203764795,0.005663282588812312
2021-01-05,2021-01-04,SJC_Gold,57.15,56.8,0.006143064513714158,0.00023264450203764795,0.005663282588812312
2021-01-06,2021-01-05,SJC_Gold,57.3,57.15,0.0026212334798740855,0.00023264450203764795,0.005663282588812312
2021-01-07,2021-01-06,SJC_Gold,56.8,57.3,-0.008764297993588244,0.00023264450203764795,0.005663282588812312
2021-01-08,2021-01-07,SJC_Gold,56.35,56.8,-0.007954085241320463,0.00023264450203764795,0.005663282588812312
2021-01-09,2021-01-08,SJC_Gold,56.0,56.35,-0.006230549750635639,0.00023264450203764795,0.005663282588812312
2021-01-10,2021-01-09,SJC_Gold,56.0,56.0,0.0,0.00023264450203764795,0.005663282588812312
2021-01-11,2021-01-10,SJC_Gold,56.45,56.0,0.008003599860521682,0.00023264450203764795,0.005663282588812312
2021-01-12,2021-01-11,SJC_Gold,56.65,56.45,0.0035366968783439034,0.00023264450203764795,0.005663282588812312
2021-01-13,2021-01-12,SJC_Gold,56.5,56.65,-0.0026513493216198114,0.00023264450203764795,0.005663282588812312
2021-01-14,2021-01-13,SJC_Gold,56.45,56.5,-0.000885347556724092,0.00023264450203764795,0.005663282588812312
2021-01-15,2021-01-14,SJC_Gold,56.6,56.45,0.0026536946134658734,0.00023264450203764795,0.005663282588812312
2021-01-16,2021-01-15,SJC_Gold,56.4,56.6,-0.003539826705123872,0.00023264450203764795,0.005663282588812312
2021-01-17,2021-01-16,SJC_Gold,56.4,56.4,0.0,0.00023264450203764795,0.005663282588812312
2021-01-18,2021-01-17,SJC_Gold,56.45,56.4,0.0008861320916579984,0.00023264450203764795,0.005663282588812312
2021-01-19,2021-01-18,SJC_Gold,56.4,56.45,-0.0008861320916579984,0.00023264450203764795,0.005663282588812312
2021-01-20,2021-01-19,SJC_Gold,56.6,56.4,0.003539826705123872,0.00023264450203764795,0.005663282588812312
2021-01-21,2021-01-20,SJC_Gold,56.55,56.6,-0.0008837826470076138,0.00023264450203764795,0.005663282588812312
2021-01-22,2021-01-21,SJC_Gold,56.45,56.55,-0.0017699119664582597,0.00023264450203764795,0.005663282588812312
2021-01-23,2021-01-22,SJC_Gold,56.4,56.45,-0.0008861320916579984,0.00023264450203764795,0.005663282588812312
2021-01-24,2021-01-23,SJC_Gold,56.4,56.4,0.0,0.00023264450203764795,0.005663282588812312
2021-01-25,2021-01-24,SJC_Gold,56.55,56.4,0.002656044058116258,0.00023264450203764795,0.005663282588812312
2021-01-26,2021-01-25,SJC_Gold,56.6,56.55,0.0008837826470076138,0.00023264450203764795,0.005663282588812312
2021-01-27,2021-01-26,SJC_Gold,56.65,56.6,0.00088300226487803,0.00023264450203764795,0.005663282588812312
2021-01-28,2021-01-27,SJC_Gold,56.65,56.65,0.0,0.00023264450203764795,0.005663282588812312
2021-01-29,2021-01-28,SJC_Gold,56.75,56.65,0.0017636688874969053,0.00023264450203764795,0.005663282588812312
2021-01-30,2021-01-29,SJC_Gold,56.75,56.75,0.0,0.00023264450203764795,0.005663282588812312
2021-01-31,2021-01-30,SJC_Gold,56.75,56.75,0.0,0.00023264450203764795,0.005663282588812312
2021-02-01,2021-01-31,SJC_Gold,57.1,56.75,0.006148460300452463,0.00023264450203764795,0.005663282588812312
2021-02-02,2021-02-01,SJC_Gold,56.85,57.1,-0.004387896465419594,0.00023264450203764795,0.005663282588812312
2021-02-03,2021-02-02,SJC_Gold,56.85,56.85,0.0,0.00023264450203764795,0.005663282588812312
2021-02-04,2021-02-03,SJC_Gold,56.75,56.85,-0.001760563835032869,0.00023264450203764795,0.005663282588812312
2021-02-05,2021-02-04,SJC_Gold,56.9,56.75,0.00263968477077281,0.00023264450203764795,0.005663282588812312
2021-02-06,2021-02-05,SJC_Gold,56.9,56.9,0.0,0.00023264450203764795,0.005663282588812312
2021-02-07,2021-02-06,SJC_Gold,56.9,56.9,0.0,0.00023264450203764795,0.005663282588812312
2021-02-08,2021-02-07,SJC_Gold,57.05,56.9,0.0026327351757995388,0.00023264450203764795,0.005663282588812312
2021-02-09,2021-02-08,SJC_Gold,57.35,57.05,0.0052447672672952805,0.00023264450203764795,0.005663282588812312
2021-02-10,2021-02-09,SJC_Gold,57.35,57.35,0.0,0.00023264450203764795,0.005663282588812312
2021-02-11,2021-02-10,SJC_Gold,57.35,57.35,0.0,0.00023264450203764795,0.005663282588812312
2021-02-12,2021-02-11,SJC_Gold,57.35,57.35,0.0,0.00023264450203764795,0.005663282588812312
2021-02-13,2021-02-12,SJC_Gold,57.35,57.35,0.0,0.00023264450203764795,0.005663282588812312
2021-02-14,2021-02-13,SJC_Gold,57.35,57.35,0.0,0.00023264450203764795,0.005663282588812312
2021-02-15,2021-02-14,SJC_Gold,57.35,57.35,0.0,0.00023264450203764795,0.005663282588812312
2021-02-16,2021-02-15,SJC_Gold,57.35,57.35,0.0,0.00023264450203764795,0.005663282588812312
2021-02-17,2021-02-16,SJC_Gold,56.9,57.35,-0.00787750244309482,0.00023264450203764795,0.005663282588812312
2021-02-18,2021-02-17,SJC_Gold,56.5,56.9,-0.007054702979889527,0.00023264450203764795,0.005663282588812312
2021-02-19,2021-02-18,SJC_Gold,56.3,56.5,-0.0035461030067507338,0.00023264450203764795,0.005663282588812312
2021-02-20,2021-02-19,SJC_Gold,56.3,56.3,0.0,0.00023264450203764795,0.005663282588812312
2021-02-21,2021-02-20,SJC_Gold,56.3,56.3,0.0,0.00023264450203764795,0.005663282588812312
2021-02-22,2021-02-21,SJC_Gold,56.3,56.3,0.0,0.00023264450203764795,0.005663282588812312
2021-02-23,2021-02-22,SJC_Gold,56.6,56.3,0.005314450063492515,0.00023264450203764795,0.005663282588812312
2021-02-24,2021-02-23,SJC_Gold,56.5,56.6,-0.0017683470567417814,0.00023264450203764795,0.005663282588812312
2021-02-25,2021-02-24,SJC_Gold,56.45,56.5,-0.000885347556724092,0.00023264450203764795,0.005663282588812312
2021-02-26,2021-02-25,SJC_Gold,56.35,56.45,-0.001773050109886043,0.00023264450203764795,0.005663282588812312
2021-02-27,2021-02-26,SJC_Gold,56.2,56.35,-0.0026654835861394943,0.00023264450203764795,0.005663282588812312
2021-02-28,2021-02-27,SJC_Gold,56.2,56.2,0.0,0.00023264450203764795,0.005663282588812312
2021-03-01,2021-02-28,SJC_Gold,56.25,56.2,0.0008892841848835431,0.00023264450203764795,0.005663282588812312
2021-03-02,2021-03-01,SJC_Gold,56.1,56.25,-0.0026702285558783956,0.00023264450203764795,0.005663282588812312
2021-03-03,2021-03-02,SJC_Gold,56.0,56.1,-0.001784121793501292,0.00023264450203764795,0.005663282588812312
2021-03-04,2021-03-03,SJC_Gold,56.0,56.0,0.0,0.00023264450203764795,0.005663282588812312
2021-03-05,2021-03-04,SJC_Gold,55.5,56.0,-0.008968669982761135,0.00023264450203764795,0.005663282588812312
2021-03-06,2021-03-05,SJC_Gold,55.6,55.5,0.0018001805041478747,0.00023264450203764795,0.005663282588812312
2021-03-07,2021-03-06,SJC_Gold,55.6,55.6,0.0,0.00023264450203764795,0.005663282588812312
2021-03-08,2021-03-07,SJC_Gold,55.5,55.6,-0.0018001805041478747,0.00023264450203764795,0.005663282588812312
2021-03-09,2021-03-08,SJC_Gold,55.15,55.5,-0.006326275052876973,0.00023264450203764795,0.005663282588812312
2021-03-10,2021-03-09,SJC_Gold,55.38,55.15,0.004161772043304701,0.00023264450203764795,0.005663282588812312
2021-03-11,2021-03-10,SJC_Gold,55.8,55.38,0.007555351644448649,0.00023264450203764795,0.005663282588812312
2021-03-12,2021-03-11,SJC_Gold,55.6,55.8,-0.0035906681307285027,0.00023264450203764795,0.005663282588812312
2021-03-13,2021-03-12,SJC_Gold,55.85,55.6,0.0044863242586732355,0.00023264450203764795,0.005663282588812312
2021-03-14,2021-03-13,SJC_Gold,55.85,55.85,0.0,0.00023264450203764795,0.005663282588812312
2021-03-15,2021-03-14,SJC_Gold,55.7,55.85,-0.002689378581971269,0.00023264450203764795,0.005663282588812312
2021-03-16,2021-03-15,SJC_Gold,55.65,55.7,-0.0008980692116846711,0.00023264450203764795,0.005663282588812312
2021-03-17,2021-03-16,SJC_Gold,55.65,55.65,0.0,0.00023264450203764795,0.005663282588812312
2021-03-18,2021-03-17,SJC_Gold,55.5,55.65,-0.00269905696916517,0.00023264450203764795,0.005663282588812312
2021-03-19,2021-03-18,SJC_Gold,55.5,55.5,0.0,0.00023264450203764795,0.005663282588812312
2021-03-20,2021-03-19,SJC_Gold,55.65,55.5,0.00269905696916517,0.00023264450203764795,0.005663282588812312
2021-03-21,2021-03-20,SJC_Gold,55.65,55.65,0.0,0.00023264450203764795,0.005663282588812312
2021-03-22,2021-03-21,SJC_Gold,55.45,55.65,-0.0036003639251775965,0.00023264450203764795,0.005663282588812312
2021-03-23,2021-03-22,SJC_Gold,55.6,55.45,0.002701487460160301,0.00023264450203764795,0.005663282588812312
2021-03-24,2021-03-23,SJC_Gold,55.5,55.6,-0.0018001805041478747,0.00023264450203764795,0.005663282588812312
2021-03-25,2021-03-24,SJC_Gold,55.48,55.5,-0.00036042530575741694,0.00023264450203764795,0.005663282588812312
2021-03-26,2021-03-25,SJC_Gold,55.3,55.48,-0.003249686918342043,0.00023264450203764795,0.005663282588812312
2021-03-27,2021-03-26,SJC_Gold,55.4,55.3,0.0018066852249489784,0.00023264450203764795,0.005663282588812312
2021-03-28,2021-03-27,SJC_Gold,55.4,55.4,0.0,0.00023264450203764795,0.005663282588812312
2021-03-29,2021-03-28,SJC_Gold,55.17,55.4,-0.004160266468898222,0.00023264450203764795,0.005663282588812312
2021-03-30,2021-03-29,SJC_Gold,54.85,55.17,-0.0058171405631002315,0.00023264450203764795,0.005663282588812312
2021-03-31,2021-03-30,SJC_Gold,54.5,54.85,-0.006401485052041078,0.00023264450203764795,0.005663282588812312
2021-04-01,2021-03-31,SJC_Gold,54.9,54.5,0.007312646846286075,0.00023264450203764795,0.005663282588812312
2021-04-02,2021-04-01,SJC_Gold,55.35,54.9,0.008163310639161203,0.00023264450203764795,0.005663282588812312
2021-04-03,2021-04-02,SJC_Gold,55.42,55.35,0.0012638802801863136,0.00023264450203764795,0.005663282588812312
2021-04-04,2021-04-03,SJC_Gold,55.42,55.42,0.0,0.00023264450203764795,0.005663282588812312
2021-04-05,2021-04-04,SJC_Gold,55.1,55.42,-0.005790823275963142,0.00023264450203764795,0.005663282588812312
2021-04-06,2021-04-05,SJC_Gold,55.25,55.1,0.0027186242389936055,0.00023264450203764795,0.005663282588812312
2021-04-07,2021-04-06,SJC_Gold,55.25,55.25,0.0,0.00023264450203764795,0.005663282588812312
2021-04-08,2021-04-07,SJC_Gold,55.25,55.25,0.0,0.00023264450203764795,0.005663282588812312
2021-04-09,2021-04-08,SJC_Gold,55.25,55.25,0.0,0.00023264450203764795,0.005663282588812312
2021-04-10,2021-04-09,SJC_Gold,55.25,55.25,0.0,0.00023264450203764795,0.005663282588812312
2021-04-11,2021-04-10,SJC_Gold,55.25,55.25,0.0,0.00023264450203764795,0.005663282588812312
2021-04-12,2021-04-11,SJC_Gold,55.25,55.25,0.0,0.00023264450203764795,0.005663282588812312
2021-04-13,2021-04-12,SJC_Gold,55.2,55.25,-0.0009053871148125836,0.00023264450203764795,0.005663282588812312
2021-04-14,2021-04-13,SJC_Gold,55.3,55.2,0.001809955245239081,0.00023264450203764795,0.005663282588812312
2021-04-15,2021-04-14,SJC_Gold,55.3,55.3,0.0,0.00023264450203764795,0.005663282588812312
2021-04-16,2021-04-15,SJC_Gold,55.45,55.3,0.0027088052680870334,0.00023264450203764795,0.005663282588812312
2021-04-17,2021-04-16,SJC_Gold,55.48,55.45,0.0005408816502550096,0.00023264450203764795,0.005663282588812312
2021-04-18,2021-04-17,SJC_Gold,55.45,55.48,-0.0005408816502550096,0.00023264450203764795,0.005663282588812312
2021-04-19,2021-04-18,SJC_Gold,55.98,55.45,0.00951277029093145,0.00023264450203764795,0.005663282588812312
2021-04-20,2021-04-19,SJC_Gold,55.8,55.98,-0.0032206147000426455,0.00023264450203764795,0.005663282588812312
2021-04-21,2021-04-20,SJC_Gold,55.8,55.8,0.0,0.00023264450203764795,0.005663282588812312
2021-04-22,2021-04-21,SJC_Gold,55.83,55.8,0.0005374899350041318,0.00023264450203764795,0.005663282588812312
2021-04-23,2021-04-22,SJC_Gold,55.75,55.83,-0.0014339489820409668,0.00023264450203764795,0.005663282588812312
2021-04-24,2021-04-23,SJC_Gold,55.6,55.75,-0.0026942090836916677,0.00023264450203764795,0.005663282588812312
2021-04-25,2021-04-24,SJC_Gold,55.6,55.6,0.0,0.00023264450203764795,0.005663282588812312
2021-04-26,2021-04-25,SJC_Gold,55.5,55.6,-0.0018001805041478747,0.00023264450203764795,0.005663282588812312
2021-04-27,2021-04-26,SJC_Gold,55.65,55.5,0.00269905696916517,0.00023264450203764795,0.005663282588812312
2021-04-28,2021-04-27,SJC_Gold,55.65,55.65,0.0,0.00023264450203764795,0.005663282588812312
2021-04-29,2021-04-28,SJC_Gold,55.65,55.65,0.0,0.00023264450203764795,0.005663282588812312
2021-04-30,2021-04-29,SJC_Gold,55.65,55.65,0.0,0.00023264450203764795,0.005663282588812312
2021-05-01,2021-04-30,SJC_Gold,55.65,55.65,0.0,0.00023264450203764795,0.005663282588812312
2021-05-02,2021-05-01,SJC_Gold,55.65,55.65,0.0,0.00023264450203764795,0.005663282588812312
2021-05-03,2021-05-02,SJC_Gold,55.75,55.65,0.0017953326186743723,0.00023264450203764795,0.005663282588812312
2021-05-04,2021-05-03,SJC_Gold,55.65,55.75,-0.0017953326186743723,0.00023264450203764795,0.005663282588812312
2021-05-05,2021-05-04,SJC_Gold,55.66,55.65,0.0001796783761909282,0.00023264450203764795,0.005663282588812312
2021-05-06,2021-05-05,SJC_Gold,55.7,55.66,0.0007183908354937429,0.00023264450203764795,0.005663282588812312
2021-05-07,2021-05-06,SJC_Gold,55.97,55.7,0.004835685970030035,0.00023264450203764795,0.005663282588812312
2021-05-08,2021-05-07,SJC_Gold,56.18,55.97,0.0037449887728291387,0.00023264450203764795,0.005663282588812312
2021-05-09,2021-05-08,SJC_Gold,56.18,56.18,0.0,0.00023264450203764795,0.005663282588812312
2021-05-10,2021-05-09,SJC_Gold,56.3,56.18,0.0021337134695471605,0.00023264450203764795,0.005663282588812312
2021-05-11,2021-05-10,SJC_Gold,56.23,56.3,-0.0012441128415341396,0.00023264450203764795,0.005663282588812312
2021-05-12,2021-05-11,SJC_Gold,56.13,56.23,-0.0017799933500022291,0.00023264450203764795,0.005663282588812312
2021-05-13,2021-05-12,SJC_Gold,56.07,56.13,-0.0010695188185270155,0.00023264450203764795,0.005663282588812312
2021-05-14,2021-05-13,SJC_Gold,56.25,56.07,0.0032051309489480317,0.00023264450203764795,0.005663282588812312
2021-05-15,2021-05-14,SJC_Gold,56.37,56.25,0.00213106100895466,0.00023264450203764795,0.005663282588812312
2021-05-16,2021-05-15,SJC_Gold,56.37,56.37,0.0,0.00023264450203764795,0.005663282588812312
2021-05-17,2021-05-16,SJC_Gold,56.37,56.37,0.0,0.00023264450203764795,0.005663282588812312
2021-05-18,2021-05-17,SJC_Gold,56.43,56.37,0.0010638298875651486,0.00023264450203764795,0.005663282588812312
2021-05-19,2021-05-18,SJC_Gold,56.25,56.43,-0.0031948908965198086,0.00023264450203764795,0.005663282588812312
2021-05-20,2021-05-19,SJC_Gold,56.33,56.25,0.0014212118220928716,0.00023264450203764795,0.005663282588812312
2021-05-21,2021-05-20,SJC_Gold,56.43,56.33,0.001773679074426937,0.00023264450203764795,0.005663282588812312
2021-05-22,2021-05-21,SJC_Gold,56.48,56.43,0.0008856612039371825,0.00023264450203764795,0.005663282588812312
2021-05-23,2021-05-22,SJC_Gold,56.48,56.48,0.0,0.00023264450203764795,0.005663282588812312
2021-05-24,2021-05-23,SJC_Gold,56.4,56.48,-0.0014174346809729954,0.00023264450203764795,0.005663282588812312
2021-05-25,2021-05-24,SJC_Gold,56.42,56.4,0.00035454706983717443,0.00023264450203764795,0.005663282588812312
2021-05-26,2021-05-25,SJC_Gold,56.55,56.42,0.0023014969882790837,0.00023264450203764795,0.005663282588812312
2021-05-27,2021-05-26,SJC_Gold,56.54,56.55,-0.0001768502966852381,0.00023264450203764795,0.005663282588812312
2021-05-28,2021-05-27,SJC_Gold,56.7,56.54,0.0028258584682623322,0.00023264450203764795,0.005663282588812312
2021-05-29,2021-05-28,SJC_Gold,56.87,56.7,0.002993750585001287,0.00023264450203764795,0.005663282588812312
2021-05-30,2021-05-29,SJC_Gold,56.87,56.87,0.0,0.00023264450203764795,0.005663282588812312
2021-05-31,2021-05-30,SJC_Gold,57.4,56.87,0.009276342006812932,0.00023264450203764795,0.005663282588812312
2021-06-01,2021-05-31,SJC_Gold,57.65,57.4,0.004345943389546747,0.00023264450203764795,0.005663282588812312
2021-06-02,2021-06-01,SJC_Gold,57.55,57.65,-0.0017361115471761224,0.00023264450203764795,0.005663282588812312
2021-06-03,2021-06-02,SJC_Gold,57.35,57.55,-0.0034812915925117593,0.00023264450203764795,0.005663282588812312
2021-06-04,2021-06-03,SJC_Gold,57.25,57.35,-0.0017452011410306056,0.00023264450203764795,0.005663282588812312
2021-06-05,2021-06-04,SJC_Gold,57.45,57.25,0.0034873618604152057,0.00023264450203764795,0.005663282588812312
2021-06-06,2021-06-05,SJC_Gold,57.45,57.45,0.0,0.00023264450203764795,0.005663282588812312
2021-06-07,2021-06-06,SJC_Gold,57.2,57.45,-0.004361105909012508,0.00023264450203764795,0.005663282588812312
2021-06-08,2021-06-07,SJC_Gold,57.35,57.2,0.002618945189627908,0.00023264450203764795,0.005663282588812312
2021-06-09,2021-06-08,SJC_Gold,57.25,57.35,-0.0017452011410306056,0.00023264450203764795,0.005663282588812312
2021-06-10,2021-06-09,SJC_Gold,57.3,57.25,0.0008729812863448316,0.00023264450203764795,0.005663282588812312
2021-06-11,2021-06-10,SJC_Gold,57.5,57.3,0.00348432408261079,0.00023264450203764795,0.005663282588812312
2021-06-12,2021-06-11,SJC_Gold,57.3,57.5,-0.00348432408261079,0.00023264450203764795,0.005663282588812312
2021-06-13,2021-06-12,SJC_Gold,57.3,57.3,0.0,0.00023264450203764795,0.005663282588812312
2021-06-14,2021-06-13,SJC_Gold,57.15,57.3,-0.0026212334798740855,0.00023264450203764795,0.005663282588812312
2021-06-15,2021-06-14,SJC_Gold,57.2,57.15,0.0008745081449319514,0.00023264450203764795,0.005663282588812312
2021-06-16,2021-06-15,SJC_Gold,57.25,57.2,0.0008737440485973025,0.00023264450203764795,0.005663282588812312
2021-06-17,2021-06-16,SJC_Gold,56.85,57.25,-0.007011422237804155,0.00023264450203764795,0.005663282588812312
2021-06-18,2021-06-17,SJC_Gold,56.8,56.85,-0.0008798944694392574,0.00023264450203764795,0.005663282588812312
2021-06-19,2021-06-18,SJC_Gold,56.8,56.8,0.0,0.00023264450203764795,0.005663282588812312
2021-06-20,2021-06-19,SJC_Gold,56.8,56.8,0.0,0.00023264450203764795,0.005663282588812312
2021-06-21,2021-06-20,SJC_Gold,56.95,56.8,0.0026373641660857317,0.00023264450203764795,0.005663282588812312
2021-06-22,2021-06-21,SJC_Gold,57.0,56.95,0.000877577941358787,0.00023264450203764795,0.005663282588812312
2021-06-23,2021-06-22,SJC_Gold,57.1,57.0,0.0017528488274143328,0.00023264450203764795,0.005663282588812312
2021-06-24,2021-06-23,SJC_Gold,57.05,57.1,-0.0008760403538801143,0.00023264450203764795,0.005663282588812312
2021-06-25,2021-06-24,SJC_Gold,57.05,57.05,0.0,0.00023264450203764795,0.005663282588812312
2021-06-26,2021-06-25,SJC_Gold,57.1,57.05,0.0008760403538801143,0.00023264450203764795,0.005663282588812312
2021-06-27,2021-06-26,SJC_Gold,57.1,57.1,0.0,0.00023264450203764795,0.005663282588812312
2021-06-28,2021-06-27,SJC_Gold,57.0,57.1,-0.0017528488274143328,0.00023264450203764795,0.005663282588812312
2021-06-29,2021-06-28,SJC_Gold,56.9,57.0,-0.0017559267022653202,0.00023264450203764795,0.005663282588812312
2021-06-30,2021-06-29,SJC_Gold,56.85,56.9,-0.000879120935739941,0.00023264450203764795,0.005663282588812312
2021-07-01,2021-06-30,SJC_Gold,56.9,56.85,0.000879120935739941,0.00023264450203764795,0.005663282588812312
2021-07-02,2021-07-01,SJC_Gold,57.15,56.9,0.00438404910853496,0.00023264450203764795,0.005663282588812312
2021-07-03,2021-07-02,SJC_Gold,57.2,57.15,0.0008745081449319514,0.00023264450203764795,0.005663282588812312
2021-07-04,2021-07-03,SJC_Gold,57.2,57.2,0.0,0.00023264450203764795,0.005663282588812312
2021-07-05,2021-07-04,SJC_Gold,57.35,57.2,0.002618945189627908,0.00023264450203764795,0.005663282588812312
2021-07-06,2021-07-05,SJC_Gold,57.4,57.35,0.0008714597501411347,0.00023264450203764795,0.005663282588812312
2021-07-07,2021-07-06,SJC_Gold,57.45,57.4,0.0008707009692434653,0.00023264450203764795,0.005663282588812312
2021-07-08,2021-07-07,SJC_Gold,57.55,57.45,0.0017391308731271593,0.00023264450203764795,0.005663282588812312
2021-07-09,2021-07-08,SJC_Gold,57.5,57.55,-0.0008691873645867432,0.00023264450203764795,0.005663282588812312
2021-07-10,2021-07-09,SJC_Gold,57.5,57.5,0.0,0.00023264450203764795,0.005663282588812312
2021-07-11,2021-07-10,SJC_Gold,57.5,57.5,0.0,0.00023264450203764795,0.005663282588812312
2021-07-12,2021-07-11,SJC_Gold,57.35,57.5,-0.002612104227925016,0.00023264450203764795,0.005663282588812312
2021-07-13,2021-07-12,SJC_Gold,57.35,57.35,0.0,0.00023264450203764795,0.005663282588812312
2021-07-14,2021-07-13,SJC_Gold,57.4,57.35,0.0008714597501411347,0.00023264450203764795,0.005663282588812312
2021-07-15,2021-07-14,SJC_Gold,57.6,57.4,0.0034782643763247023,0.00023264450203764795,0.005663282588812312
2021-07-16,2021-07-15,SJC_Gold,57.5,57.6,-0.0017376198985408209,0.00023264450203764795,0.005663282588812312
2021-07-17,2021-07-16,SJC_Gold,57.5,57.5,0.0,0.00023264450203764795,0.005663282588812312
2021-07-18,2021-07-17,SJC_Gold,57.5,57.5,0.0,0.00023264450203764795,0.005663282588812312
2021-07-19,2021-07-18,SJC_Gold,57.55,57.5,0.0008691873645867432,0.00023264450203764795,0.005663282588812312
2021-07-20,2021-07-19,SJC_Gold,57.55,57.55,0.0,0.00023264450203764795,0.005663282588812312
2021-07-21,2021-07-20,SJC_Gold,57.45,57.55,-0.0017391308731271593,0.00023264450203764795,0.005663282588812312
2021-07-22,2021-07-21,SJC_Gold,57.45,57.45,0.0,0.00023264450203764795,0.005663282588812312
2021-07-23,2021-07-22,SJC_Gold,57.5,57.45,0.0008699435085404161,0.00023264450203764795,0.005663282588812312
2021-07-24,2021-07-23,SJC_Gold,57.45,57.5,-0.0008699435085404161,0.00023264450203764795,0.005663282588812312
2021-07-25,2021-07-24,SJC_Gold,57.45,57.45,0.0,0.00023264450203764795,0.005663282588812312
2021-07-26,2021-07-25,SJC_Gold,57.45,57.45,0.0,0.00023264450203764795,0.005663282588812312
2021-07-27,2021-07-26,SJC_Gold,57.3,57.45,-0.002614380574070374,0.00023264450203764795,0.005663282588812312
2021-07-28,2021-07-27,SJC_Gold,57.2,57.3,-0.0017467253349421341,0.00023264450203764795,0.005663282588812312
2021-07-29,2021-07-28,SJC_Gold,57.35,57.2,0.002618945189627908,0.00023264450203764795,0.005663282588812312
2021-07-30,2021-07-29,SJC_Gold,57.4,57.35,0.0008714597501411347,0.00023264450203764795,0.005663282588812312
2021-07-31,2021-07-30,SJC_Gold,57.25,57.4,-0.0026166608911717404,0.00023264450203764795,0.005663282588812312
2021-08-01,2021-07-31,SJC_Gold,57.25,57.25,0.0,0.00023264450203764795,0.005663282588812312
2021-08-02,2021-08-01,SJC_Gold,57.2,57.25,-0.0008737440485973025,0.00023264450203764795,0.005663282588812312
2021-08-03,2021-08-02,SJC_Gold,57.3,57.2,0.0017467253349421341,0.00023264450203764795,0.005663282588812312
2021-08-04,2021-08-03,SJC_Gold,57.35,57.3,0.000872219854685774,0.00023264450203764795,0.005663282588812312
2021-08-05,2021-08-04,SJC_Gold,57.25,57.35,-0.0017452011410306056,0.00023264450203764795,0.005663282588812312
2021-08-06,2021-08-05,SJC_Gold,57.25,57.25,0.0,0.00023264450203764795,0.005663282588812312
2021-08-07,2021-08-06,SJC_Gold,57.0,57.25,-0.004376374599798893,0.00023264450203764795,0.005663282588812312
2021-08-08,2021-08-07,SJC_Gold,57.0,57.0,0.0,0.00023264450203764795,0.005663282588812312
2021-08-09,2021-08-08,SJC_Gold,56.9,57.0,-0.0017559267022653202,0.00023264450203764795,0.005663282588812312
2021-08-10,2021-08-09,SJC_Gold,56.95,56.9,0.0008783487609065332,0.00023264450203764795,0.005663282588812312
2021-08-11,2021-08-10,SJC_Gold,56.9,56.95,-0.0008783487609065332,0.00023264450203764795,0.005663282588812312
2021-08-12,2021-08-11,SJC_Gold,57.1,56.9,0.003508775529679653,0.00023264450203764795,0.005663282588812312
2021-08-13,2021-08-12,SJC_Gold,57.1,57.1,0.0,0.00023264450203764795,0.005663282588812312
2021-08-14,2021-08-13,SJC_Gold,57.25,57.1,0.0026235257723845606,0.00023264450203764795,0.005663282588812312
2021-08-15,2021-08-14,SJC_Gold,57.25,57.25,0.0,0.00023264450203764795,0.005663282588812312
2021-08-16,2021-08-15,SJC_Gold,57.25,57.25,0.0,0.00023264450203764795,0.005663282588812312
2021-08-17,2021-08-16,SJC_Gold,57.35,57.25,0.0017452011410306056,0.00023264450203764795,0.005663282588812312
2021-08-18,2021-08-17,SJC_Gold,57.35,57.35,0.0,0.00023264450203764795,0.005663282588812312
2021-08-19,2021-08-18,SJC_Gold,57.25,57.35,-0.0017452011410306056,0.00023264450203764795,0.005663282588812312
2021-08-20,2021-08-19,SJC_Gold,57.15,57.25,-0.0017482521935292539,0.00023264450203764795,0.005663282588812312
2021-08-21,2021-08-20,SJC_Gold,57.15,57.15,0.0,0.00023264450203764795,0.005663282588812312
2021-08-22,2021-08-21,SJC_Gold,57.15,57.15,0.0,0.00023264450203764795,0.005663282588812312
2021-08-23,2021-08-22,SJC_Gold,57.1,57.15,-0.0008752735788553068,0.00023264450203764795,0.005663282588812312
2021-08-24,2021-08-23,SJC_Gold,57.2,57.1,0.0017497817237872582,0.00023264450203764795,0.005663282588812312
2021-08-25,2021-08-24,SJC_Gold,57.15,57.2,-0.0008745081449319514,0.00023264450203764795,0.005663282588812312
2021-08-26,2021-08-25,SJC_Gold,57.0,57.15,-0.0026281224062696396,0.00023264450203764795,0.005663282588812312
2021-08-27,2021-08-26,SJC_Gold,57.1,57.0,0.0017528488274143328,0.00023264450203764795,0.005663282588812312
2021-08-28,2021-08-27,SJC_Gold,57.15,57.1,0.0008752735788553068,0.00023264450203764795,0.005663282588812312
2021-08-29,2021-08-28,SJC_Gold,57.15,57.15,0.0,0.00023264450203764795,0.005663282588812312
2021-08-30,2021-08-29,SJC_Gold,57.3,57.15,0.0026212334798740855,0.00023264450203764795,0.005663282588812312
2021-08-31,2021-08-30,SJC_Gold,57.4,57.3,0.0017436796048269088,0.00023264450203764795,0.005663282588812312
2021-09-01,2021-08-31,SJC_Gold,57.4,57.4,0.0,0.00023264450203764795,0.005663282588812312
2021-09-02,2021-09-01,SJC_Gold,57.4,57.4,0.0,0.00023264450203764795,0.005663282588812312
2021-09-03,2021-09-02,SJC_Gold,57.35,57.4,-0.0008714597501411347,0.00023264450203764795,0.005663282588812312
2021-09-04,2021-09-03,SJC_Gold,57.45,57.35,0.0017421607193846,0.00023264450203764795,0.005663282588812312
2021-09-05,2021-09-04,SJC_Gold,57.45,57.45,0.0,0.00023264450203764795,0.005663282588812312
2021-09-06,2021-09-05,SJC_Gold,57.45,57.45,0.0,0.00023264450203764795,0.005663282588812312
2021-09-07,2021-09-06,SJC_Gold,57.45,57.45,0.0,0.00023264450203764795,0.005663282588812312
2021-09-08,2021-09-07,SJC_Gold,57.2,57.45,-0.004361105909012508,0.00023264450203764795,0.005663282588812312
2021-09-09,2021-09-08,SJC_Gold,57.25,57.2,0.0008737440485973025,0.00023264450203764795,0.005663282588812312
2021-09-10,2021-09-09,SJC_Gold,57.3,57.25,0.0008729812863448316,0.00023264450203764795,0.005663282588812312
2021-09-11,2021-09-10,SJC_Gold,57.3,57.3,0.0,0.00023264450203764795,0.005663282588812312
2021-09-12,2021-09-11,SJC_Gold,57.3,57.3,0.0,0.00023264450203764795,0.005663282588812312
2021-09-13,2021-09-12,SJC_Gold,57.3,57.3,0.0,0.00023264450203764795,0.005663282588812312
2021-09-14,2021-09-13,SJC_Gold,57.25,57.3,-0.0008729812863448316,0.00023264450203764795,0.005663282588812312
2021-09-15,2021-09-14,SJC_Gold,57.35,57.25,0.0017452011410306056,0.00023264450203764795,0.005663282588812312
2021-09-16,2021-09-15,SJC_Gold,57.2,57.35,-0.002618945189627908,0.00023264450203764795,0.005663282588812312
2021-09-17,2021-09-16,SJC_Gold,56.65,57.2,-0.009661910911736626,0.00023264450203764795,0.005663282588812312
2021-09-18,2021-09-17,SJC_Gold,56.65,56.65,0.0,0.00023264450203764795,0.005663282588812312
2021-09-19,2021-09-18,SJC_Gold,56.65,56.65,0.0,0.00023264450203764795,0.005663282588812312
2021-09-20,2021-09-19,SJC_Gold,56.8,56.65,0.002644338253090517,0.00023264450203764795,0.005663282588812312
2021-09-21,2021-09-20,SJC_Gold,57.1,56.8,0.005267790934858851,0.00023264450203764795,0.005663282588812312
2021-09-22,2021-09-21,SJC_Gold,57.15,57.1,0.0008752735788553068,0.00023264450203764795,0.005663282588812312
2021-09-23,2021-09-22,SJC_Gold,57.35,57.15,0.0034934533345598595,0.00023264450203764795,0.005663282588812312
2021-09-24,2021-09-23,SJC_Gold,57.05,57.35,-0.0052447672672952805,0.00023264450203764795,0.005663282588812312
2021-09-25,2021-09-24,SJC_Gold,57.0,57.05,-0.0008768084735342185,0.00023264450203764795,0.005663282588812312
2021-09-26,2021-09-25,SJC_Gold,57.0,57.0,0.0,0.00023264450203764795,0.005663282588812312
2021-09-27,2021-09-26,SJC_Gold,57.0,57.0,0.0,0.00023264450203764795,0.005663282588812312
2021-09-28,2021-09-27,SJC_Gold,57.1,57.0,0.0017528488274143328,0.00023264450203764795,0.005663282588812312
2021-09-29,2021-09-28,SJC_Gold,56.95,57.1,-0.0026304267687731198,0.00023264450203764795,0.005663282588812312
2021-09-30,2021-09-29,SJC_Gold,56.85,56.95,-0.0017574696966464742,0.00023264450203764795,0.005663282588812312
2021-10-01,2021-09-30,SJC_Gold,57.2,56.85,0.006137678189206852,0.00023264450203764795,0.005663282588812312
2021-10-02,2021-10-01,SJC_Gold,57.15,57.2,-0.0008745081449319514,0.00023264450203764795,0.005663282588812312
2021-10-03,2021-10-02,SJC_Gold,57.15,57.15,0.0,0.00023264450203764795,0.005663282588812312
2021-10-04,2021-10-03,SJC_Gold,57.4,57.15,0.004364913084700994,0.00023264450203764795,0.005663282588812312
2021-10-05,2021-10-04,SJC_Gold,57.45,57.4,0.0008707009692434653,0.00023264450203764795,0.005663282588812312
2021-10-06,2021-10-05,SJC_Gold,57.45,57.45,0.0,0.00023264450203764795,0.005663282588812312
2021-10-07,2021-10-06,SJC_Gold,57.85,57.45,0.00693844934492116,0.00023264450203764795,0.005663282588812312
2021-10-08,2021-10-07,SJC_Gold,57.85,57.85,0.0,0.00023264450203764795,0.005663282588812312
2021-10-09,2021-10-08,SJC_Gold,57.95,57.85,0.00172711614607568,0.00023264450203764795,0.005663282588812312
2021-10-10,2021-10-09,SJC_Gold,57.95,57.95,0.0,0.00023264450203764795,0.005663282588812312
2021-10-11,2021-10-10,SJC_Gold,57.95,57.95,0.0,0.00023264450203764795,0.005663282588812312
2021-10-12,2021-10-11,SJC_Gold,58.05,57.95,0.0017241383581394487,0.00023264450203764795,0.005663282588812312
2021-10-13,2021-10-12,SJC_Gold,58.05,58.05,0.0,0.00023264450203764795,0.005663282588812312
2021-10-14,2021-10-13,SJC_Gold,58.0,58.05,-0.0008616975974815588,0.00023264450203764795,0.005663282588812312
2021-10-15,2021-10-14,SJC_Gold,57.8,58.0,-0.003454234868087269,0.00023264450203764795,0.005663282588812312
2021-10-16,2021-10-15,SJC_Gold,57.7,57.8,-0.0017316021642779234,0.00023264450203764795,0.005663282588812312
2021-10-17,2021-10-16,SJC_Gold,57.7,57.7,0.0,0.00023264450203764795,0.005663282588812312
2021-10-18,2021-10-17,SJC_Gold,57.8,57.7,0.0017316021642779234,0.00023264450203764795,0.005663282588812312
2021-10-19,2021-10-18,SJC_Gold,58.0,57.8,0.003454234868087269,0.00023264450203764795,0.005663282588812312
2021-10-20,2021-10-19,SJC_Gold,58.05,58.0,0.0008616975974815588,0.00023264450203764795,0.005663282588812312
2021-10-21,2021-10-20,SJC_Gold,58.1,58.05,0.0008609557139651614,0.00023264450203764795,0.005663282588812312
2021-10-22,2021-10-21,SJC_Gold,58.2,58.1,0.0017196908795265031,0.00023264450203764795,0.005663282588812312
2021-10-23,2021-10-22,SJC_Gold,58.25,58.2,0.0008587377084179337,0.00023264450203764795,0.005663282588812312
2021-10-24,2021-10-23,SJC_Gold,58.25,58.25,0.0,0.00023264450203764795,0.005663282588812312
2021-10-25,2021-10-24,SJC_Gold,58.25,58.25,0.0,0.00023264450203764795,0.005663282588812312
2021-10-26,2021-10-25,SJC_Gold,58.6,58.25,0.005990604137156907,0.00023264450203764795,0.005663282588812312
2021-10-27,2021-10-26,SJC_Gold,58.7,58.6,0.0017050302510837057,0.00023264450203764795,0.005663282588812312
2021-10-28,2021-10-27,SJC_Gold,58.5,58.7,-0.0034129725962399604,0.00023264450203764795,0.005663282588812312
2021-10-29,2021-10-28,SJC_Gold,58.5,58.5,0.0,0.00023264450203764795,0.005663282588812312
2021-10-30,2021-10-29,SJC_Gold,58.45,58.5,-0.0008550663197333108,0.00023264450203764795,0.005663282588812312
2021-10-31,2021-10-30,SJC_Gold,58.45,58.45,0.0,0.00023264450203764795,0.005663282588812312
2021-11-01,2021-10-31,SJC_Gold,58.3,58.45,-0.0025695945616313054,0.00023264450203764795,0.005663282588812312
2021-11-02,2021-11-01,SJC_Gold,58.55,58.3,0.0042789966872796015,0.00023264450203764795,0.005663282588812312
2021-11-03,2021-11-02,SJC_Gold,58.6,58.55,0.0008536065392412695,0.00023264450203764795,0.005663282588812312
2021-11-04,2021-11-03,SJC_Gold,58.5,58.6,-0.0017079423451562548,0.00023264450203764795,0.005663282588812312
2021-11-05,2021-11-04,SJC_Gold,58.75,58.5,0.004264398786457235,0.00023264450203764795,0.005663282588812312
2021-11-06,2021-11-05,SJC_Gold,58.75,58.75,0.0,0.00023264450203764795,0.005663282588812312
2021-11-07,2021-11-06,SJC_Gold,58.75,58.75,0.0,0.00023264450203764795,0.005663282588812312
2021-11-08,2021-11-07,SJC_Gold,59.0,58.75,0.004246290881451564,0.00023264450203764795,0.005663282588812312
2021-11-09,2021-11-08,SJC_Gold,59.3,59.0,0.005071862097960178,0.00023264450203764795,0.005663282588812312
2021-11-10,2021-11-09,SJC_Gold,59.4,59.3,0.0016849203649194067,0.00023264450203764795,0.005663282588812312
2021-11-11,2021-11-10,SJC_Gold,60.0,59.4,0.010050335853501124,0.00023264450203764795,0.005663282588812312
2021-11-12,2021-11-11,SJC_Gold,60.7,60.0,0.011599135843352038,0.00023264450203764795,0.005663282588812312
2021-11-13,2021-11-12,SJC_Gold,60.85,60.7,0.002468121368083942,0.00023264450203764795,0.005663282588812312
2021-11-14,2021-11-13,SJC_Gold,60.85,60.85,0.0,0.00023264450203764795,0.005663282588812312
2021-11-15,2021-11-14,SJC_Gold,60.8,60.85,-0.0008220304614150464,0.00023264450203764795,0.005663282588812312
2021-11-16,2021-11-15,SJC_Gold,61.8,60.8,0.016313575491524013,0.00023264450203764795,0.005663282588812312
2021-11-17,2021-11-16,SJC_Gold,61.8,61.8,0.0,0.00023264450203764795,0.005663282588812312
2021-11-18,2021-11-17,SJC_Gold,61.75,61.8,-0.0008093889555587097,0.00023264450203764795,0.005663282588812312
2021-11-19,2021-11-18,SJC_Gold,60.8,61.75,-0.015504186535965303,0.00023264450203764795,0.005663282588812312
2021-11-20,2021-11-19,SJC_Gold,60.5,60.8,-0.004946423935325406,0.00023264450203764795,0.005663282588812312
2021-11-21,2021-11-20,SJC_Gold,60.5,60.5,0.0,0.00023264450203764795,0.005663282588812312
2021-11-22,2021-11-21,SJC_Gold,60.0,60.5,-0.008298802814695527,0.00023264450203764795,0.005663282588812312
2021-11-23,2021-11-22,SJC_Gold,60.05,60.0,0.0008329863038918361,0.00023264450203764795,0.005663282588812312
2021-11-24,2021-11-23,SJC_Gold,60.1,60.05,0.0008322930151694052,0.00023264450203764795,0.005663282588812312
2021-11-25,2021-11-24,SJC_Gold,60.15,60.1,0.0008316008795263841,0.00023264450203764795,0.005663282588812312
2021-11-26,2021-11-25,SJC_Gold,61.05,60.15,0.01485175813602524,0.00023264450203764795,0.005663282588812312
2021-11-27,2021-11-26,SJC_Gold,60.85,61.05,-0.0032813811231768852,0.00023264450203764795,0.005663282588812312
2021-11-28,2021-11-27,SJC_Gold,60.85,60.85,0.0,0.00023264450203764795,0.005663282588812312
2021-11-29,2021-11-28,SJC_Gold,60.65,60.85,-0.0032921840434774197,0.00023264450203764795,0.005663282588812312
2021-11-30,2021-11-29,SJC_Gold,60.7,60.65,0.0008240626753934777,0.00023264450203764795,0.005663282588812312
2021-12-01,2021-11-30,SJC_Gold,60.65,60.7,-0.0008240626753934777,0.00023264450203764795,0.005663282588812312
2021-12-02,2021-12-01,SJC_Gold,60.7,60.65,0.0008240626753934777,0.00023264450203764795,0.005663282588812312
2021-12-03,2021-12-02,SJC_Gold,60.85,60.7,0.002468121368083942,0.00023264450203764795,0.005663282588812312
2021-12-04,2021-12-03,SJC_Gold,61.1,60.85,0.004100046744013319,0.00023264450203764795,0.005663282588812312
2021-12-05,2021-12-04,SJC_Gold,61.1,61.1,0.0,0.00023264450203764795,0.005663282588812312
2021-12-06,2021-12-05,SJC_Gold,61.5,61.1,0.006525308634922844,0.00023264450203764795,0.005663282588812312
2021-12-07,2021-12-06,SJC_Gold,61.35,61.5,-0.0024420036555516944,0.00023264450203764795,0.005663282588812312
2021-12-08,2021-12-07,SJC_Gold,61.1,61.35,-0.0040833049793711496,0.00023264450203764795,0.005663282588812312
2021-12-09,2021-12-08,SJC_Gold,61.25,61.1,0.002451983247286904,0.00023264450203764795,0.005663282588812312
2021-12-10,2021-12-09,SJC_Gold,61.25,61.25,0.0,0.00023264450203764795,0.005663282588812312
2021-12-11,2021-12-10,SJC_Gold,61.4,61.25,0.002445985728259714,0.00023264450203764795,0.005663282588812312
2021-12-12,2021-12-11,SJC_Gold,61.4,61.4,0.0,0.00023264450203764795,0.005663282588812312
2021-12-13,2021-12-12,SJC_Gold,61.55,61.4,0.0024400174773662187,0.00023264450203764795,0.005663282588812312
2021-12-14,2021-12-13,SJC_Gold,61.6,61.55,0.000812017909011864,0.00023264450203764795,0.005663282588812312
2021-12-15,2021-12-14,SJC_Gold,61.4,61.6,-0.0032520353863780826,0.00023264450203764795,0.005663282588812312
2021-12-16,2021-12-15,SJC_Gold,61.55,61.4,0.0024400174773662187,0.00023264450203764795,0.005663282588812312
2021-12-17,2021-12-16,SJC_Gold,61.75,61.55,0.0032441228776241005,0.00023264450203764795,0.005663282588812312
2021-12-18,2021-12-17,SJC_Gold,61.6,61.75,-0.0024321049686122365,0.00023264450203764795,0.005663282588812312
2021-12-19,2021-12-18,SJC_Gold,61.6,61.6,0.0,0.00023264450203764795,0.005663282588812312
2021-12-20,2021-12-19,SJC_Gold,61.7,61.6,0.0016220603718677395,0.00023264450203764795,0.005663282588812312
2021-12-21,2021-12-20,SJC_Gold,61.55,61.7,-0.0024340782808796035,0.00023264450203764795,0.005663282588812312
2021-12-22,2021-12-21,SJC_Gold,61.55,61.55,0.0,0.00023264450203764795,0.005663282588812312
2021-12-23,2021-12-22,SJC_Gold,61.6,61.55,0.000812017909011864,0.00023264450203764795,0.005663282588812312
2021-12-24,2021-12-23,SJC_Gold,61.55,61.6,-0.000812017909011864,0.00023264450203764795,0.005663282588812312
2021-12-25,2021-12-24,SJC_Gold,61.6,61.55,0.000812017909011864,0.00023264450203764795,0.005663282588812312
2021-12-26,2021-12-25,SJC_Gold,61.6,61.6,0.0,0.00023264450203764795,0.005663282588812312
2021-12-27,2021-12-26,SJC_Gold,61.55,61.6,-0.000812017909011864,0.00023264450203764795,0.005663282588812312
2021-12-28,2021-12-27,SJC_Gold,61.5,61.55,-0.0008126778179899929,0.00023264450203764795,0.005663282588812312
2021-12-29,2021-12-28,SJC_Gold,61.3,61.5,-0.0032573318703068566,0.00023264450203764795,0.005663282588812312
2021-12-30,2021-12-29,SJC_Gold,61.3,61.3,0.0,0.00023264450203764795,0.005663282588812312
2021-12-31,2021-12-30,SJC_Gold,61.65,61.3,0.005693386668187195,0.00023264450203764795,0.005663282588812312
2022-01-01,2021-12-31,SJC_Gold,61.65,61.65,0.0,0.00023264450203764795,0.005663282588812312
2022-01-02,2022-01-01,SJC_Gold,61.65,61.65,0.0,0.00023264450203764795,0.005663282588812312
2022-01-03,2022-01-02,SJC_Gold,61.6,61.65,-0.0008113590708784812,0.00023264450203764795,0.005663282588812312
2022-01-04,2022-01-03,SJC_Gold,61.6,61.6,0.0,0.00023264450203764795,0.005663282588812312
2022-01-05,2022-01-04,SJC_Gold,61.7,61.6,0.0016220603718677395,0.00023264450203764795,0.005663282588812312
2022-01-06,2022-01-05,SJC_Gold,61.45,61.7,-0.00406009489929815,0.00023264450203764795,0.005663282588812312
2022-01-07,2022-01-06,SJC_Gold,61.6,61.45,0.0024380345274304105,0.00023264450203764795,0.005663282588812312
2022-01-08,2022-01-07,SJC_Gold,61.75,61.6,0.0024321049686122365,0.00023264450203764795,0.005663282588812312
2022-01-09,2022-01-08,SJC_Gold,61.75,61.75,0.0,0.00023264450203764795,0.005663282588812312
2022-01-10,2022-01-09,SJC_Gold,61.5,61.75,-0.004056800695614093,0.00023264450203764795,0.005663282588812312
2022-01-11,2022-01-10,SJC_Gold,61.65,61.5,0.002436054797880338,0.00023264450203764795,0.005663282588812312
2022-01-12,2022-01-11,SJC_Gold,61.6,61.65,-0.0008113590708784812,0.00023264450203764795,0.005663282588812312
2022-01-13,2022-01-12,SJC_Gold,61.7,61.6,0.0016220603718677395,0.00023264450203764795,0.005663282588812312
2022-01-14,2022-01-13,SJC_Gold,61.7,61.7,0.0,0.00023264450203764795,0.005663282588812312
2022-01-15,2022-01-14,SJC_Gold,61.7,61.7,0.0,0.00023264450203764795,0.005663282588812312
2022-01-16,2022-01-15,SJC_Gold,61.7,61.7,0.0,0.00023264450203764795,0.005663282588812312
2022-01-17,2022-01-16,SJC_Gold,61.7,61.7,0.0,0.00023264450203764795,0.005663282588812312
2022-01-18,2022-01-17,SJC_Gold,61.7,61.7,0.0,0.00023264450203764795,0.005663282588812312
2022-01-19,2022-01-18,SJC_Gold,61.75,61.7,0.0008100445967444969,0.00023264450203764795,0.005663282588812312
2022-01-20,2022-01-19,SJC_Gold,61.7,61.75,-0.0008100445967444969,0.00023264450203764795,0.005663282588812312
2022-01-21,2022-01-20,SJC_Gold,61.75,61.7,0.0008100445967444969,0.00023264450203764795,0.005663282588812312
2022-01-22,2022-01-21,SJC_Gold,61.93,61.75,0.0029107394418828036,0.00023264450203764795,0.005663282588812312
2022-01-23,2022-01-22,SJC_Gold,61.93,61.93,0.0,0.00023264450203764795,0.005663282588812312
2022-01-24,2022-01-23,SJC_Gold,62.1,61.93,0.002741273989463444,0.00023264450203764795,0.005663282588812312
2022-01-25,2022-01-24,SJC_Gold,62.55,62.1,0.007220247973487304,0.00023264450203764795,0.005663282588812312
2022-01-26,2022-01-25,SJC_Gold,62.45,62.55,-0.001600000341333896,0.00023264450203764795,0.005663282588812312
2022-01-27,2022-01-26,SJC_Gold,62.55,62.45,0.001600000341333896,0.00023264450203764795,0.005663282588812312
2022-01-28,2022-01-27,SJC_Gold,62.5,62.55,-0.0007996801705640877,0.00023264450203764795,0.005663282588812312
2022-01-29,2022-01-28,SJC_Gold,62.5,62.5,0.0,0.00023264450203764795,0.005663282588812312
2022-01-30,2022-01-29,SJC_Gold,62.5,62.5,0.0,0.00023264450203764795,0.005663282588812312
2022-01-31,2022-01-30,SJC_Gold,62.5,62.5,0.0,0.00023264450203764795,0.005663282588812312
2022-02-01,2022-01-31,SJC_Gold,62.5,62.5,0.0,0.00023264450203764795,0.005663282588812312
2022-02-02,2022-02-01,SJC_Gold,62.5,62.5,0.0,0.00023264450203764795,0.005663282588812312
2022-02-03,2022-02-02,SJC_Gold,62.5,62.5,0.0,0.00023264450203764795,0.005663282588812312
2022-02-04,2022-02-03,SJC_Gold,62.5,62.5,0.0,0.00023264450203764795,0.005663282588812312
2022-02-05,2022-02-04,SJC_Gold,62.5,62.5,0.0,0.00023264450203764795,0.005663282588812312
2022-02-06,2022-02-05,SJC_Gold,62.5,62.5,0.0,0.00023264450203764795,0.005663282588812312
2022-02-07,2022-02-06,SJC_Gold,63.45,62.5,0.015085637418041031,0.00023264450203764795,0.005663282588812312
2022-02-08,2022-02-07,SJC_Gold,62.5,63.45,-0.015085637418041031,0.00023264450203764795,0.005663282588812312
2022-02-09,2022-02-08,SJC_Gold,62.15,62.5,-0.005615738785635926,0.00023264450203764795,0.005663282588812312
2022-02-10,2022-02-09,SJC_Gold,62.2,62.15,0.0008041817884132385,0.00023264450203764795,0.005663282588812312
2022-02-11,2022-02-10,SJC_Gold,62.35,62.2,0.0024086723809118027,0.00023264450203764795,0.005663282588812312
2022-02-12,2022-02-11,SJC_Gold,62.7,62.35,0.005597775512829806,0.00023264450203764795,0.005663282588812312
2022-02-13,2022-02-12,SJC_Gold,62.7,62.7,0.0,0.00023264450203764795,0.005663282588812312
2022-02-14,2022-02-13,SJC_Gold,62.95,62.7,0.003979312851480898,0.00023264450203764795,0.005663282588812312
2022-02-15,2022-02-14,SJC_Gold,62.95,62.95,0.0,0.00023264450203764795,0.005663282588812312
2022-02-16,2022-02-15,SJC_Gold,62.9,62.95,-0.000794596783960877,0.00023264450203764795,0.005663282588812312
2022-02-17,2022-02-16,SJC_Gold,63.15,62.9,0.003966685090104782,0.00023264450203764795,0.005663282588812312
2022-02-18,2022-02-17,SJC_Gold,63.2,63.15,0.0007914523563119502,0.00023264450203764795,0.005663282588812312
2022-02-19,2022-02-18,SJC_Gold,63.25,63.2,0.0007908264548177613,0.00023264450203764795,0.005663282588812312
2022-02-20,2022-02-19,SJC_Gold,63.25,63.25,0.0,0.00023264450203764795,0.005663282588812312
2022-02-21,2022-02-20,SJC_Gold,63.4,63.25,0.002368733835550252,0.00023264450203764795,0.005663282588812312
2022-02-22,2022-02-21,SJC_Gold,63.6,63.4,0.0031496089028966168,0.00023264450203764795,0.005663282588812312
2022-02-23,2022-02-22,SJC_Gold,63.9,63.6,0.0047058910374122576,0.00023264450203764795,0.005663282588812312
2022-02-24,2022-02-23,SJC_Gold,65.65,63.9,0.027018239365316887,0.00023264450203764795,0.005663282588812312
2022-02-25,2022-02-24,SJC_Gold,65.8,65.65,0.002282237582465818,0.00023264450203764795,0.005663282588812312
2022-02-26,2022-02-25,SJC_Gold,65.75,65.8,-0.0007601672733974496,0.00023264450203764795,0.005663282588812312
2022-02-27,2022-02-26,SJC_Gold,65.75,65.75,0.0,0.00023264450203764795,0.005663282588812312
2022-02-28,2022-02-27,SJC_Gold,65.95,65.75,0.003037208105449274,0.00023264450203764795,0.005663282588812312
2022-03-01,2022-02-28,SJC_Gold,66.4,65.95,0.006800177319065348,0.00023264450203764795,0.005663282588812312
2022-03-02,2022-03-01,SJC_Gold,67.4,66.4,0.014947961435872514,0.00023264450203764795,0.005663282588812312
2022-03-03,2022-03-02,SJC_Gold,67.35,67.4,-0.0007421150618878158,0.00023264450203764795,0.005663282588812312
2022-03-04,2022-03-03,SJC_Gold,67.7,67.35,0.00518327706185584,0.00023264450203764795,0.005663282588812312
2022-03-05,2022-03-04,SJC_Gold,69.3,67.7,0.02335872627762825,0.00023264450203764795,0.005663282588812312
2022-03-06,2022-03-05,SJC_Gold,69.0,69.3,-0.004338401598597663,0.00023264450203764795,0.005663282588812312
2022-03-07,2022-03-06,SJC_Gold,73.5,69.0,0.06317890162153095,0.00023264450203764795,0.005663282588812312
2022-03-08,2022-03-07,SJC_Gold,72.0,73.5,-0.020619287202735315,0.00023264450203764795,0.005663282588812312
2022-03-09,2022-03-08,SJC_Gold,70.2,72.0,-0.02531780798428951,0.00023264450203764795,0.005663282588812312
2022-03-10,2022-03-09,SJC_Gold,69.6,70.2,-0.00858374369139181,0.00023264450203764795,0.005663282588812312
2022-03-11,2022-03-10,SJC_Gold,70.2,69.6,0.00858374369139181,0.00023264450203764795,0.005663282588812312
2022-03-12,2022-03-11,SJC_Gold,69.8,70.2,-0.005714301263439303,0.00023264450203764795,0.005663282588812312
2022-03-13,2022-03-12,SJC_Gold,69.8,69.8,0.0,0.00023264450203764795,0.005663282588812312
2022-03-14,2022-03-13,SJC_Gold,69.0,69.8,-0.01152750517106682,0.00023264450203764795,0.005663282588812312
2022-03-15,2022-03-14,SJC_Gold,68.7,69.0,-0.004357305368955622,0.00023264450203764795,0.005663282588812312
2022-03-16,2022-03-15,SJC_Gold,68.2,68.7,-0.00730463437888762,0.00023264450203764795,0.005663282588812312
2022-03-17,2022-03-16,SJC_Gold,68.7,68.2,0.00730463437888762,0.00023264450203764795,0.005663282588812312
2022-03-18,2022-03-17,SJC_Gold,69.1,68.7,0.005805531545320264,0.00023264450203764795,0.005663282588812312
2022-03-19,2022-03-18,SJC_Gold,68.9,69.1,-0.0028985527540115186,0.00023264450203764795,0.005663282588812312
2022-03-20,2022-03-19,SJC_Gold,68.9,68.9,0.0,0.00023264450203764795,0.005663282588812312
2022-03-21,2022-03-20,SJC_Gold,68.7,68.9,-0.0029069787913087453,0.00023264450203764795,0.005663282588812312
2022-03-22,2022-03-21,SJC_Gold,68.75,68.7,0.0007275373183768252,0.00023264450203764795,0.005663282588812312
2022-03-23,2022-03-22,SJC_Gold,68.8,68.75,0.0007270083926167459,0.00023264450203764795,0.005663282588812312
2022-03-24,2022-03-23,SJC_Gold,68.9,68.8,0.0014524330803151742,0.00023264450203764795,0.005663282588812312
2022-03-25,2022-03-24,SJC_Gold,69.25,68.9,0.005066967047834936,0.00023264450203764795,0.005663282588812312
2022-03-26,2022-03-25,SJC_Gold,69.45,69.25,0.002883924132905058,0.00023264450203764795,0.005663282588812312
2022-03-27,2022-03-26,SJC_Gold,69.45,69.45,0.0,0.00023264450203764795,0.005663282588812312
2022-03-28,2022-03-27,SJC_Gold,69.3,69.45,-0.0021621630044954543,0.00023264450203764795,0.005663282588812312
2022-03-29,2022-03-28,SJC_Gold,69.1,69.3,-0.002890175422233021,0.00023264450203764795,0.005663282588812312
2022-03-30,2022-03-29,SJC_Gold,68.7,69.1,-0.005805531545320264,0.00023264450203764795,0.005663282588812312
2022-03-31,2022-03-30,SJC_Gold,68.85,68.7,0.002181025946359938,0.00023264450203764795,0.005663282588812312
2022-04-01,2022-03-31,SJC_Gold,69.1,68.85,0.003624505598960326,0.00023264450203764795,0.005663282588812312
2022-04-02,2022-04-01,SJC_Gold,69.05,69.1,-0.0007238509183231656,0.00023264450203764795,0.005663282588812312
2022-04-03,2022-04-02,SJC_Gold,69.05,69.05,0.0,0.00023264450203764795,0.005663282588812312
2022-04-04,2022-04-03,SJC_Gold,69.0,69.05,-0.0007243752580414764,0.00023264450203764795,0.005663282588812312
2022-04-05,2022-04-04,SJC_Gold,68.85,69.0,-0.002176279422595684,0.00023264450203764795,0.005663282588812312
2022-04-06,2022-04-05,SJC_Gold,68.8,68.85,-0.0007264802353663669,0.00023264450203764795,0.005663282588812312
2022-04-07,2022-04-06,SJC_Gold,68.85,68.8,0.0007264802353663669,0.00023264450203764795,0.005663282588812312
2022-04-08,2022-04-07,SJC_Gold,69.05,68.85,0.0029006546806371603,0.00023264450203764795,0.005663282588812312
2022-04-09,2022-04-08,SJC_Gold,69.45,69.05,0.005776189345051641,0.00023264450203764795,0.005663282588812312
2022-04-10,2022-04-09,SJC_Gold,69.45,69.45,0.0,0.00023264450203764795,0.005663282588812312
2022-04-11,2022-04-10,SJC_Gold,69.45,69.45,0.0,0.00023264450203764795,0.005663282588812312
2022-04-12,2022-04-11,SJC_Gold,69.5,69.45,0.0007196833703932981,0.00023264450203764795,0.005663282588812312
2022-04-13,2022-04-12,SJC_Gold,69.8,69.5,0.004307257197580405,0.00023264450203764795,0.005663282588812312
2022-04-14,2022-04-13,SJC_Gold,69.55,69.8,-0.0035880913988748375,0.00023264450203764795,0.005663282588812312
2022-04-15,2022-04-14,SJC_Gold,69.7,69.55,0.002154399397026552,0.00023264450203764795,0.005663282588812312
2022-04-16,2022-04-15,SJC_Gold,69.85,69.7,0.0021497679364923528,0.00023264450203764795,0.005663282588812312
2022-04-17,2022-04-16,SJC_Gold,69.85,69.85,0.0,0.00023264450203764795,0.005663282588812312
2022-04-18,2022-04-17,SJC_Gold,71.0,69.85,0.01632979133834489,0.00023264450203764795,0.005663282588812312
2022-04-19,2022-04-18,SJC_Gold,70.75,71.0,-0.003527340517968547,0.00023264450203764795,0.005663282588812312
2022-04-20,2022-04-19,SJC_Gold,70.2,70.75,-0.007804225491581107,0.00023264450203764795,0.005663282588812312
2022-04-21,2022-04-20,SJC_Gold,70.4,70.2,0.0028449521322313487,0.00023264450203764795,0.005663282588812312
2022-04-22,2022-04-21,SJC_Gold,70.5,70.4,0.0014194466542258866,0.00023264450203764795,0.005663282588812312
2022-04-23,2022-04-22,SJC_Gold,70.35,70.5,-0.0021299262578251543,0.00023264450203764795,0.005663282588812312
2022-04-24,2022-04-23,SJC_Gold,70.35,70.35,0.0,0.00023264450203764795,0.005663282588812312
2022-04-25,2022-04-24,SJC_Gold,70.25,70.35,-0.0014224753465423845,0.00023264450203764795,0.005663282588812312
2022-04-26,2022-04-25,SJC_Gold,70.15,70.25,-0.001424501665385769,0.00023264450203764795,0.005663282588812312
2022-04-27,2022-04-26,SJC_Gold,70.05,70.15,-0.0014265337654535415,0.00023264450203764795,0.005663282588812312
2022-04-28,2022-04-27,SJC_Gold,69.95,70.05,-0.00142857167152588,0.00023264450203764795,0.005663282588812312
2022-04-29,2022-04-28,SJC_Gold,70.35,69.95,0.005702082448907575,0.00023264450203764795,0.005663282588812312
2022-04-30,2022-04-29,SJC_Gold,70.35,70.35,0.0,0.00023264450203764795,0.005663282588812312
2022-05-01,2022-04-30,SJC_Gold,70.35,70.35,0.0,0.00023264450203764795,0.005663282588812312
2022-05-02,2022-05-01,SJC_Gold,70.35,70.35,0.0,0.00023264450203764795,0.005663282588812312
2022-05-03,2022-05-02,SJC_Gold,69.95,70.35,-0.005702082448907575,0.00023264450203764795,0.005663282588812312
2022-05-04,2022-05-03,SJC_Gold,70.1,69.95,0.0021420929290538737,0.00023264450203764795,0.005663282588812312
2022-05-05,2022-05-04,SJC_Gold,70.35,70.1,0.0035599895198537013,0.00023264450203764795,0.005663282588812312
2022-05-06,2022-05-05,SJC_Gold,70.45,70.35,0.001420454784291536,0.00023264450203764795,0.005663282588812312
2022-05-07,2022-05-06,SJC_Gold,70.45,70.45,0.0,0.00023264450203764795,0.005663282588812312
2022-05-08,2022-05-07,SJC_Gold,70.45,70.45,0.0,0.00023264450203764795,0.005663282588812312
2022-05-09,2022-05-08,SJC_Gold,70.3,70.45,-0.002131439528070267,0.00023264450203764795,0.005663282588812312
2022-05-10,2022-05-09,SJC_Gold,70.15,70.3,-0.0021359922681494226,0.00023264450203764795,0.005663282588812312
2022-05-11,2022-05-10,SJC_Gold,70.2,70.15,0.0007125044832960725,0.00023264450203764795,0.005663282588812312
2022-05-12,2022-05-11,SJC_Gold,70.3,70.2,0.00142348778485335,0.00023264450203764795,0.005663282588812312
2022-05-13,2022-05-12,SJC_Gold,69.8,70.3,-0.007137789048292653,0.00023264450203764795,0.005663282588812312
2022-05-14,2022-05-13,SJC_Gold,69.5,69.8,-0.004307257197580405,0.00023264450203764795,0.005663282588812312
2022-05-15,2022-05-14,SJC_Gold,69.5,69.5,0.0,0.00023264450203764795,0.005663282588812312
2022-05-16,2022-05-15,SJC_Gold,69.25,69.5,-0.003603607503298356,0.00023264450203764795,0.005663282588812312
2022-05-17,2022-05-16,SJC_Gold,69.25,69.25,0.0,0.00023264450203764795,0.005663282588812312
2022-05-18,2022-05-17,SJC_Gold,69.25,69.25,0.0,0.00023264450203764795,0.005663282588812312
2022-05-19,2022-05-18,SJC_Gold,69.25,69.25,0.0,0.00023264450203764795,0.005663282588812312
2022-05-20,2022-05-19,SJC_Gold,69.8,69.25,0.007910864700878761,0.00023264450203764795,0.005663282588812312
2022-05-21,2022-05-20,SJC_Gold,69.85,69.8,0.000716075934644067,0.00023264450203764795,0.005663282588812312
2022-05-22,2022-05-21,SJC_Gold,69.85,69.85,0.0,0.00023264450203764795,0.005663282588812312
2022-05-23,2022-05-22,SJC_Gold,69.95,69.85,0.001430615408519742,0.00023264450203764795,0.005663282588812312
2022-05-24,2022-05-23,SJC_Gold,69.9,69.95,-0.0007150518717260468,0.00023264450203764795,0.005663282588812312
2022-05-25,2022-05-24,SJC_Gold,69.1,69.9,-0.011510918466139941,0.00023264450203764795,0.005663282588812312
2022-05-26,2022-05-25,SJC_Gold,69.3,69.1,0.002890175422233021,0.00023264450203764795,0.005663282588812312
2022-05-27,2022-05-26,SJC_Gold,69.55,69.3,0.00360101217359432,0.00023264450203764795,0.005663282588812312
2022-05-28,2022-05-27,SJC_Gold,69.5,69.55,-0.0007191657987055677,0.00023264450203764795,0.005663282588812312
2022-05-29,2022-05-28,SJC_Gold,69.5,69.5,0.0,0.00023264450203764795,0.005663282588812312
2022-05-30,2022-05-29,SJC_Gold,69.3,69.5,-0.0028818463748887524,0.00023264450203764795,0.005663282588812312
2022-05-31,2022-05-30,SJC_Gold,69.3,69.3,0.0,0.00023264450203764795,0.005663282588812312
2022-06-01,2022-05-31,SJC_Gold,69.3,69.3,0.0,0.00023264450203764795,0.005663282588812312
2022-06-02,2022-06-01,SJC_Gold,69.45,69.3,0.0021621630044954543,0.00023264450203764795,0.005663282588812312
2022-06-03,2022-06-02,SJC_Gold,69.7,69.45,0.0035932485661254177,0.00023264450203764795,0.005663282588812312
2022-06-04,2022-06-03,SJC_Gold,69.65,69.7,-0.0007176175406637952,0.00023264450203764795,0.005663282588812312
2022-06-05,2022-06-04,SJC_Gold,69.65,69.65,0.0,0.00023264450203764795,0.005663282588812312
2022-06-06,2022-06-05,SJC_Gold,69.5,69.65,-0.0021559476550683243,0.00023264450203764795,0.005663282588812312
2022-06-07,2022-06-06,SJC_Gold,69.6,69.5,0.0014378147696278987,0.00023264450203764795,0.005663282588812312
2022-06-08,2022-06-07,SJC_Gold,69.6,69.6,0.0,0.00023264450203764795,0.005663282588812312
2022-06-09,2022-06-08,SJC_Gold,69.7,69.6,0.0014357504261042209,0.00023264450203764795,0.005663282588812312
2022-06-10,2022-06-09,SJC_Gold,69.45,69.7,-0.0035932485661254177,0.00023264450203764795,0.005663282588812312
2022-06-11,2022-06-10,SJC_Gold,69.65,69.45,0.0028756310254616224,0.00023264450203764795,0.005663282588812312
2022-06-12,2022-06-11,SJC_Gold,69.65,69.65,0.0,0.00023264450203764795,0.005663282588812312
2022-06-13,2022-06-12,SJC_Gold,68.65,69.65,-0.014461568011833847,0.00023264450203764795,0.005663282588812312
2022-06-14,2022-06-13,SJC_Gold,68.4,68.65,-0.0036483075854754077,0.00023264450203764795,0.005663282588812312
2022-06-15,2022-06-14,SJC_Gold,68.45,68.4,0.0007307271059531217,0.00023264450203764795,0.005663282588812312
2022-06-16,2022-06-15,SJC_Gold,68.6,68.45,0.002188982997381572,0.00023264450203764795,0.005663282588812312
2022-06-17,2022-06-16,SJC_Gold,68.75,68.6,0.0021842018148410247,0.00023264450203764795,0.005663282588812312
2022-06-18,2022-06-17,SJC_Gold,68.65,68.75,-0.001455604332700311,0.00023264450203764795,0.005663282588812312
2022-06-19,2022-06-18,SJC_Gold,68.65,68.65,0.0,0.00023264450203764795,0.005663282588812312
2022-06-20,2022-06-19,SJC_Gold,68.65,68.65,0.0,0.00023264450203764795,0.005663282588812312
2022-06-21,2022-06-20,SJC_Gold,68.65,68.65,0.0,0.00023264450203764795,0.005663282588812312
2022-06-22,2022-06-21,SJC_Gold,68.55,68.65,-0.00145772620565765,0.00023264450203764795,0.005663282588812312
2022-06-23,2022-06-22,SJC_Gold,68.7,68.55,0.002185793219981136,0.00023264450203764795,0.005663282588812312
2022-06-24,2022-06-23,SJC_Gold,68.6,68.7,-0.0014566644964641995,0.00023264450203764795,0.005663282588812312
2022-06-25,2022-06-24,SJC_Gold,68.65,68.6,0.0007285974821407137,0.00023264450203764795,0.005663282588812312
2022-06-26,2022-06-25,SJC_Gold,68.65,68.65,0.0,0.00023264450203764795,0.005663282588812312
2022-06-27,2022-06-26,SJC_Gold,68.6,68.65,-0.0007285974821407137,0.00023264450203764795,0.005663282588812312
2022-06-28,2022-06-27,SJC_Gold,68.75,68.6,0.0021842018148410247,0.00023264450203764795,0.005663282588812312
2022-06-29,2022-06-28,SJC_Gold,68.9,68.75,0.00217944147293192,0.00023264450203764795,0.005663282588812312
2022-06-30,2022-06-29,SJC_Gold,68.9,68.9,0.0,0.00023264450203764795,0.005663282588812312
2022-07-01,2022-06-30,SJC_Gold,68.75,68.9,-0.00217944147293192,0.00023264450203764795,0.005663282588812312
2022-07-02,2022-07-01,SJC_Gold,68.8,68.75,0.0007270083926167459,0.00023264450203764795,0.005663282588812312
2022-07-03,2022-07-02,SJC_Gold,68.8,68.8,0.0,0.00023264450203764795,0.005663282588812312
2022-07-04,2022-07-03,SJC_Gold,68.7,68.8,-0.001454545710993571,0.00023264450203764795,0.005663282588812312
2022-07-05,2022-07-04,SJC_Gold,68.8,68.7,0.001454545710993571,0.00023264450203764795,0.005663282588812312
2022-07-06,2022-07-05,SJC_Gold,68.45,68.8,-0.005100193204839343,0.00023264450203764795,0.005663282588812312
2022-07-07,2022-07-06,SJC_Gold,68.45,68.45,0.0,0.00023264450203764795,0.005663282588812312
2022-07-08,2022-07-07,SJC_Gold,68.6,68.45,0.002188982997381572,0.00023264450203764795,0.005663282588812312
2022-07-09,2022-07-08,SJC_Gold,68.55,68.6,-0.0007291287235169364,0.00023264450203764795,0.005663282588812312
2022-07-10,2022-07-09,SJC_Gold,68.55,68.55,0.0,0.00023264450203764795,0.005663282588812312
2022-07-11,2022-07-10,SJC_Gold,68.2,68.55,-0.005118841158906484,0.00023264450203764795,0.005663282588812312
2022-07-12,2022-07-11,SJC_Gold,68.25,68.2,0.0007328692156525207,0.00023264450203764795,0.005663282588812312
2022-07-13,2022-07-12,SJC_Gold,68.2,68.25,-0.0007328692156525207,0.00023264450203764795,0.005663282588812312
2022-07-14,2022-07-13,SJC_Gold,68.2,68.2,0.0,0.00023264450203764795,0.005663282588812312
2022-07-15,2022-07-14,SJC_Gold,67.95,68.2,-0.00367242425226344,0.00023264450203764795,0.005663282588812312
2022-07-16,2022-07-15,SJC_Gold,67.95,67.95,0.0,0.00023264450203764795,0.005663282588812312
2022-07-17,2022-07-16,SJC_Gold,67.95,67.95,0.0,0.00023264450203764795,0.005663282588812312
2022-07-18,2022-07-17,SJC_Gold,64.5,67.95,-0.05210691679542645,0.00023264450203764795,0.005663282588812312
2022-07-19,2022-07-18,SJC_Gold,65.3,64.5,0.012326812480658589,0.00023264450203764795,0.005663282588812312
2022-07-20,2022-07-19,SJC_Gold,66.5,65.3,0.018209911379423183,0.00023264450203764795,0.005663282588812312
2022-07-21,2022-07-20,SJC_Gold,65.2,66.5,-0.019742478729201096,0.00023264450203764795,0.005663282588812312
2022-07-22,2022-07-21,SJC_Gold,66.4,65.2,0.01823758754978133,0.00023264450203764795,0.005663282588812312
2022-07-23,2022-07-22,SJC_Gold,66.2,66.4,-0.0030165935394261822,0.00023264450203764795,0.005663282588812312
2022-07-24,2022-07-23,SJC_Gold,66.2,66.2,0.0,0.00023264450203764795,0.005663282588812312
2022-07-25,2022-07-24,SJC_Gold,66.5,66.2,0.004521484718845947,0.00023264450203764795,0.005663282588812312
2022-07-26,2022-07-25,SJC_Gold,66.0,66.5,-0.007547205635383136,0.00023264450203764795,0.005663282588812312
2022-07-27,2022-07-26,SJC_Gold,66.1,66.0,0.001514004831215665,0.00023264450203764795,0.005663282588812312
2022-07-28,2022-07-27,SJC_Gold,66.0,66.1,-0.001514004831215665,0.00023264450203764795,0.005663282588812312
2022-07-29,2022-07-28,SJC_Gold,66.7,66.0,0.010550210895153178,0.00023264450203764795,0.005663282588812312
2022-07-30,2022-07-29,SJC_Gold,67.1,66.7,0.0059790910560577615,0.00023264450203764795,0.005663282588812312
2022-07-31,2022-07-30,SJC_Gold,67.1,67.1,0.0,0.00023264450203764795,0.005663282588812312
2022-08-01,2022-07-31,SJC_Gold,67.8,67.1,0.010378150968713307,0.00023264450203764795,0.005663282588812312
2022-08-02,2022-08-01,SJC_Gold,68.4,67.8,0.008810629682155735,0.00023264450203764795,0.005663282588812312
2022-08-03,2022-08-02,SJC_Gold,67.0,68.4,-0.02068020523753944,0.00023264450203764795,0.005663282588812312
2022-08-04,2022-08-03,SJC_Gold,67.4,67.0,0.005952398527295344,0.00023264450203764795,0.005663282588812312
2022-08-05,2022-08-04,SJC_Gold,67.6,67.4,0.0029629651306573024,0.00023264450203764795,0.005663282588812312
2022-08-06,2022-08-05,SJC_Gold,67.3,67.6,-0.0044477463982364185,0.00023264450203764795,0.005663282588812312
2022-08-07,2022-08-06,SJC_Gold,67.3,67.3,0.0,0.00023264450203764795,0.005663282588812312
2022-08-08,2022-08-07,SJC_Gold,67.3,67.3,0.0,0.00023264450203764795,0.005663282588812312
2022-08-09,2022-08-08,SJC_Gold,67.2,67.3,-0.001486989121578297,0.00023264450203764795,0.005663282588812312
2022-08-10,2022-08-09,SJC_Gold,67.0,67.2,-0.0029806281381379307,0.00023264450203764795,0.005663282588812312
2022-08-11,2022-08-10,SJC_Gold,67.2,67.0,0.0029806281381379307,0.00023264450203764795,0.005663282588812312
2022-08-12,2022-08-11,SJC_Gold,67.3,67.2,0.001486989121578297,0.00023264450203764795,0.005663282588812312
2022-08-13,2022-08-12,SJC_Gold,67.6,67.3,0.0044477463982364185,0.00023264450203764795,0.005663282588812312
2022-08-14,2022-08-13,SJC_Gold,67.6,67.6,0.0,0.00023264450203764795,0.005663282588812312
2022-08-15,2022-08-14,SJC_Gold,67.1,67.6,-0.007423939071282248,0.00023264450203764795,0.005663282588812312
2022-08-16,2022-08-15,SJC_Gold,67.0,67.1,-0.001491424586670398,0.00023264450203764795,0.005663282588812312
2022-08-17,2022-08-16,SJC_Gold,67.2,67.0,0.0029806281381379307,0.00023264450203764795,0.005663282588812312
2022-08-18,2022-08-17,SJC_Gold,67.2,67.2,0.0,0.00023264450203764795,0.005663282588812312
2022-08-19,2022-08-18,SJC_Gold,67.2,67.2,0.0,0.00023264450203764795,0.005663282588812312
2022-08-20,2022-08-19,SJC_Gold,67.2,67.2,0.0,0.00023264450203764795,0.005663282588812312
2022-08-21,2022-08-20,SJC_Gold,67.2,67.2,0.0,0.00023264450203764795,0.005663282588812312
2022-08-22,2022-08-21,SJC_Gold,67.0,67.2,-0.0029806281381379307,0.00023264450203764795,0.005663282588812312
2022-08-23,2022-08-22,SJC_Gold,67.05,67.0,0.0007459903367221798,0.00023264450203764795,0.005663282588812312
2022-08-24,2022-08-23,SJC_Gold,67.1,67.05,0.000745434249948218,0.00023264450203764795,0.005663282588812312
2022-08-25,2022-08-24,SJC_Gold,66.85,67.1,-0.0037327404296840783,0.00023264450203764795,0.005663282588812312
2022-08-26,2022-08-25,SJC_Gold,66.9,66.85,0.0007476635862309067,0.00023264450203764795,0.005663282588812312
2022-08-27,2022-08-26,SJC_Gold,66.8,66.9,-0.001495886591582618,0.00023264450203764795,0.005663282588812312
2022-08-28,2022-08-27,SJC_Gold,66.8,66.8,0.0,0.00023264450203764795,0.005663282588812312
2022-08-29,2022-08-28,SJC_Gold,66.55,66.8,-0.0037495357014796227,0.00023264450203764795,0.005663282588812312
2022-08-30,2022-08-29,SJC_Gold,66.7,66.55,0.002251408080457651,0.00023264450203764795,0.005663282588812312
2022-08-31,2022-08-30,SJC_Gold,66.65,66.7,-0.0007499062968605585,0.00023264450203764795,0.005663282588812312
2022-09-01,2022-08-31,SJC_Gold,66.65,66.65,0.0,0.00023264450203764795,0.005663282588812312
2022-09-02,2022-09-01,SJC_Gold,66.65,66.65,0.0,0.00023264450203764795,0.005663282588812312
2022-09-03,2022-09-02,SJC_Gold,66.7,66.65,0.0007499062968605585,0.00023264450203764795,0.005663282588812312
2022-09-04,2022-09-03,SJC_Gold,66.7,66.7,0.0,0.00023264450203764795,0.005663282588812312
2022-09-05,2022-09-04,SJC_Gold,66.7,66.7,0.0,0.00023264450203764795,0.005663282588812312
2022-09-06,2022-09-05,SJC_Gold,66.8,66.7,0.0014981276210219718,0.00023264450203764795,0.005663282588812312
2022-09-07,2022-09-06,SJC_Gold,66.8,66.8,0.0,0.00023264450203764795,0.005663282588812312
2022-09-08,2022-09-07,SJC_Gold,66.95,66.8,0.0022429915945814116,0.00023264450203764795,0.005663282588812312
2022-09-09,2022-09-08,SJC_Gold,67.0,66.95,0.0007465472537839801,0.00023264450203764795,0.005663282588812312
2022-09-10,2022-09-09,SJC_Gold,66.95,67.0,-0.0007465472537839801,0.00023264450203764795,0.005663282588812312
2022-09-11,2022-09-10,SJC_Gold,66.95,66.95,0.0,0.00023264450203764795,0.005663282588812312
2022-09-12,2022-09-11,SJC_Gold,67.0,66.95,0.0007465472537839801,0.00023264450203764795,0.005663282588812312
2022-09-13,2022-09-12,SJC_Gold,67.05,67.0,0.0007459903367221798,0.00023264450203764795,0.005663282588812312
2022-09-14,2022-09-13,SJC_Gold,66.9,67.05,-0.0022396425935049535,0.00023264450203764795,0.005663282588812312
2022-09-15,2022-09-14,SJC_Gold,66.75,66.9,-0.0022446698538240994,0.00023264450203764795,0.005663282588812312
2022-09-16,2022-09-15,SJC_Gold,66.55,66.75,-0.0030007524392381413,0.00023264450203764795,0.005663282588812312
2022-09-17,2022-09-16,SJC_Gold,66.65,66.55,0.0015015017835970923,0.00023264450203764795,0.005663282588812312
2022-09-18,2022-09-17,SJC_Gold,66.65,66.65,0.0,0.00023264450203764795,0.005663282588812312
2022-09-19,2022-09-18,SJC_Gold,66.55,66.65,-0.0015015017835970923,0.00023264450203764795,0.005663282588812312
2022-09-20,2022-09-19,SJC_Gold,66.65,66.55,0.0015015017835970923,0.00023264450203764795,0.005663282588812312
2022-09-21,2022-09-20,SJC_Gold,66.75,66.65,0.001499250655641049,0.00023264450203764795,0.005663282588812312
2022-09-22,2022-09-21,SJC_Gold,66.6,66.75,-0.002249719734015443,0.00023264450203764795,0.005663282588812312
2022-09-23,2022-09-22,SJC_Gold,66.6,66.6,0.0,0.00023264450203764795,0.005663282588812312
2022-09-24,2022-09-23,SJC_Gold,66.6,66.6,0.0,0.00023264450203764795,0.005663282588812312
2022-09-25,2022-09-24,SJC_Gold,66.6,66.6,0.0,0.00023264450203764795,0.005663282588812312
2022-09-26,2022-09-25,SJC_Gold,66.4,66.6,-0.0030075210639548544,0.00023264450203764795,0.005663282588812312
2022-09-27,2022-09-26,SJC_Gold,65.6,66.4,-0.012121360532344916,0.00023264450203764795,0.005663282588812312
2022-09-28,2022-09-27,SJC_Gold,65.2,65.6,-0.006116227017436415,0.00023264450203764795,0.005663282588812312
2022-09-29,2022-09-28,SJC_Gold,65.55,65.2,0.00535374127710142,0.00023264450203764795,0.005663282588812312
2022-09-30,2022-09-29,SJC_Gold,66.4,65.55,0.01288384627267991,0.00023264450203764795,0.005663282588812312
2022-10-01,2022-09-30,SJC_Gold,66.4,66.4,0.0,0.00023264450203764795,0.005663282588812312
2022-10-02,2022-10-01,SJC_Gold,66.4,66.4,0.0,0.00023264450203764795,0.005663282588812312
2022-10-03,2022-10-02,SJC_Gold,66.2,66.4,-0.0030165935394261822,0.00023264450203764795,0.005663282588812312
2022-10-04,2022-10-03,SJC_Gold,66.4,66.2,0.0030165935394261822,0.00023264450203764795,0.005663282588812312
2022-10-05,2022-10-04,SJC_Gold,66.4,66.4,0.0,0.00023264450203764795,0.005663282588812312
2022-10-06,2022-10-05,SJC_Gold,65.7,66.4,-0.010598130991823496,0.00023264450203764795,0.005663282588812312
2022-10-07,2022-10-06,SJC_Gold,65.9,65.7,0.0030395160178962044,0.00023264450203764795,0.005663282588812312
2022-10-08,2022-10-07,SJC_Gold,66.5,65.9,0.009063506153347056,0.00023264450203764795,0.005663282588812312
2022-10-09,2022-10-08,SJC_Gold,66.5,66.5,0.0,0.00023264450203764795,0.005663282588812312
2022-10-10,2022-10-09,SJC_Gold,67.2,66.5,0.010471299867295336,0.00023264450203764795,0.005663282588812312
2022-10-11,2022-10-10,SJC_Gold,66.9,67.2,-0.004474280394920704,0.00023264450203764795,0.005663282588812312
2022-10-12,2022-10-11,SJC_Gold,66.9,66.9,0.0,0.00023264450203764795,0.005663282588812312
2022-10-13,2022-10-12,SJC_Gold,67.0,66.9,0.0014936522567827737,0.00023264450203764795,0.005663282588812312
2022-10-14,2022-10-13,SJC_Gold,67.2,67.0,0.0029806281381379307,0.00023264450203764795,0.005663282588812312
2022-10-15,2022-10-14,SJC_Gold,66.9,67.2,-0.004474280394920704,0.00023264450203764795,0.005663282588812312
2022-10-16,2022-10-15,SJC_Gold,66.9,66.9,0.0,0.00023264450203764795,0.005663282588812312
2022-10-17,2022-10-16,SJC_Gold,67.0,66.9,0.0014936522567827737,0.00023264450203764795,0.005663282588812312
2022-10-18,2022-10-17,SJC_Gold,67.1,67.0,0.001491424586670398,0.00023264450203764795,0.005663282588812312
2022-10-19,2022-10-18,SJC_Gold,67.0,67.1,-0.001491424586670398,0.00023264450203764795,0.005663282588812312
2022-10-20,2022-10-19,SJC_Gold,67.2,67.0,0.0029806281381379307,0.00023264450203764795,0.005663282588812312
2022-10-21,2022-10-20,SJC_Gold,67.3,67.2,0.001486989121578297,0.00023264450203764795,0.005663282588812312
2022-10-22,2022-10-21,SJC_Gold,67.5,67.3,0.0029673612278022787,0.00023264450203764795,0.005663282588812312
2022-10-23,2022-10-22,SJC_Gold,67.5,67.5,0.0,0.00023264450203764795,0.005663282588812312
2022-10-24,2022-10-23,SJC_Gold,67.3,67.5,-0.0029673612278022787,0.00023264450203764795,0.005663282588812312
2022-10-25,2022-10-24,SJC_Gold,67.2,67.3,-0.001486989121578297,0.00023264450203764795,0.005663282588812312
2022-10-26,2022-10-25,SJC_Gold,67.4,67.2,0.002971770389157413,0.00023264450203764795,0.005663282588812312
2022-10-27,2022-10-26,SJC_Gold,67.2,67.4,-0.002971770389157413,0.00023264450203764795,0.005663282588812312
2022-10-28,2022-10-27,SJC_Gold,67.1,67.2,-0.0014892035514675328,0.00023264450203764795,0.005663282588812312
2022-10-29,2022-10-28,SJC_Gold,67.1,67.1,0.0,0.00023264450203764795,0.005663282588812312
2022-10-30,2022-10-29,SJC_Gold,67.1,67.1,0.0,0.00023264450203764795,0.005663282588812312
2022-10-31,2022-10-30,SJC_Gold,67.0,67.1,-0.001491424586670398,0.00023264450203764795,0.005663282588812312
2022-11-01,2022-10-31,SJC_Gold,67.1,67.0,0.001491424586670398,0.00023264450203764795,0.005663282588812312
2022-11-02,2022-11-01,SJC_Gold,67.2,67.1,0.0014892035514675328,0.00023264450203764795,0.005663282588812312
2022-11-03,2022-11-02,SJC_Gold,67.0,67.2,-0.0029806281381379307,0.00023264450203764795,0.005663282588812312
2022-11-04,2022-11-03,SJC_Gold,67.3,67.0,0.004467617259716228,0.00023264450203764795,0.005663282588812312
2022-11-05,2022-11-04,SJC_Gold,67.7,67.3,0.00592594326754714,0.00023264450203764795,0.005663282588812312
2022-11-06,2022-11-05,SJC_Gold,67.7,67.7,0.0,0.00023264450203764795,0.005663282588812312
2022-11-07,2022-11-06,SJC_Gold,67.3,67.7,-0.00592594326754714,0.00023264450203764795,0.005663282588812312
2022-11-08,2022-11-07,SJC_Gold,67.2,67.3,-0.001486989121578297,0.00023264450203764795,0.005663282588812312
2022-11-09,2022-11-08,SJC_Gold,67.5,67.2,0.004454350349380576,0.00023264450203764795,0.005663282588812312
2022-11-10,2022-11-09,SJC_Gold,67.3,67.5,-0.0029673612278022787,0.00023264450203764795,0.005663282588812312
2022-11-11,2022-11-10,SJC_Gold,67.6,67.3,0.0044477463982364185,0.00023264450203764795,0.005663282588812312
2022-11-12,2022-11-11,SJC_Gold,67.6,67.6,0.0,0.00023264450203764795,0.005663282588812312
2022-11-13,2022-11-12,SJC_Gold,67.6,67.6,0.0,0.00023264450203764795,0.005663282588812312
2022-11-14,2022-11-13,SJC_Gold,67.5,67.6,-0.0014803851704341398,0.00023264450203764795,0.005663282588812312
2022-11-15,2022-11-14,SJC_Gold,67.7,67.5,0.0029585820397448614,0.00023264450203764795,0.005663282588812312
2022-11-16,2022-11-15,SJC_Gold,67.7,67.7,0.0,0.00023264450203764795,0.005663282588812312
2022-11-17,2022-11-16,SJC_Gold,67.7,67.7,0.0,0.00023264450203764795,0.005663282588812312
2022-11-18,2022-11-17,SJC_Gold,67.6,67.7,-0.0014781968693107217,0.00023264450203764795,0.005663282588812312
2022-11-19,2022-11-18,SJC_Gold,67.6,67.6,0.0,0.00023264450203764795,0.005663282588812312
2022-11-20,2022-11-19,SJC_Gold,67.6,67.6,0.0,0.00023264450203764795,0.005663282588812312
2022-11-21,2022-11-20,SJC_Gold,67.5,67.6,-0.0014803851704341398,0.00023264450203764795,0.005663282588812312
2022-11-22,2022-11-21,SJC_Gold,67.5,67.5,0.0,0.00023264450203764795,0.005663282588812312
2022-11-23,2022-11-22,SJC_Gold,67.5,67.5,0.0,0.00023264450203764795,0.005663282588812312
2022-11-24,2022-11-23,SJC_Gold,67.6,67.5,0.0014803851704341398,0.00023264450203764795,0.005663282588812312
2022-11-25,2022-11-24,SJC_Gold,67.7,67.6,0.0014781968693107217,0.00023264450203764795,0.005663282588812312
2022-11-26,2022-11-25,SJC_Gold,67.6,67.7,-0.0014781968693107217,0.00023264450203764795,0.005663282588812312
2022-11-27,2022-11-26,SJC_Gold,67.6,67.6,0.0,0.00023264450203764795,0.005663282588812312
2022-11-28,2022-11-27,SJC_Gold,67.45,67.6,-0.0022214003951530614,0.00023264450203764795,0.005663282588812312
2022-11-29,2022-11-28,SJC_Gold,67.3,67.45,-0.002226346003083357,0.00023264450203764795,0.005663282588812312
2022-11-30,2022-11-29,SJC_Gold,67.3,67.3,0.0,0.00023264450203764795,0.005663282588812312
2022-12-01,2022-11-30,SJC_Gold,67.15,67.3,-0.002231313681435587,0.00023264450203764795,0.005663282588812312
2022-12-02,2022-12-01,SJC_Gold,67.0,67.15,-0.0022363035782806406,0.00023264450203764795,0.005663282588812312
2022-12-03,2022-12-02,SJC_Gold,66.95,67.0,-0.0007465472537839801,0.00023264450203764795,0.005663282588812312
2022-12-04,2022-12-03,SJC_Gold,66.95,66.95,0.0,0.00023264450203764795,0.005663282588812312
2022-12-05,2022-12-04,SJC_Gold,67.05,66.95,0.00149253759050616,0.00023264450203764795,0.005663282588812312
2022-12-06,2022-12-05,SJC_Gold,67.15,67.05,0.0014903132415584608,0.00023264450203764795,0.005663282588812312
2022-12-07,2022-12-06,SJC_Gold,66.9,67.15,-0.0037299558350634143,0.00023264450203764795,0.005663282588812312
2022-12-08,2022-12-07,SJC_Gold,67.15,66.9,0.0037299558350634143,0.00023264450203764795,0.005663282588812312
2022-12-09,2022-12-08,SJC_Gold,67.1,67.15,-0.0007448789916102427,0.00023264450203764795,0.005663282588812312
2022-12-10,2022-12-09,SJC_Gold,67.25,67.1,0.0022329745043121463,0.00023264450203764795,0.005663282588812312
2022-12-11,2022-12-10,SJC_Gold,67.25,67.25,0.0,0.00023264450203764795,0.005663282588812312
2022-12-12,2022-12-11,SJC_Gold,67.2,67.25,-0.0007437709528446135,0.00023264450203764795,0.005663282588812312
2022-12-13,2022-12-12,SJC_Gold,66.9,67.2,-0.004474280394920704,0.00023264450203764795,0.005663282588812312
2022-12-14,2022-12-13,SJC_Gold,67.0,66.9,0.0014936522567827737,0.00023264450203764795,0.005663282588812312
2022-12-15,2022-12-14,SJC_Gold,66.8,67.0,-0.0029895388483653917,0.00023264450203764795,0.005663282588812312
2022-12-16,2022-12-15,SJC_Gold,66.9,66.8,0.001495886591582618,0.00023264450203764795,0.005663282588812312
2022-12-17,2022-12-16,SJC_Gold,67.0,66.9,0.0014936522567827737,0.00023264450203764795,0.005663282588812312
2022-12-18,2022-12-17,SJC_Gold,67.0,67.0,0.0,0.00023264450203764795,0.005663282588812312
2022-12-19,2022-12-18,SJC_Gold,67.0,67.0,0.0,0.00023264450203764795,0.005663282588812312
2022-12-20,2022-12-19,SJC_Gold,67.2,67.0,0.0029806281381379307,0.00023264450203764795,0.005663282588812312
2022-12-21,2022-12-20,SJC_Gold,66.8,67.2,-0.0059701669865033224,0.00023264450203764795,0.005663282588812312
2022-12-22,2022-12-21,SJC_Gold,66.9,66.8,0.001495886591582618,0.00023264450203764795,0.005663282588812312
2022-12-23,2022-12-22,SJC_Gold,66.9,66.9,0.0,0.00023264450203764795,0.005663282588812312
2022-12-24,2022-12-23,SJC_Gold,66.95,66.9,0.0007471050029987936,0.00023264450203764795,0.005663282588812312
2022-12-25,2022-12-24,SJC_Gold,66.95,66.95,0.0,0.00023264450203764795,0.005663282588812312
2022-12-26,2022-12-25,SJC_Gold,66.9,66.95,-0.0007471050029987936,0.00023264450203764795,0.005663282588812312
2022-12-27,2022-12-26,SJC_Gold,66.6,66.9,-0.004494389587839542,0.00023264450203764795,0.005663282588812312
2022-12-28,2022-12-27,SJC_Gold,66.7,66.6,0.0015003753752349525,0.00023264450203764795,0.005663282588812312
2022-12-29,2022-12-28,SJC_Gold,66.7,66.7,0.0,0.00023264450203764795,0.005663282588812312
2022-12-30,2022-12-29,SJC_Gold,66.7,66.7,0.0,0.00023264450203764795,0.005663282588812312
2022-12-31,2022-12-30,SJC_Gold,67.0,66.7,0.004487666469387364,0.00023264450203764795,0.005663282588812312
2023-01-01,2022-12-31,SJC_Gold,67.0,67.0,0.0,0.00023264450203764795,0.005663282588812312
2023-01-02,2023-01-01,SJC_Gold,67.0,67.0,0.0,0.00023264450203764795,0.005663282588812312
2023-01-03,2023-01-02,SJC_Gold,67.1,67.0,0.001491424586670398,0.00023264450203764795,0.005663282588812312
2023-01-04,2023-01-03,SJC_Gold,67.3,67.1,0.00297619267304583,0.00023264450203764795,0.005663282588812312
2023-01-05,2023-01-04,SJC_Gold,67.0,67.3,-0.004467617259716228,0.00023264450203764795,0.005663282588812312
2023-01-06,2023-01-05,SJC_Gold,67.1,67.0,0.001491424586670398,0.00023264450203764795,0.005663282588812312
2023-01-07,2023-01-06,SJC_Gold,67.25,67.1,0.0022329745043121463,0.00023264450203764795,0.005663282588812312
2023-01-08,2023-01-07,SJC_Gold,67.25,67.25,0.0,0.00023264450203764795,0.005663282588812312
2023-01-09,2023-01-08,SJC_Gold,66.8,67.25,-0.006713937939347936,0.00023264450203764795,0.005663282588812312
2023-01-10,2023-01-09,SJC_Gold,66.9,66.8,0.001495886591582618,0.00023264450203764795,0.005663282588812312
2023-01-11,2023-01-10,SJC_Gold,66.95,66.9,0.0007471050029987936,0.00023264450203764795,0.005663282588812312
2023-01-12,2023-01-11,SJC_Gold,67.0,66.95,0.0007465472537839801,0.00023264450203764795,0.005663282588812312
2023-01-13,2023-01-12,SJC_Gold,67.3,67.0,0.004467617259716228,0.00023264450203764795,0.005663282588812312
2023-01-14,2023-01-13,SJC_Gold,67.4,67.3,0.001484781267579116,0.00023264450203764795,0.005663282588812312
2023-01-15,2023-01-14,SJC_Gold,67.4,67.4,0.0,0.00023264450203764795,0.005663282588812312
2023-01-16,2023-01-15,SJC_Gold,67.2,67.4,-0.002971770389157413,0.00023264450203764795,0.005663282588812312
2023-01-17,2023-01-16,SJC_Gold,67.5,67.2,0.004454350349380576,0.00023264450203764795,0.005663282588812312
2023-01-18,2023-01-17,SJC_Gold,67.6,67.5,0.0014803851704341398,0.00023264450203764795,0.005663282588812312
2023-01-19,2023-01-18,SJC_Gold,67.9,67.6,0.004428051515732001,0.00023264450203764795,0.005663282588812312
2023-01-20,2023-01-19,SJC_Gold,67.9,67.9,0.0,0.00023264450203764795,0.005663282588812312
2023-01-21,2023-01-20,SJC_Gold,67.9,67.9,0.0,0.00023264450203764795,0.005663282588812312
2023-01-22,2023-01-21,SJC_Gold,67.9,67.9,0.0,0.00023264450203764795,0.005663282588812312
2023-01-23,2023-01-22,SJC_Gold,67.9,67.9,0.0,0.00023264450203764795,0.005663282588812312
2023-01-24,2023-01-23,SJC_Gold,67.9,67.9,0.0,0.00023264450203764795,0.005663282588812312
2023-01-25,2023-01-24,SJC_Gold,67.9,67.9,0.0,0.00023264450203764795,0.005663282588812312
2023-01-26,2023-01-25,SJC_Gold,67.9,67.9,0.0,0.00023264450203764795,0.005663282588812312
2023-01-27,2023-01-26,SJC_Gold,68.5,67.9,0.008797710703529305,0.00023264450203764795,0.005663282588812312
2023-01-28,2023-01-27,SJC_Gold,68.4,68.5,-0.0014609206396745122,0.00023264450203764795,0.005663282588812312
2023-01-29,2023-01-28,SJC_Gold,68.2,68.4,-0.0029282597790887266,0.00023264450203764795,0.005663282588812312
2023-01-30,2023-01-29,SJC_Gold,67.4,68.2,-0.011799546931155369,0.00023264450203764795,0.005663282588812312
2023-01-31,2023-01-30,SJC_Gold,67.6,67.4,0.0029629651306573024,0.00023264450203764795,0.005663282588812312
2023-02-01,2023-01-31,SJC_Gold,67.4,67.6,-0.0029629651306573024,0.00023264450203764795,0.005663282588812312
2023-02-02,2023-02-01,SJC_Gold,67.8,67.4,0.005917177028088361,0.00023264450203764795,0.005663282588812312
2023-02-03,2023-02-02,SJC_Gold,67.5,67.8,-0.004434597067865198,0.00023264450203764795,0.005663282588812312
2023-02-04,2023-02-03,SJC_Gold,67.4,67.5,-0.0014825799602231626,0.00023264450203764795,0.005663282588812312
2023-02-05,2023-02-04,SJC_Gold,67.4,67.4,0.0,0.00023264450203764795,0.005663282588812312
2023-02-06,2023-02-05,SJC_Gold,67.2,67.4,-0.002971770389157413,0.00023264450203764795,0.005663282588812312
2023-02-07,2023-02-06,SJC_Gold,67.35,67.2,0.0022296553272695974,0.00023264450203764795,0.005663282588812312
2023-02-08,2023-02-07,SJC_Gold,67.5,67.35,0.0022246950221109785,0.00023264450203764795,0.005663282588812312
2023-02-09,2023-02-08,SJC_Gold,67.35,67.5,-0.0022246950221109785,0.00023264450203764795,0.005663282588812312
2023-02-10,2023-02-09,SJC_Gold,67.3,67.35,-0.0007426662056913003,0.00023264450203764795,0.005663282588812312
2023-02-11,2023-02-10,SJC_Gold,67.4,67.3,0.001484781267579116,0.00023264450203764795,0.005663282588812312
2023-02-12,2023-02-11,SJC_Gold,67.4,67.4,0.0,0.00023264450203764795,0.005663282588812312
2023-02-13,2023-02-12,SJC_Gold,67.25,67.4,-0.0022279994363127997,0.00023264450203764795,0.005663282588812312
2023-02-14,2023-02-13,SJC_Gold,67.4,67.25,0.0022279994363127997,0.00023264450203764795,0.005663282588812312
2023-02-15,2023-02-14,SJC_Gold,67.2,67.4,-0.002971770389157413,0.00023264450203764795,0.005663282588812312
2023-02-16,2023-02-15,SJC_Gold,67.15,67.2,-0.0007443245598572901,0.00023264450203764795,0.005663282588812312
2023-02-17,2023-02-16,SJC_Gold,67.05,67.15,-0.0014903132415584608,0.00023264450203764795,0.005663282588812312
2023-02-18,2023-02-17,SJC_Gold,67.1,67.05,0.000745434249948218,0.00023264450203764795,0.005663282588812312
2023-02-19,2023-02-18,SJC_Gold,67.1,67.1,0.0,0.00023264450203764795,0.005663282588812312
2023-02-20,2023-02-19,SJC_Gold,67.1,67.1,0.0,0.00023264450203764795,0.005663282588812312
2023-02-21,2023-02-20,SJC_Gold,67.0,67.1,-0.001491424586670398,0.00023264450203764795,0.005663282588812312
2023-02-22,2023-02-21,SJC_Gold,67.1,67.0,0.001491424586670398,0.00023264450203764795,0.005663282588812312
2023-02-23,2023-02-22,SJC_Gold,67.0,67.1,-0.001491424586670398,0.00023264450203764795,0.005663282588812312
2023-02-24,2023-02-23,SJC_Gold,67.0,67.0,0.0,0.00023264450203764795,0.005663282588812312
2023-02-25,2023-02-24,SJC_Gold,66.9,67.0,-0.0014936522567827737,0.00023264450203764795,0.005663282588812312
2023-02-26,2023-02-25,SJC_Gold,66.9,66.9,0.0,0.00023264450203764795,0.005663282588812312
2023-02-27,2023-02-26,SJC_Gold,66.75,66.9,-0.0022446698538240994,0.00023264450203764795,0.005663282588812312
2023-02-28,2023-02-27,SJC_Gold,66.8,66.75,0.0007487832622414814,0.00023264450203764795,0.005663282588812312
2023-03-01,2023-02-28,SJC_Gold,66.95,66.8,0.0022429915945814116,0.00023264450203764795,0.005663282588812312
2023-03-02,2023-03-01,SJC_Gold,66.85,66.95,-0.0014947685892297002,0.00023264450203764795,0.005663282588812312
2023-03-03,2023-03-02,SJC_Gold,66.8,66.85,-0.0007482230053517114,0.00023264450203764795,0.005663282588812312
2023-03-04,2023-03-03,SJC_Gold,66.9,66.8,0.001495886591582618,0.00023264450203764795,0.005663282588812312
2023-03-05,2023-03-04,SJC_Gold,66.9,66.9,0.0,0.00023264450203764795,0.005663282588812312
2023-03-06,2023-03-05,SJC_Gold,66.85,66.9,-0.0007476635862309067,0.00023264450203764795,0.005663282588812312
2023-03-07,2023-03-06,SJC_Gold,66.7,66.85,-0.002246350626373683,0.00023264450203764795,0.005663282588812312
2023-03-08,2023-03-07,SJC_Gold,66.55,66.7,-0.002251408080457651,0.00023264450203764795,0.005663282588812312
2023-03-09,2023-03-08,SJC_Gold,66.55,66.55,0.0,0.00023264450203764795,0.005663282588812312
2023-03-10,2023-03-09,SJC_Gold,66.55,66.55,0.0,0.00023264450203764795,0.005663282588812312
2023-03-11,2023-03-10,SJC_Gold,66.8,66.55,0.0037495357014796227,0.00023264450203764795,0.005663282588812312
2023-03-12,2023-03-11,SJC_Gold,66.8,66.8,0.0,0.00023264450203764795,0.005663282588812312
2023-03-13,2023-03-12,SJC_Gold,67.0,66.8,0.0029895388483653917,0.00023264450203764795,0.005663282588812312
2023-03-14,2023-03-13,SJC_Gold,66.85,67.0,-0.0022413158430136804,0.00023264450203764795,0.005663282588812312
2023-03-15,2023-03-14,SJC_Gold,66.65,66.85,-0.0029962569232342418,0.00023264450203764795,0.005663282588812312
2023-03-16,2023-03-15,SJC_Gold,67.0,66.65,0.005237572766247922,0.00023264450203764795,0.005663282588812312
2023-03-17,2023-03-16,SJC_Gold,67.15,67.0,0.0022363035782806406,0.00023264450203764795,0.005663282588812312
2023-03-18,2023-03-17,SJC_Gold,67.5,67.15,0.005198674909237866,0.00023264450203764795,0.005663282588812312
2023-03-19,2023-03-18,SJC_Gold,67.5,67.5,0.0,0.00023264450203764795,0.005663282588812312
2023-03-20,2023-03-19,SJC_Gold,67.6,67.5,0.0014803851704341398,0.00023264450203764795,0.005663282588812312
2023-03-21,2023-03-20,SJC_Gold,67.3,67.6,-0.0044477463982364185,0.00023264450203764795,0.005663282588812312
2023-03-22,2023-03-21,SJC_Gold,67.15,67.3,-0.002231313681435587,0.00023264450203764795,0.005663282588812312
2023-03-23,2023-03-22,SJC_Gold,67.25,67.15,0.0014880955127019035,0.00023264450203764795,0.005663282588812312
2023-03-24,2023-03-23,SJC_Gold,67.35,67.25,0.0014858843744249839,0.00023264450203764795,0.005663282588812312
2023-03-25,2023-03-24,SJC_Gold,67.3,67.35,-0.0007426662056913003,0.00023264450203764795,0.005663282588812312
2023-03-26,2023-03-25,SJC_Gold,67.3,67.3,0.0,0.00023264450203764795,0.005663282588812312
2023-03-27,2023-03-26,SJC_Gold,67.35,67.3,0.0007426662056913003,0.00023264450203764795,0.005663282588812312
2023-03-28,2023-03-27,SJC_Gold,67.15,67.35,-0.0029739798871268874,0.00023264450203764795,0.005663282588812312
